ply
format ascii 1.0
element vertex 10249
property float x
property float y
property float z
property uchar red
property uchar green
property uchar blue
end_header
-5.51782693499734 -4.411976900426413 -3.578881831286916 175 175 175
-6.123842869332279 -4.926183422475246 -1.7205679542001142 159 159 159
-6.054037997675349 -4.90220704405004 -1.720726170424779 163 163 163
-6.054037997675349 -4.90220704405004 -1.720726170424779 163 163 163
-6.035224830943156 -4.930904098914637 -1.6590565973960172 151 151 151
-6.023157419385689 -4.950519587727937 -1.610777091796208 152 152 152
-5.978767705171018 -5.025825339544117 -1.6255346510150464 165 166 166
-6.33728341430993 -5.256340596017665 -0.48842790002335995 225 225 226
-5.966121376262792 -5.030489806815042 -1.323839359111794 161 161 161
-6.330048939654175 -5.288644285351065 -0.4158068177390417 219 217 218
-6.069330662169366 -5.119436390883185 -1.031524258094347 188 188 190
-6.340897697658913 -5.264990517227481 -0.2666823514673917 227 227 227
-6.263205011846362 -5.345558222806556 -0.4952738135034717 178 178 180
-5.925679588170525 -5.036205624771777 -1.2007321938514413 147 149 148
-5.925679588170525 -5.036205624771777 -1.2007321938514413 147 149 148
-6.6289001308122835 -4.843634707220077 0.8098547432862104 165 160 155
-6.311839594268444 -5.366571561348942 -0.3024774242356693 165 160 155
-5.868676720811667 -5.079367354764532 -1.1992886677671837 155 155 155
-6.146804142135475 -5.26408315796759 -0.36421681397686856 216 216 219
-6.096457968803295 -5.330152173530422 -0.45842979217476265 149 149 152
-6.096457968803295 -5.330152173530422 -0.45842979217476265 149 149 152
-6.04415809175345 -5.254604614110658 -0.42927200948251404 172 172 173
-6.04415809175345 -5.254604614110658 -0.42927200948251404 172 172 173
-5.784240816282834 -5.090134128488669 -0.9542699088124528 171 171 173
-5.911866167876958 -5.240422926290807 -0.4991185003878621 181 181 183
-5.911866167876958 -5.240422926290807 -0.4991185003878621 181 181 183
-5.365123245151627 -4.99521299666785 -1.7022271032620686 190 190 192
-5.8339153912201285 -5.258817812033519 -0.5560326999893548 166 166 168
-5.3921282794435745 -4.962315918449055 -1.5280074178353382 218 220 221
-5.69331244346011 -5.123863294478896 -0.8276138026016887 181 181 184
-5.757711895613887 -5.179873834975271 -0.6606776780169276 217 217 219
-5.3445680189516755 -4.996545371202541 -1.5579456855438931 150 152 154
-5.3445680189516755 -4.996545371202541 -1.5579456855438931 150 152 154
-5.128560929999348 -4.815070216404501 -1.9222760119375952 146 146 148
-5.719352866621744 -5.1347762608059675 -0.5874286696384377 212 212 215
-5.014206328345588 -4.798225100209664 -2.1131635816487657 139 142 143
-5.712158270237415 -5.202245533181257 -0.5737824475585487 214 214 216
-5.015561842848893 -4.815251090286316 -2.041894423531949 164 167 168
-5.460068696853704 -5.239421089147708 -0.7695520897545154 144 144 145
-5.654118583444858 -5.30524413256732 -0.2538732211216932 219 219 219
-5.605600446694139 -5.302731676463835 -0.29020167139138703 144 144 146
-5.608716839136956 -5.349028129674289 -0.2967283532829519 217 217 217
-4.986285290430808 -4.974206467634628 -1.493855331409511 177 177 179
-5.568896073412219 -5.307646767500783 -0.14361101052315517 135 135 137
-5.527780364802412 -5.3068911440280475 -0.19921437661765237 216 218 219
-5.506229268182699 -5.3819767984697835 -0.15285479404768346 140 140 143
-5.457666104538235 -5.404267113985465 -0.2345658760729753 217 219 220
-5.556139058046992 -5.328851976293815 0.06873165097037004 217 217 218
-5.394219534514687 -5.308021806603023 -0.2704103259850183 164 164 167
-5.394219534514687 -5.308021806603023 -0.2704103259850183 164 164 167
-5.513711124595554 -5.341544019641158 0.06201325057655118 145 145 147
-4.972134272424389 -5.364735915576937 0.010384202196558279 154 154 156
-2.0960249545997636 2.247409959361055 -2.5914258229677825 211 211 207
-2.824417604724267 -0.4659368875541883 -2.1541066382827 66 88 23
-2.8810204151685155 -1.3137578805239778 -2.270321549289272 109 118 75
-2.8831468466391827 -1.5480656210711654 -2.120151870857892 112 120 78
-4.815526249968581 -5.4705432456228325 0.27040579392429 152 154 155
-4.759665560483728 -5.435707287357449 0.26546992249238044 154 156 157
-2.8315900860580707 -2.0905187829359426 -2.0870359003485577 82 96 58
-3.0844417659101064 -3.822092448451193 -2.1798511800330047 125 131 113
-3.1272653660269305 -3.344556160505996 -1.8504899113686792 133 145 114
-2.1026400728841432 2.387867467126371 -1.4185126145841864 108 134 72
-3.360614886810988 -3.5300950504508535 -1.2812975803736397 65 84 36
-2.6814220902058112 -0.23074552914694363 -1.2402018076749273 115 144 73
-2.5736944849742813 0.5848966401374562 -1.110629848678197 72 100 65
-2.924497692736098 -2.5155229422029697 -1.6247268824748946 35 59 28
-2.868012617908124 -1.0303089134002794 -1.1146318806624977 102 124 54
-3.83284898330044 -4.329630395286095 -0.5001531908626762 58 84 37
-2.063282013170456 2.261853774101939 -1.2486497464494282 88 117 61
-4.5955363462800785 -5.545803562741785 0.5029967830447589 184 186 187
-2.780749257102511 -0.4628292668683954 -0.8719860989875508 112 136 60
-3.4716241449450855 -3.584981491781322 -0.7603756463477473 134 151 120
-2.292225303961373 1.0913570599733058 -1.1778295384098865 135 160 71
-3.6036151839889885 -3.6286051418571117 -0.5010746789276701 49 73 31
-3.5349268834672714 -3.619037816429598 -0.6201195411826265 56 79 41
-4.163380974580607 -4.849445905339462 0.07878511089584618 67 85 50
-2.563219669333388 -0.24284951895862997 -1.1178940447860761 64 97 17
-3.3771788508039595 -3.384109336687065 -0.7140147297548749 123 137 99
-3.65563672869756 -4.1571008599947294 -0.4750323164536456 63 82 47
-4.226774013954742 -5.049293996820161 0.26559381969699164 69 93 50
-2.574219140965007 -0.3305214222760972 -0.8295078950410626 53 81 34
-2.6075971266238014 -0.4185493334153407 -0.7886479824119462 59 88 39
-4.233569389413758 -5.460083250287147 0.26843833224228125 133 135 137
-4.233569389413758 -5.460083250287147 0.26843833224228125 133 135 137
-1.0902043253068656 5.076661495638468 -1.4189164722809529 224 221 208
-2.515681390749303 -0.27805498646256627 -0.8142558065559748 58 83 43
-2.7040527639979475 -2.1641765303643763 -1.1444371951315913 102 128 44
-2.7040527639979475 -2.1641765303643763 -1.1444371951315913 102 128 44
-4.2575408307933005 -5.491280367748294 0.4042719896182246 175 178 176
-1.011839328210608 5.000304599681143 -1.4795772141616834 46 41 34
-1.14327704923258 5.531326267333103 -1.0211539241053285 230 225 219
-3.3371618508088714 -3.12438823159982 -0.2905662990937205 58 77 40
-1.1337289459516617 5.238962547061825 -1.1126099774122138 114 108 103
-3.5386846430983407 -3.4946198722536157 -0.027206615636092984 146 160 112
-2.279571136291279 0.4508650123288764 -0.7962777420989449 67 99 12
-3.57340901738471 -3.7560683667656236 -0.040497735357863315 121 136 91
-3.745744698341258 -4.5902709712131715 -0.01463127717419151 52 70 35
-1.1530910706132276 4.97866828993076 -1.0899396440463858 102 98 94
-1.1530910706132276 4.97866828993076 -1.0899396440463858 102 98 94
-4.43387007473964 -5.615529700755698 0.827053984671389 143 146 147
-1.129001868996122 4.770345071720562 -1.1936998385913855 130 126 120
-1.129001868996122 4.770345071720562 -1.1936998385913855 130 126 120
-0.6846791143692046 4.606470222062351 -1.990121428262273 218 215 207
-0.9579918653693182 4.760182701537118 -1.431722549799544 6 4 1
-1.1434068003735252 4.756312839248505 -1.1080276977557508 17 14 10
-4.241036593492318 -5.5550081853012285 0.5852245373534685 175 177 174
-4.249603839855771 -5.481137551144518 0.6329247731333415 64 69 61
-1.097486153709355 4.716846288377799 -1.0677423398513344 5 5 4
-2.1652696341019144 -0.08121606141895935 -0.9436733227977897 136 158 90
-1.7179072647929436 1.3155051683141676 -1.2122277869143927 96 127 24
-1.0666285111703313 4.680551639324261 -1.100826406967962 76 74 73
-1.1790550840778207 4.993204899001814 -0.7887391721941535 90 84 71
-0.8348668332192388 5.76655070146009 -1.0773291181805698 50 48 45
-2.54990301088277 -0.36990830626409743 -0.2523279382252873 37 71 18
-1.0694996243106027 4.575634947725827 -1.009453897092291 25 21 16
-1.1212000236350894 4.787314350565102 -0.8460954708975224 13 13 16
-1.1176967685534556 4.884583359923943 -0.783334734780555 8 5 6
-4.206116520829211 -5.3717254615064665 0.845425171869079 98 113 95
-4.248026658575232 -5.3261396715432445 0.9368156948667729 98 113 95
-2.4525573918240537 -0.6014102183282415 -0.44173140336848893 38 72 20
-1.1422217074959844 4.9695955160949135 -0.6832660887899824 9 7 13
-1.0849120652982394 4.553146854779228 -0.9239331462984316 14 11 3
-2.4667811070704535 -0.25505106662535104 -0.27389484262162234 66 91 68
-1.1761712137853169 5.182563933677561 -0.5248886284150542 163 157 127
-1.169000345716811 5.185717986702923 -0.5362462229826972 163 157 127
-1.0944756598966123 5.369134638863736 -0.5809944115413985 7 5 10
-1.0260644447818164 5.3340757014311135 -0.695754003311523 23 20 15
-1.9580609462597942 -1.6214267042459856 -1.5782509892609264 88 117 26
-1.091220083837053 4.670743808846698 -0.8135862724404085 153 147 131
-2.4369606057184923 -0.2130790936636807 -0.25955543226215044 61 86 60
-1.1465528892089054 5.208325571628761 -0.514197480166878 37 31 12
-1.1490694908387475 5.207356261719398 -0.5102097220816072 37 31 12
-1.0106020397755195 4.509749326515903 -0.9601769297288755 164 159 135
-1.0776482499236608 5.36146076224886 -0.5363218264653493 19 19 23
-1.080511136472741 5.360910273431947 -0.5314408973291416 19 19 23
-1.0954171099358903 2.8394065289077335 -1.3742664259058863 133 159 116
-0.6761416014020443 3.279972461100819 -1.924368580122222 203 200 189
-1.1222408620445643 4.807853972228508 -0.6246831552015287 12 8 2
-1.7182099361322427 1.234094151307861 -0.8656319764573084 144 167 71
-1.14910044444588 2.7574774943028335 -1.2797092562738117 45 79 26
-1.149400218302278 5.279055239916351 -0.3740650057685492 6 6 8
-1.0780978096749054 5.269470659792442 -0.4978746664190397 106 103 101
-2.409621444214455 -0.2571948437048138 -0.2068736017189063 66 99 53
-1.2631235823549567 2.665645714857424 -1.032574974238442 55 83 44
-0.9631247039689886 4.379701183532451 -0.9237384085675608 102 92 68
-1.0711643657635237 4.58462676905751 -0.6713841467175201 99 93 78
-1.0870592844364415 4.642671277849673 -0.6180576979151602 180 173 147
-1.082972336499417 4.644293652237909 -0.6244968343525963 180 173 147
-1.082972336499417 4.644293652237909 -0.6244968343525963 180 173 147
-1.7694271704214597 0.2529673444785329 -0.9976491745770375 108 137 56
-2.334613934154401 -2.268291978656127 -0.925448387248091 33 61 18
-0.9618576382022436 4.755728298290731 -0.7333994790127583 6 4 5
-1.1240051682490988 5.05742371200173 -0.3513681163101717 204 195 160
-1.0886954185605795 4.835815754974653 -0.46985165190132705 4 2 4
-1.8995027816701449 0.1077072245818306 -0.7498093123459839 61 102 19
-0.9102517529274323 4.265162909481634 -0.9337146342331295 179 172 154
-2.263428538758952 -2.0977844146518847 -0.9007508179304673 43 72 27
-1.0602466793472658 4.876437889297467 -0.44278210533298795 29 28 21
-0.9608679065455786 4.415365694861551 -0.7408938061744016 136 131 113
-0.37184551701701224 3.3928010023393136 -2.0467165167337926 205 202 192
-1.0362299575131486 4.609469762459932 -0.5249221953355337 2 0 1
-1.6627190572942474 0.9438993312091986 -0.7623178371534044 111 138 53
-2.302135720478836 -0.7894457615633779 -0.29292915039417294 65 94 15
-2.272110218819672 -1.3001131644016677 -0.5114061247064648 36 69 9
-2.272110218819672 -1.3001131644016677 -0.5114061247064648 36 69 9
-2.0925465793174505 -1.3600048390659745 -0.7651173148866298 76 105 56
-2.0620556512911423 -1.4580685592333016 -0.8365127148979785 87 116 60
-1.0518685215539059 4.781968685066041 -0.3250292019171997 10 8 2
-2.0959987817937056 -1.5493325756709209 -0.7794924604224771 82 112 51
-2.1078159962911602 -1.716129167917159 -0.8108441778764762 73 103 38
-1.595662702839611 0.7670585054399051 -0.7767833939524128 125 148 72
-0.9652279577131592 4.419287991102311 -0.5294434054510341 100 97 83
-0.8481107064222335 3.3786108624433755 -1.0615728786140088 167 163 142
-2.237063348272362 -0.6017181454914065 -0.17607832567635132 117 133 41
-0.9275915543110947 4.584839698797627 -0.5103731748651342 4 2 1
-4.230348059938585 -5.7237104020561365 1.30760952028278 164 167 168
-0.6876295204084764 3.294093992158462 -1.3053636281744732 112 114 77
-0.8725261007107066 4.491509510821345 -0.5714921824672011 45 44 39
-1.0371292718121206 4.93678343909562 -0.14668804897461607 161 159 133
-0.9094980684766302 4.42151818030864 -0.5265436533427299 16 12 7
-0.8095320615593667 3.7663103359243633 -0.9093644537392251 230 228 216
-2.130837289813134 -0.7787770839542544 -0.333436238234428 154 158 114
-0.7752346538628746 3.990752294481957 -0.8733135027790965 118 105 71
-0.9729694982259615 4.548097206410856 -0.35066715652271624 60 56 51
-0.7681180394092771 3.9001260528252417 -0.8881984116718898 129 119 78
-1.6098979597404848 0.26756559247251543 -0.7814453137386652 40 78 12
-0.8991586835079632 4.4479037590220925 -0.48335917745236984 11 8 4
-0.9359710353854761 4.697819614224248 -0.3278163057040412 21 18 17
-0.8564185092175838 4.381827047061593 -0.543127163000554 31 31 31
-1.9707278642735586 -2.1419275609470514 -0.9627142405261436 72 98 55
-0.4811560509446186 3.18579905377604 -1.51876940690897 69 82 34
-0.9626203879888965 4.629885852963161 -0.2510848918210131 207 203 181
-0.9675156921459197 4.631541842825988 -0.2426787883315612 207 203 181
-0.7411259084561431 4.020169501797751 -0.7978668299107378 181 175 157
-1.8197939786216037 -1.387973847279953 -0.8846537917836039 78 103 46
-0.664858282015346 3.2208359328787615 -1.140911797846237 161 160 111
-0.8460313771466965 4.4488534023178445 -0.3755256586750953 19 14 10
-0.9106318380544133 4.944697574395439 -0.10135708546948392 5 3 7
-0.9274070526936941 4.640988146522224 -0.16420480070411936 13 11 12
-0.8073008787319136 4.477594963600374 -0.38709659570879346 116 113 100
-0.941828893868545 4.894064098210885 -0.023250163970045545 2 2 6
-0.9943031530857197 4.9986458141085715 0.11785324683478132 136 129 90
-1.141113677544369 1.7932538019953081 -0.7146592231586687 64 99 49
-1.141113677544369 1.7932538019953081 -0.7146592231586687 64 99 49
-1.7488958922744746 -2.01167904215026 -1.0278768068837876 95 124 70
-2.0364994181045684 -0.4198203714151632 -0.02542876327255187 187 182 159
-0.5516461783547821 3.24350988085254 -1.121195473190561 111 108 69
-0.8160956016446715 4.560720697313504 -0.21705532002751513 124 120 100
-0.8313640788141706 4.5554179168552755 -0.19531862326890445 124 120 100
-1.1645733871860495 1.5879372843714123 -0.6465898888160347 39 74 24
-1.7978078434144373 -1.3400187697644368 -0.6287858354156513 88 120 38
-1.7501716265114287 -1.354602192091394 -0.7104628355289175 88 120 38
-1.7400031252060757 -1.4186520823025526 -0.7415794417609761 77 107 41
-0.889667895404198 5.209020834377884 0.16320656384128543 12 12 14
-0.9010132928954337 5.2065258391292915 0.18107194563284468 12 12 14
-0.8346036105563966 5.327643346059874 0.12600887696276866 111 111 108
-0.4521228967566641 3.3532257930794547 -1.126463615777762 116 110 77
-1.6741699853101415 -1.2611771445502178 -0.7617602274510621 107 137 67
-1.592068833538616 -2.054397064751982 -1.133504399469668 32 59 4
-0.5849322040676677 2.896289165005932 -1.0330707340267653 107 108 65
-1.885055388195371 -2.3005341017174192 -0.7396696164169596 111 140 60
-1.414819659706205 -1.46003267402104 -1.143809939504436 25 51 8
-0.8117056228831636 5.025430589324718 0.12079004897748348 3 3 5
-1.823549680193971 -0.8901350481432514 -0.25643413275150007 143 147 97
-0.7419958346129268 4.444987813220489 -0.13632789960828368 173 167 151
-0.8481407686820631 4.798569072678755 0.1702642768709403 13 12 3
-1.4792806099399427 -1.441677244549195 -0.8811727388192526 35 58 24
-1.3135846395297495 -1.0911687564897965 -1.0054935260950792 40 69 23
-0.925010361533086 1.9129030381078913 -0.5973120683741913 102 135 35
-3.3122153274979436 -3.5033677834902948 1.2992466169530554 146 168 86
-0.7060905924478449 5.178568099255739 0.293652451919081 10 9 10
-2.4467391509394503 -0.7517726351460234 0.9789820689179681 32 59 7
-2.5046251222783105 -2.7596548793410256 0.41066266135987506 71 124 30
-1.593440370364065 -2.6373768939475477 -0.9195481907159445 136 162 62
-1.2909687165908106 -1.0043626161201311 -0.8384500371610634 32 59 7
-0.6867219044317991 4.857416572782099 0.2370716356973706 13 12 13
-0.7160453774321867 1.9586695886717522 -0.6564670156394041 145 160 76
-1.41376664087854 -1.7177143866109714 -0.7901684166290173 90 122 18
-0.6457083946381555 4.797517660296973 0.2454339998889454 104 98 84
-0.7440822401139798 1.7548526509585782 -0.5431101721204676 148 164 74
-0.7394304773542083 1.6641744860253773 -0.5539197233082203 142 162 63
-0.6432058580717394 4.877784558710154 0.3820911274178296 16 14 12
-1.8661980687208328 1.0590072772152832 0.9668139948082327 82 108 25
-3.9222533442740213 -5.8555286814517125 1.8024922171561708 173 173 176
-0.5774941373411234 4.819809630701744 0.34601730926894914 145 139 127
-1.9100141438159197 0.9213513676265166 1.0896170050481377 219 216 201
-0.04992781718240228 2.556766314362524 -1.104620189905385 240 239 222
-0.5153780357869575 4.502276093579772 0.26662916103928236 186 184 177
-1.8777626504577678 0.5415498521603725 0.9965923903377134 175 160 143
-1.8764646270715857 0.7768810113830736 1.0799841500643774 117 93 77
-3.6107134287382197 -5.538318765349691 1.5735085404834899 176 204 175
-2.1347250325906115 -2.7821131585173124 0.3571047059286474 142 165 100
-0.4822676822127428 4.467704304731413 0.30445773907581636 30 27 22
-0.4822676822127428 4.467704304731413 0.30445773907581636 30 27 22
-1.7555327482061123 -3.5087498919562337 -0.4002166758643679 142 166 60
-0.4779280310349927 4.991334818133616 0.48310059975835845 80 76 66
-2.0072565519498777 -2.8235407502973597 0.27998793906829844 150 173 111
-0.830936360987988 -1.2468154507629041 -0.90590461731371 21 46 6
-0.21709993157429983 5.594420046033306 0.46087965108243617 39 38 32
-0.2362427769441899 4.537441987252057 0.17052697742236303 40 39 38
-0.2362427769441899 4.537441987252057 0.17052697742236303 40 39 38
-1.7176952248707391 -0.16241125191750644 0.7913968474883576 215 209 197
-1.7176952248707391 -0.16241125191750644 0.7913968474883576 215 209 197
-0.9338006858715275 -1.8840700542435278 -0.8721281088956997 84 103 28
-0.05486082448012141 4.557990831725252 -0.03566452989335962 202 200 196
-1.8950575063622863 -2.847321984001863 0.24980013158467837 138 164 104
-0.35496721166546435 5.152214566118385 0.614460065757794 15 12 9
-0.30731372406842955 4.131682231889938 0.2273097836818349 213 211 202
-0.003828593483465605 4.669124195857186 -0.007284585170517821 233 233 232
-1.500286756673028 0.7192143230529926 0.8609257979114809 112 81 69
-1.4910013519236496 0.683728487943163 0.8496002613916639 212 198 182
-1.7085681934143924 -0.5059314242956131 0.7844945584677642 175 165 136
-0.2965679172321709 4.844340726297872 0.523726352884169 46 40 33
-1.4310832822370931 0.7263901726167274 0.8235348152089143 213 203 187
-1.7729547968601176 -2.8206080554655135 0.18502031569126645 55 93 9
-1.730063638086472 0.07196559990186262 1.0451627171738187 214 206 194
-3.4138466589995637 -5.388461451211063 1.698430960516399 62 97 53
-0.2500910144216205 4.882347312377954 0.5063789117649553 51 49 49
-1.6604657993476388 -0.44262328996850386 0.8105617837290849 134 96 83
-1.6604657993476388 -0.44262328996850386 0.8105617837290849 134 96 83
0.007264371285989342 5.689535511350658 0.42395712790249257 15 13 14
0.11296925551664884 2.7405792878488513 -0.6479502551573977 140 130 91
-0.6753566149404734 -0.9846922063866278 -0.7126148791594767 68 98 35
-0.2818753784322622 5.110307979104819 0.661970258964018 22 24 23
-2.5605544735466426 -3.4174227465515585 1.1885021185583995 153 176 94
-2.5630905753761573 -3.43895060949732 1.1881156628486942 157 177 96
-0.11525098428028568 4.56185322574016 0.2926774859230472 206 203 199
-0.8755641912593355 -2.0110367803946803 -0.7043170352366456 13 24 3
0.4032882969421114 6.093747083992935 0.08588879073111463 10 7 6
-0.19426837582602477 4.837533747781045 0.5277490801633212 62 58 49
-0.18966348108037487 5.113372299949498 0.6097460670917614 18 15 10
0.6072323624749733 2.3230700268048308 -1.3587466429075177 253 252 244
-1.4788951171983795 0.15997147696321795 0.8810146375426068 234 218 213
-0.6587365362309544 -1.7131097332666707 -0.8557418767493241 105 120 57
-2.4668300759486708 -3.4295292568293054 1.1333754166990722 75 113 35
-3.289142189207317 -5.391036672527343 1.6800307440445792 72 104 65
-0.5679011000951114 -1.7077926577051141 -0.940367507441542 147 165 86
-0.5679011000951114 -1.7077926577051141 -0.940367507441542 147 165 86
-0.1660927064832173 4.860042088397725 0.5798432947711617 106 103 93
-1.3692519180738307 0.23898467634261208 0.808808184739295 122 85 78
-1.246923125348403 0.6624848889382636 0.7726049402100966 153 145 108
-2.377016948179658 -3.6751977336872867 0.9846999451921936 173 191 103
-2.633674292204304 -4.6747458573370215 1.0427654979432674 109 141 82
-0.12849961727764217 3.2904103060834067 0.08734580837299638 133 102 79
-0.12809444082896707 3.232293599141302 0.07408408984496831 214 211 193
-0.09027405606017169 1.5372787936935628 -0.49624226739465194 218 215 197
-0.08719537244850706 5.2626070266497464 0.6628315378673449 12 11 8
-0.10620209324091016 4.859342070201028 0.5883255467897627 31 27 20
-2.6154065801341697 -4.8112191977834184 1.0350629381208891 149 170 105
-2.6069177043008507 -4.746663065903822 1.0465138573016848 56 88 28
-3.301746371671937 -5.52875605906823 1.760190278256332 138 156 128
-0.40096766831548664 -0.837279015749126 -0.756871551573723 21 47 7
-0.0963434080276062 3.079585667734727 0.059276826486718795 189 186 173
-1.492870467523755 -2.959639471540168 0.11241641627056058 145 164 122
0.5353269146494782 2.7392213929838953 -0.8931374153157962 205 197 162
-0.044168178064028646 3.8846523824883485 0.27032729898783037 226 225 216
0.19433782207861808 4.494054660809006 0.1428217170199219 42 41 37
0.006141767785539064 4.42598059535289 0.3871922941579667 42 41 37
-0.5492653950013937 -1.7392775695796558 -0.7672477990075058 207 204 170
-2.3315178751343355 -3.551518098517283 1.1137562821339264 70 104 43
-0.03889069042347101 5.010371184259248 0.6633217378883082 216 210 186
-2.576662015492092 -4.998253025841582 1.0418125321839216 144 170 85
-3.1415092650838705 -5.363691042271894 1.7045996897960134 36 68 19
-1.320173666691211 -2.9671236508405965 -0.027971786036794184 58 90 34
0.5903420014939754 2.760697730773749 -0.8473085945639447 213 206 178
-3.00711940842231 -5.442089116318275 1.505859946084141 46 79 26
0.6152591192142554 2.6787279451577293 -0.8847897211867526 233 227 199
-2.5676213765496607 -4.90946346065104 1.0930775641237915 145 167 100
-2.3389218074731217 -3.7285741177346052 1.1519178585496639 144 166 68
0.7084148214278276 2.726311403152222 -0.9876912033353158 194 187 156
-0.01568798307968238 3.2258767176094896 0.15291353438171204 199 187 173
-1.994415801885926 -3.2092902745795486 0.8588114490395874 69 105 29
-0.4245430578009575 -1.7759955040312365 -0.8105575413633068 204 205 168
-2.5007859662987095 -5.0145713597478 1.010197428188464 169 188 123
-0.3757208088661115 -1.615413296241629 -0.8081986175021781 153 168 86
-0.183186145589626 -1.750275150802039 -1.105606568410317 94 116 41
0.22029851471348283 5.350818469489136 0.5432395030934082 15 14 12
0.07053421615970899 5.054153015284724 0.6563503213758529 17 18 21
-2.5301236728797907 -5.030558959335909 1.0786665807919273 140 168 101
-2.477665295805563 -4.941821562165699 1.0364687326922601 62 94 20
-1.2367973992770263 -0.03755679494205031 0.8739145001375348 232 230 224
-1.2701156742576325 -3.0271371070843336 0.008319190957703664 146 163 127
-0.5453676953293004 -1.8438089005930138 -0.6095888657157738 182 178 157
-3.101424553354729 -5.263149823311343 1.7834391563699972 31 65 7
-0.7241779692623632 -1.848233057559057 -0.3685852727766656 201 196 176
-0.3662034259817467 -1.8260064921691455 -0.839677530920616 209 207 184
-1.2040112672442382 0.7564741259936183 1.0989770601272666 246 245 235
-3.102056978149349 -5.709762068776155 1.6671708955130562 54 71 53
-1.941799519264045 -3.158071403397301 0.8965142491934549 184 195 167
-0.30937109959922543 -1.579963224903361 -0.8117134535618805 158 175 92
-1.2155315032363645 -2.980339214476645 -0.027123325129540705 59 90 40
0.12964505961463124 4.844442997501522 0.5820822244715756 34 31 18
0.07834884756664327 4.393094339872429 0.532343896423559 148 102 62
-0.06683442576181674 3.173879702099963 0.3513732768415229 153 99 79
-1.726746896157466 -3.337406855419833 0.5945095598809204 75 113 26
-0.31428133919325857 -1.5216400724748593 -0.7395440030187638 134 148 69
-2.305521648186145 -4.409973825824234 1.0503370765460904 122 151 56
-0.16564013268246028 -1.1247365795713884 -0.7922047209868238 110 139 27
0.08311369636684411 3.4746384076965797 0.2752500518402634 133 120 86
-0.645144488061295 -1.9549194609749405 -0.39926235617263145 229 216 199
-2.2586746343308852 -5.1932404574457145 0.7799858784355348 123 148 90
-2.2586746343308852 -5.1932404574457145 0.7799858784355348 123 148 90
0.16739823155020067 5.0098384229739885 0.6678131664221951 34 30 23
0.07750399347700183 3.480525584655213 0.32005670085278554 127 113 70
0.0747532185583534 3.4810433052729097 0.3249544649886412 127 113 70
-2.3875475364220264 -5.136926042581256 0.9797473675908955 141 174 106
0.1758802932232532 3.4079075316213143 0.17555151985369832 203 198 190
0.19643989812639048 3.225927416986471 0.13033291686019727 212 151 129
0.43640201887022306 3.0405472370791 -0.2418157903435496 205 202 182
-1.0692470428208933 0.7069703482036335 1.0574130591657593 179 122 113
-2.9048644463406537 -5.0286375494469535 1.7561550704421838 125 153 66
-0.5709613537602801 -2.000720947933487 -0.4089124985561044 226 219 201
0.953266341400048 2.747161788570539 -0.9464782561364776 54 68 10
-1.1611072973917296 0.5382626565581542 1.1837433569800642 230 226 216
1.0532520726392174 2.831509913887009 -1.018141018875404 112 124 57
-2.917661351687089 -5.47187270967454 1.7040519340063913 104 136 79
0.0777247942207441 -1.772622864171582 -1.1085199877851917 56 87 30
-0.07830661065463441 -1.349012482239305 -0.7732322294638844 119 145 41
-2.011022805150001 -4.0371570993772306 0.9658607238950894 191 207 114
0.29953612148011954 5.026650029620759 0.6828051234465299 9 8 6
-1.5407429448175145 -3.4616328513872165 0.5465533672224697 135 161 94
-2.335013871080195 -5.160439989491847 1.0855508772693347 56 89 42
-2.335013871080195 -5.160439989491847 1.0855508772693347 56 89 42
-0.02656077889307356 -0.8255945382857721 -0.6155808408567134 116 149 35
0.3003776600989868 4.308243843525529 0.5292565270038903 214 208 194
0.29069940516688225 5.06436050544262 0.7909010277470416 23 15 8
0.6011196356039998 5.534453326523739 0.5282169884220203 17 12 7
0.4810913794865416 4.829462418533788 0.4723383477393224 48 44 38
-2.32140665026548 -5.080055291622786 1.1402784085605 131 155 113
-2.3523435735358165 -5.0566689265421605 1.1895858128802472 131 155 113
-2.1110638568891225 -4.5512721143810015 1.032802350154193 134 161 104
0.3821926505621876 3.1828744638602906 0.11710230272574068 162 121 103
0.8311089534938615 2.932291775002778 -0.5439406321447524 231 231 211
-0.45184861167768614 -1.992126538085715 -0.348739415425613 201 198 170
-0.3891675613657273 -1.8130173985658353 -0.37173660331429575 209 209 187
-2.034877957121492 -4.6574697244622945 0.9898068710079272 175 192 131
0.42672521152565057 3.2052858112832467 0.17180838174028135 224 218 200
0.4931530883359137 2.9938803696460172 0.04246722238100292 180 173 152
0.15337122780684526 -1.7721297480303595 -0.9493872714643639 92 120 63
0.46781980431735204 3.2865113681543443 0.16399829035527622 163 143 114
0.17192390469199959 -0.6355991625717886 -0.5929388208670282 164 194 91
-2.084795990850456 -5.169635534575564 0.9587093630860625 55 85 38
0.2243527944246514 -1.7193587266130306 -0.9788678972364023 70 104 33
0.7786397871209134 0.4593278944207067 -1.0343454360157782 107 122 42
0.7786397871209134 0.4593278944207067 -1.0343454360157782 107 122 42
1.1218319159421672 2.475154419050994 -0.8728262664231742 146 157 87
0.6457706590306892 5.086085085179427 0.5343050390580251 14 10 8
0.8127420848090894 4.751401739245415 0.21893326535285298 219 215 202
-2.6981929262400564 -5.7851807534330435 1.5873970578188359 191 195 196
0.5406249012610502 5.082301646835415 0.6826004008721223 56 52 48
-1.3288363414901587 -3.5075096707882487 0.5139154446013154 152 169 110
0.6595127685233085 4.8126756648582285 0.45170156226900254 221 217 206
0.47299740548726765 0.4357731421607146 -0.6151967651285252 169 187 107
0.6328435034989747 4.8512007720361625 0.5067862727840216 33 30 26
-3.1685128125004365 -5.931232326676294 2.1715820374798613 190 190 192
-2.1114941267732625 -5.167269182796589 1.0494349029824583 145 169 123
-2.349100492328957 -5.009598411537971 1.4065823754645186 103 128 78
1.1584325594553422 2.5168580451688345 -0.8357581061095546 94 121 22
1.162596768623732 2.5172156010775257 -0.8410949188165768 94 121 22
0.4145559372573143 -0.8802125929051736 -0.8779101302043942 56 91 45
0.6989996541984935 4.542187303763648 0.3849502741533603 232 226 216
1.4015367722099692 2.753664643852232 -1.037857750338961 103 134 43
0.7141429980134093 5.395386382459275 0.6315680894354532 214 206 184
-0.39258866641374923 -1.8578498461368438 -0.10875631637566181 196 187 170
0.39179330952729097 -0.21368420514501846 -0.62076185567834 34 67 9
0.7024294878887163 3.955404278896753 0.24518235401556357 40 32 15
0.7024294878887163 3.955404278896753 0.24518235401556357 40 32 15
-1.1934559727439311 -3.3619588478714073 0.48383834884717464 202 224 184
-0.38979610813227983 -1.7991485566207375 -0.06630568885049987 176 116 99
-2.676839802491848 -5.571889108075018 1.7286332919236316 62 86 62
0.7384447501787512 4.46450055421822 0.36365032408278347 232 226 214
0.770142866341008 4.513163892110428 0.3527318745779215 74 66 55
0.8237630299027454 0.52660974864626 -0.8949150400885956 110 126 48
0.8016021688614385 4.275471723554468 0.2512906960492849 188 177 144
0.8465473245881847 4.566518622253269 0.3205181036480427 224 221 212
-2.5755812799227833 -5.2879167454626 1.7344572500297482 75 117 52
0.5722161883678129 -0.12039621510195767 -0.7178290683822901 46 81 17
0.9788238258008259 4.005105604059818 -0.0068385652360274125 231 228 220
-0.21549365529401415 2.656038027058589 1.1120185984262096 230 228 224
0.8313317884917086 4.015692292110553 0.19029725478429546 181 174 159
0.7361927618678278 4.915931923240829 0.5793556401416914 21 18 20
-1.9734241281218676 -5.1624452940343515 1.037920851912426 119 145 105
-0.6578539461299435 -3.0776023299447752 0.004992590595406601 124 157 34
1.1759333416755933 2.259069249007413 -0.734358922279241 88 107 28
1.1759333416755933 2.259069249007413 -0.734358922279241 88 107 28
-2.0888651850126814 -5.109000743648887 1.2207764977013131 63 87 41
-0.3177943608202916 -1.8036343314510508 -0.030517870572504633 233 228 214
0.9246324285400039 2.874589680471467 -0.21659494920682498 230 228 224
-1.365971866993038 -4.0929235871515965 0.6405135737735147 47 79 22
-1.4376355655559871 -4.146681141299977 0.7132887050409831 84 104 52
1.0557598506925951 5.3208446569714 0.3735918200241006 48 40 25
1.1879398071291765 2.139518681509884 -0.7271231987587762 126 138 77
-0.25875883528812965 -2.1306565148266463 -0.15594814185144085 147 144 107
1.222712339168525 4.651295836244884 0.008316292199713247 52 45 40
1.228993577506564 4.736269859946961 0.043159771521665696 230 226 220
0.9007187935378503 4.970422765342877 0.5271981024668688 212 199 159
-1.0391349144046393 -3.383277549869158 0.4985355327338752 89 125 53
1.1955259759560128 5.345837584867505 0.2728279071731428 230 228 223
-1.4289744224270777 -4.166916014992671 0.7657468551393984 156 168 120
0.9389874473468584 0.65488006594352 -0.7810694410882819 151 165 90
-0.2850338298835212 -1.889101609289117 0.007487385731736157 204 179 156
-2.5125098931659364 -5.421669709366573 1.7585196080966878 151 174 115
1.300285045140406 1.878295170380956 -0.8540921481432471 145 161 77
0.6537432925867512 -0.16978335486292473 -0.6427255427709184 159 185 82
1.1050059733733268 1.5477117310671105 -0.6986405128686508 137 151 60
1.0289397373828797 4.877707015759076 0.3816023854162627 54 45 30
1.1979808727289016 2.067725097505912 -0.6542079249146467 148 172 111
1.171829665857669 4.7788117509819275 0.18168464696350686 40 30 12
0.7121585112001414 -0.5706998873945655 -0.815248083895989 28 60 10
-0.8556713129750431 -3.413215220873568 0.3108515320044314 76 118 48
-1.3176394863540088 -4.10453986079919 0.681274667911143 88 120 70
-1.3301550023417623 -4.15768311269727 0.6915456170593365 57 80 26
1.109996907450822 4.84844997525105 0.2984681145527461 230 228 221
-2.990647221289494 -6.0119227638893635 2.223113434641844 197 200 201
1.2530780504480958 1.962648523105269 -0.703120577115971 144 169 100
0.8741929073238449 0.37924825550119934 -0.6805621302346043 99 130 15
-0.19562712704523208 -1.9154873189731239 -0.017419925080396467 138 52 38
1.7572830336873835 2.6304553498774492 -1.0978486599184127 118 141 72
-1.135442327014583 -3.6610516360285033 0.6583898391728878 209 223 160
-1.267791829637708 -4.1997868353214605 0.6744708609912023 151 167 110
0.854458669474423 -0.4012148924662299 -0.8233940244689391 36 70 14
0.854458669474423 -0.4012148924662299 -0.8233940244689391 36 70 14
0.854458669474423 -0.4012148924662299 -0.8233940244689391 36 70 14
-0.11255223799087637 -2.024475439141857 -0.04990767451615285 192 189 167
-2.9821781474542015 -6.009424745813358 2.3263750519510578 196 198 199
-1.4587858133748017 -1.5109189829867344 1.7753928078934147 232 230 217
0.8703252475424291 -0.23461189232125734 -0.7029752468785566 44 81 20
0.9867251487670523 0.3399508742184186 -0.6669789287315869 169 189 93
0.8934701617146074 -0.1800097553549048 -0.6994005760813098 33 68 9
-0.08584052928910081 -1.893795430207153 0.0030013455078072818 232 230 217
-1.8149822119274415 -5.430031420287958 1.0906555622385756 129 160 60
0.05976226044513069 -2.186968057589202 -0.24411058449603207 106 104 62
0.06647431533415651 -2.1896994862580996 -0.2532811510841211 106 104 62
0.9471375604233692 0.10456214518355057 -0.6371881065096988 126 155 62
-0.44906792197267514 -3.330275410131917 0.06819166851466893 69 103 46
1.0789441249028007 0.1680105643594313 -0.7825411004778818 119 149 48
1.2019407470375947 1.378071555923442 -0.5795625034797975 175 197 136
0.9998297794137554 -0.05572372591856055 -0.7444080582869309 22 55 3
1.3987905811068135 1.6289195658621813 -0.7281197465773237 56 87 34
1.0568343311657658 0.01745458864707683 -0.7579461857262896 37 68 13
1.0051220516243773 -0.3988424664100458 -0.7975377801979424 61 96 22
0.01499136675121555 -1.9585485186463407 -0.027049445203684745 224 220 203
1.3668952350082881 1.3358872670175752 -0.7098870478347608 42 70 20
1.2022272505105067 0.620761204857464 -0.7136299828701975 36 67 10
1.0546278968855038 -0.08838468878213351 -0.7322325746927058 66 99 37
1.4181513919732909 1.5928975414040036 -0.6729033758809493 112 138 57
1.1646231092174097 0.39947576556560416 -0.6995935507669314 30 62 5
1.2116885948080476 0.789182478937447 -0.6387211850106853 28 58 8
1.1632787834490133 -0.24000246897203573 -0.8742818393372509 62 93 23
0.9924293007706678 0.21615621209614028 -0.5284730102446835 52 85 35
1.289339486194937 0.27590525927230947 -0.8231666080676158 31 62 5
-1.5363160929478992 -4.908079249431059 1.1445127899115426 134 163 82
1.3328329599592579 -0.9298346700918719 -1.159726929855917 46 80 26
1.3404300488032606 0.7372357894383834 -0.6725785429646607 70 100 14
1.0640310611800896 -1.4441236088889324 -0.9469210045965921 116 132 99
1.637773686549844 1.7856660147106933 -0.6881820962262869 128 153 57
-2.0339624371147322 -5.580518157431295 1.6255985917674727 69 109 59
-0.7221285865488034 -4.118569142088103 0.49489849272441416 136 159 98
-2.089457150175816 -5.649772213634203 1.6872631376538767 96 114 98
1.0897482807552454 -1.3127347134982625 -0.844668223303468 102 119 95
-1.3506886061995318 -4.9512696592628895 1.0175501123428226 117 142 77
1.405595705135109 3.7045047959622512 0.2221483640269611 229 226 223
-1.4251707078548108 -5.1358106625448015 1.1048046596273537 111 138 85
1.4848390339707511 -0.532203703520317 -1.0220931866726288 60 93 19
1.890330956044112 2.002149021223613 -0.7622435997021492 79 110 24
-1.0181700447158821 -4.8206378098108615 0.7415221185020774 148 170 98
-1.0181700447158821 -4.8206378098108615 0.7415221185020774 148 170 98
1.5800609286752358 1.4685598356050502 -0.5147340521352226 136 158 93
1.5612179270117599 0.3457561591914118 -0.8074386220429459 60 77 12
1.6396819238766145 -0.30351970484894975 -1.0602087428231886 96 119 47
-0.8615221938283706 -4.355077716569303 0.7677586903079976 186 206 130
1.5584196136027981 -0.9792470134884156 -1.10736591439803 37 63 25
1.514164374788065 -1.2332367113687823 -1.114519453283476 103 129 71
0.7966588515653626 -2.0485118961558317 -0.4646951795274749 223 221 201
2.2800846833108177 2.0483531532739097 -1.016892349661414 128 149 65
1.682527105912537 1.0512051096938977 -0.5940706685853154 110 136 49
1.7678296551712234 1.5110038321524928 -0.563813456122534 135 160 95
-0.9029729383855041 -4.6721197632287845 0.8136507566484253 141 162 107
1.8987303078185296 1.698376585216338 -0.648930953840892 67 103 25
0.49094422765063367 -2.6682777724285205 -0.23792186158660927 56 90 24
-0.5652610503352045 -4.133042919865769 0.5951685720699433 218 239 175
-1.3499365206093745 -5.092498630531269 1.236167835510183 113 139 77
0.6204686596213004 -2.5979796296481292 -0.32363235201330776 68 96 33
0.2993296984498861 -2.9296482979885585 -0.040083631195536734 136 168 42
-0.5198944302319153 -4.1774402719568275 0.5768221499345246 132 156 64
-0.5198944302319153 -4.1774402719568275 0.5768221499345246 132 156 64
1.7215313365291147 0.5722010602071674 -0.6708850247146668 73 91 21
1.7215313365291147 0.5722010602071674 -0.6708850247146668 73 91 21
-0.5134329611013835 -4.1538810456573945 0.5889689346747404 133 159 61
1.747616325998398 0.36930856377855287 -0.727468587124438 121 148 68
1.747616325998398 0.36930856377855287 -0.727468587124438 121 148 68
1.6736037971571223 0.38636099475915586 -0.6294225879795837 126 153 68
1.786998610891945 0.374421792800053 -0.7705138580240599 126 153 68
1.7492071698030516 -0.030141776336459782 -0.8183876068984118 178 197 149
1.7059838016262188 0.32021996818994913 -0.6625512141159765 178 201 124
0.6245627114969833 -2.5630241168454058 -0.209541571927856 106 134 71
0.27911521002050144 -3.0556205071724887 0.04714153124786442 234 249 198
1.7994875880277506 -0.6746988331735506 -1.0303891142365678 37 59 9
2.330289188268074 1.7654276326639111 -0.9336423790336813 127 153 61
0.6742702304824556 -2.420112334668269 -0.2033444015776082 172 176 130
1.785851684801201 0.957736815770554 -0.4828060656103828 135 157 80
1.2962909489697374 -1.3865338281502686 -0.5726449459092063 114 150 45
1.7544628920691139 -0.24594782335919047 -0.7779364952294368 100 130 44
1.8424160613544105 -0.3434379695053102 -0.9051796081853052 37 56 20
0.7534838425672652 -2.5954996447700105 -0.2849276209328066 68 93 29
0.49042230660903136 -2.775346206533367 -0.015226780204725766 82 107 65
1.082039637187487 -1.480190693725216 -0.3239672959089303 84 131 53
0.6824004554968571 -2.686884862529808 -0.2029275878970043 138 158 105
0.8466350758257503 -2.4800477903117497 -0.2892894012814194 57 90 20
0.23264444289459296 -2.9502482639989163 0.2805253996704952 76 118 55
1.8448620445585049 0.14500205696027504 -0.6771893842543101 134 159 71
0.35691104083673886 -2.0252879804815085 0.4162308922393097 254 251 231
1.9691785118223248 -0.2575071680926424 -0.8812784436922021 42 72 25
1.8650265242391795 0.5770541812871923 -0.5235205298392093 177 198 116
1.9150257761178162 0.7036306851178075 -0.5451987173044637 24 53 0
1.9427152266006036 0.850457015295893 -0.5242175841467701 38 67 13
1.9766495169908118 0.627721664505899 -0.5990911738447159 50 81 7
0.7356884938823279 -2.6720093461874432 -0.11436166680033633 65 92 5
-0.6975269694740762 -4.7331189622536245 0.936184510648474 136 171 116
1.9461121281089957 -0.003795047293656881 -0.7294450813973745 86 115 46
1.0437905008437245 -2.415617164744821 -0.37862997233148055 113 127 66
2.1140015486889836 1.1197972767702027 -0.569515052081724 175 189 128
1.9675803762961483 0.27765508804884437 -0.6340362751738553 39 69 20
1.9663435830451905 0.4098667400054735 -0.5819934579048187 56 92 30
1.012698585932836 -2.475846928531076 -0.3077709439144495 109 128 72
1.570590510709605 -1.8463333029285591 -0.7390562321154295 126 135 70
2.045966433995517 -1.19341437335485 -1.0870863930222154 152 174 95
0.6598360085512258 -2.777803964755843 0.03709173543860848 70 93 15
0.9587800281083065 -2.488931146095745 -0.22038401580722666 113 136 75
1.3551960024753724 -1.6887011435570904 -0.4297297306226794 188 208 153
-1.264959866129862 -5.252001012051223 1.5208833837560496 144 170 97
2.135633510471833 0.7322047154141511 -0.6211887107016517 77 102 18
-0.6914858797708632 -4.876873845902634 0.9943783162484896 116 132 84
1.4016554601541724 -1.4435343570756465 -0.3810938084275853 140 170 101
-1.3061489141208027 -5.265316900631825 1.5952263581838864 165 186 119
1.938424606401864 -1.3357672975596615 -0.9330199333301457 133 161 84
-2.3271541383183707 -6.075099671791451 2.52178952070225 184 184 186
-2.3192664281516238 -6.082367811891802 2.5106048151200895 184 184 186
2.154228577086718 0.22235896831938112 -0.7354356614201417 45 83 20
-0.5829665763088754 -4.518813919975654 1.0268693513909803 130 160 65
0.44899997276408177 -3.1269062181043656 0.2701838679521702 117 141 81
0.44899997276408177 -3.1269062181043656 0.2701838679521702 117 141 81
2.2497994814497435 0.36169823400764844 -0.7699968160464182 168 188 112
0.17902711357531073 -3.775755363351135 0.4043695893217527 67 100 32
0.5627542728812909 -3.031586068209275 0.187554808922588 134 155 97
-0.43803165340761036 -4.775437555325037 0.8471646639139163 39 73 16
1.0597889224260362 -2.446310425099461 -0.15066927224873786 201 207 167
1.0460431293421835 -2.4479991585577388 -0.13367187525554838 201 207 167
1.0460431293421835 -2.4479991585577388 -0.13367187525554838 201 207 167
2.1922264275441403 0.30403803095077225 -0.6479558416736708 146 161 88
1.4341720624127356 -1.6245041982420578 -0.32888606580176966 96 136 68
1.435013165606096 -2.431681300844873 -0.49091618918331187 168 176 121
-0.8104632516673328 -5.676389013067722 1.102432423760825 164 168 165
1.4638162418465768 -1.949648871033568 -0.34773409769234365 91 108 36
0.9793886658482136 -2.5522853549536557 0.029391300749695135 77 121 25
2.220177591756966 -1.064545476104029 -0.9192205190791439 71 110 52
2.0279550812246194 -1.1289787703752612 -0.7169742757310185 164 186 102
2.666467229044106 0.647528709215001 -0.9187523953873757 149 165 86
1.5323988074613497 -2.4501790163759005 -0.5069053141878208 75 81 39
2.1079009138966773 -1.1008365847648938 -0.7279265705710769 51 89 28
1.613555644643445 -1.7320219411626316 -0.3594684331266913 178 208 148
1.5736466598272052 -2.4262587203540904 -0.5014060491830665 87 94 56
1.0543359478771601 -2.6811598127430716 -0.0017215449393142529 90 133 48
2.45925066886021 -0.382276160261595 -0.8990612772168511 134 158 63
2.1251297559723583 -1.0881680699252554 -0.7195638389525704 68 106 48
1.6577412316738138 -1.700218738543907 -0.3708420941381481 61 94 35
-0.8586496031563009 -5.551686955722767 1.3235646315295435 150 154 152
1.6425054842643037 -2.3102822629090074 -0.5096822051751261 65 75 15
1.6425054842643037 -2.3102822629090074 -0.5096822051751261 65 75 15
2.0978921156919617 -1.1082792015025742 -0.6277048551789794 67 105 38
2.8207166617211543 -0.4118629689054186 -1.2193845242924177 154 178 91
1.5514760354005441 -1.8529162440001081 -0.22913324992634704 127 150 65
1.7607902651460223 -1.595420055032004 -0.38087403204607384 50 81 24
1.5879139190082934 -1.955341791616768 -0.2615472965345612 180 188 130
1.5792192756208188 -2.479405551964951 -0.3861258792857081 194 194 170
2.9322798005046073 -0.10559198616810118 -1.2008863641981724 139 158 75
2.874949611332763 -0.004514624705196906 -1.1029305623261294 140 151 96
-0.9440341381698185 -5.837995252981425 1.4314527724026935 223 225 227
-0.23702031502263352 -4.751243298717008 1.0108432857612548 216 234 173
-0.23702031502263352 -4.751243298717008 1.0108432857612548 216 234 173
-0.05555450127189095 -4.497478129163035 0.8922216863429011 95 120 79
-0.6590053639820354 -5.0636157670171125 1.40409751414379 92 120 76
1.743161159425322 -2.0039768423585342 -0.3205908231133683 199 209 164
1.7962258719628443 -1.9723696816783842 -0.36638440431531766 102 116 70
0.7987906303689003 -2.9560491583653294 0.45101929031058985 83 115 29
-0.1625250381267153 -4.773464242198683 0.9878594409581631 136 161 59
2.592464661671553 -1.0590697060912486 -0.9170802634522663 44 78 32
0.035989306420684056 -4.4769967342403065 0.8900358419481951 74 114 44
2.918015081232721 -0.5407135248780118 -1.1105400621602883 66 99 26
2.28698359274554 -1.548788265295493 -0.6683962273565099 178 192 114
-0.2626058783809602 -4.873615560717891 1.1431808003941635 148 170 68
-0.2626058783809602 -4.873615560717891 1.1431808003941635 148 170 68
2.2719643273417005 -1.1870311442404153 -0.5413740154846537 92 128 38
2.915061569529438 -0.3650946187644057 -0.9945265814697427 180 196 102
2.670062064913423 -0.5705768941805435 -0.7829583961121197 142 169 79
1.8371143258204625 -2.2653337270200145 -0.3220199270994793 141 141 95
1.8555207149273598 -2.195849151990692 -0.298585300815273 200 205 165
2.591846318877058 -1.1831938253807457 -0.7961973591836241 132 158 103
2.148067547358396 -2.194103646264778 -0.5695878821148472 78 106 40
2.2436156716589255 -1.4206092271891722 -0.4634656388882142 111 141 25
3.071574753516388 -0.45653019284966834 -1.0679434788761146 62 96 17
-0.23604808682512016 -4.838299174416763 1.2381373821612582 192 204 130
2.609723254701267 -1.0495468246693365 -0.7261821133415973 53 82 14
-0.4114007733879393 -5.593610376953885 1.227608494654064 91 104 86
0.19793739938530427 -4.5312139465787515 0.8750677941158277 169 188 93
0.19793739938530427 -4.5312139465787515 0.8750677941158277 169 188 93
3.129888999444817 -0.5429746585800808 -1.132646812412262 172 194 129
0.5547944992699344 -3.9875681091063537 0.6623145504103648 152 175 109
2.379733150651717 -2.130713142457884 -0.7501097246453559 163 175 118
2.599112189633664 -1.0148719584552133 -0.6791281135791623 158 178 91
3.131718253638113 -0.6347402385095332 -1.0955544463699063 161 180 91
-0.4316458402823571 -5.1052145735503025 1.4438671412955852 89 114 81
0.5337468162601993 -4.057143251675395 0.734582299078344 78 112 57
3.1972994647001594 -0.8783773150727592 -1.18792386172443 185 200 120
-0.1849695163351142 -5.644061154665794 1.0746228593722884 188 193 194
0.41864278270260924 -4.1989658894647945 0.8402126825034827 139 164 105
3.226096858324424 -0.7156924260066949 -1.1385490250814765 105 128 38
0.344764710846253 -4.413922139548288 0.8760708601552682 124 159 71
-0.16488505292723923 -5.707271685592694 1.0889180789287072 117 124 119
-0.15311226825184848 -5.566086883781981 1.1120336628402008 179 189 175
1.0201593268881701 -3.2761121629908425 0.5105068067882916 60 81 22
2.9056873424197893 -1.433200167043361 -0.936810368880236 117 133 61
3.315696726954322 -0.5530056435973919 -1.1178071345858813 226 224 218
1.02711098917104 -3.525617727707399 0.46329496988688706 94 133 60
0.6543345926464338 -4.225697453964217 0.6656032494136693 68 104 48
3.2197276945364424 -0.8090775960859778 -1.0744840247759149 138 149 114
-0.20451925160979897 -5.715757409288026 1.1772493069639556 206 208 204
-0.29094945869140415 -5.336920128133931 1.3700827035384533 127 147 104
0.3543634287538502 -4.7049086517624525 0.8848240252567882 74 105 43
0.38801211562069443 -4.735434294479825 0.8520418015781684 78 107 51
1.36930935472466 -3.357625625816879 0.2120773335369538 75 89 37
0.7099793052386423 -4.089237763101936 0.7089723735469432 60 102 24
1.9857008852670675 -2.539627248364537 -0.18419490616524467 236 236 215
2.135121239865483 -2.3104559591548837 -0.266531202470521 104 132 76
2.208562996408477 -2.151807537716397 -0.28438015031221486 169 186 117
2.071845214431416 -2.372868098082095 -0.20792643533027547 131 145 103
0.741257584925743 -4.167206861058157 0.6845574407862542 68 107 26
1.4012145475775284 -3.3263964380058644 0.2743214746827228 77 94 29
0.8156575912259536 -4.009616689872851 0.7148909396051389 107 144 46
0.7873795091032199 -4.165763443654708 0.7085680902374466 113 149 59
2.947940243687809 -1.6126689866565214 -0.8120556704510561 139 147 98
1.6469480812119428 -2.793996142621891 0.21177677563382738 224 224 210
3.067122336954063 -1.3632261291252699 -0.8473266390695069 224 222 216
1.8751703873689622 -2.5734981036760334 0.049444959853908045 194 194 165
-1.1930513154961935 -4.516922542499288 2.653897541990892 148 154 148
-0.2535004688732841 -5.630883524303582 1.4095369244498246 224 226 228
0.1539972660619967 -5.331025612486644 1.0772344575342434 148 154 148
0.9047096662299041 -3.9808413780043317 0.6806940213910937 67 106 17
0.42593098280055747 -4.973913162846161 0.9163272044174072 51 83 34
1.025020017805405 -3.977401625940931 0.5761602991366936 184 206 164
0.5493595932310923 -4.858569329932239 0.8389854340554666 91 122 58
0.6735307761794093 -4.282830331820374 0.874423087481687 180 202 136
1.3623032969131879 -3.955488492743633 0.25992854302144675 183 201 181
3.0569307385758457 -2.351328693977835 -0.9898180512025818 154 170 98
3.1951769826128067 -2.0376265522895016 -0.9831893981308935 223 221 215
0.5047833407791067 -4.832521737412972 0.9929086133591836 167 184 149
0.6104032514751724 -5.590130223627964 0.691614377588889 183 188 189
1.4195323716339798 -3.914112348299181 0.3288143567095556 144 165 121
3.350957486856928 -2.44433080818357 -1.2198300720767148 158 175 116
3.1363012625956106 -2.310448009562745 -0.9490801838304211 61 82 36
0.7655522962678236 -4.542068952349688 0.8659146904732712 50 82 28
0.4525739047385753 -5.21123305316315 1.0368547061524336 49 71 49
1.1092573252654039 -4.344676491460227 0.6245832396867693 143 168 126
0.23396914676872427 -5.503018669015592 1.1992291333842149 222 224 225
2.321468457366079 -2.578900758458693 0.04742013459563907 238 236 222
1.1393127399287417 -5.03862344960501 0.5825935812554924 90 123 69
2.100722003564623 -2.767924694252844 0.28535212407782 241 240 224
3.4389363539057736 -2.166459572609841 -0.8047867318527511 222 219 214
2.320251287482921 -2.6138705356005465 0.18791376172827703 134 143 110
0.8278113016247776 -5.13672467188862 0.9928032160057835 115 151 66
1.9139296187050021 -2.983560911407087 0.49853797782776393 218 218 210
1.6575847025541843 -4.239519648082362 0.42812780044619786 129 156 99
1.4207451697651525 -3.8409314317915317 0.760223002401867 162 179 158
1.4207451697651525 -3.8409314317915317 0.760223002401867 162 179 158
1.1886303117087296 -4.656015723146573 0.8104081446355246 42 77 8
1.1886303117087296 -4.656015723146573 0.8104081446355246 42 77 8
2.3201876501825267 -2.697836973178405 0.24732770760657938 237 234 228
0.23878899110327984 -5.816108136064238 1.482363230447381 193 196 196
-0.27572617640615005 -5.9632750724363355 1.9985886206302004 182 184 185
1.9810574221763881 -3.192733802773715 0.5832660444379755 84 105 42
1.9306129121977191 -3.500888413858595 0.5815231516731704 149 168 76
2.3251859062775777 -2.7691330882374223 0.3944007560659861 125 143 74
1.8050431004085916 -3.2317832341466204 0.7991694529925507 226 233 196
0.7831503551112476 -5.716599056698219 1.1753712273769201 184 186 187
0.7831503551112476 -5.716599056698219 1.1753712273769201 184 186 187
2.2063469085466623 -2.889420121772814 0.5747793332773644 234 233 220
1.2601752235883061 -5.56174253267525 0.8069390610395538 62 92 56
-0.3444438549150611 -5.927712684731911 2.2619655334277584 178 179 181
1.307739802365687 -5.0715198778977895 0.9321800787162997 97 132 62
2.483871029656465 -2.849407521959771 0.4618147974604526 52 81 26
2.2183386643664926 -3.2181575700762357 0.688799030607598 137 160 109
2.389374835784393 -2.9690514353841615 0.607297307136702 127 154 69
2.387925680216172 -3.1365954927528095 0.580459855427618 164 183 115
3.843367599103272 -2.812150556425071 -0.6760268504442383 132 151 111
1.8670413043939524 -3.71336496305447 0.9351843241035016 172 194 130
1.8670413043939524 -3.71336496305447 0.9351843241035016 172 194 130
0.8461089059755669 -5.784299590124754 1.3967432777590867 190 192 193
2.271194540484311 -3.462681574569782 0.6752522554276713 103 137 20
1.3174514060088387 -5.213347498351757 1.2080237531737172 203 228 167
0.49942179720632424 -5.972274990904806 1.8452144884658188 189 192 193
0.43263895827800614 -5.8862077905169 2.007169506980583 170 172 173
0.43263895827800614 -5.8862077905169 2.007169506980583 170 172 173
2.3191698891329984 -3.5821106296147014 0.8929911102247298 107 140 41
0.47608147829647435 -5.9194009130970695 2.00226086008523 169 171 172
0.47608147829647435 -5.9194009130970695 2.00226086008523 169 171 172
0.4487306039430591 -5.964081380905795 2.084457781809999 183 185 187
2.0737344809307974 -3.864316581252635 1.206180041203143 182 204 134
1.6128697722601797 -5.5045505756426385 1.2178960599210018 60 93 49
0.4459363360799527 -5.977365248134779 2.136864671033408 187 190 191
0.40680962318532515 -5.948970929783022 2.179233531118481 187 190 191
2.0129311302790733 -5.2983904685946195 0.9298386174991824 69 107 56
2.4642715630298335 -3.4227627855803453 1.0639495600612239 45 77 35
3.674669516688413 -2.8281967919864313 0.20707526095711803 133 151 91
3.9607191943238087 -2.748728334874231 0.04022701245156995 222 219 216
0.5255281481228105 -6.068184315344799 2.2343056691802317 195 195 198
2.683490294112037 -3.6407972855551605 1.0327173913227572 151 175 110
3.778202924892909 -2.856361529270106 0.2868010360502547 145 157 107
2.61083650510829 -3.8952653984177212 1.0835716192346017 180 198 140
3.821427651916866 -2.9706163338634157 0.27474157310014957 102 133 82
1.2939163004040164 -5.16711052771854 1.9302291661704234 83 124 44
2.360804595830489 -4.8682942660005954 1.1369251466017387 63 96 12
1.135101225939237 -5.907547851529135 1.9687728542562106 202 204 205
2.689869021362602 -3.710863790682313 1.186938038415062 149 171 99
2.84936814580807 -3.547307052898825 1.1864852118730327 160 190 144
2.7631112792102965 -3.7778671201236613 1.2165801340941864 137 162 102
2.973339300878652 -3.503699324892766 1.1238964737534543 85 117 58
2.809390995571148 -3.7688559161892745 1.2005251779064932 137 164 112
2.0906955107171004 -5.355506862293319 1.4667727640950938 56 93 31
2.8006773750128784 -5.072779548724481 1.0085014795857234 57 88 10
2.889758553430503 -3.896310391081663 1.3016015442879278 127 154 93
2.3364136933625548 -4.61537421975321 1.658915000103561 149 176 93
3.0926753460512373 -3.9922154283777425 1.203428142804019 120 152 90
1.3183960339199603 -6.009462561743782 2.3069758109588037 187 188 190
1.390879275379018 -6.054307410859939 2.235998004389299 187 188 190
2.222146731617289 -5.500921319541118 1.7310820900807755 65 96 64
3.1213523374195713 -4.075899540518472 1.349174425098485 120 149 93
3.6960050039170143 -3.4099783664353716 1.1860873881748137 89 118 71
3.547647972996541 -3.3331741609274275 1.3450074557948384 104 138 74
1.3874541487859384 -6.053664714137814 2.436037913193642 167 169 170
1.2621339374336404 -6.088151621820544 2.5385525860146285 175 175 178
1.5091511635126937 -6.043165738992888 2.3533255436399743 191 193 194
2.7307317798177926 -5.401417158891503 1.6003502446486562 68 97 74
1.4907420904465747 -6.083999875334511 2.418545476691813 178 178 180
3.3490235955762917 -4.320829091920863 1.4309032732965905 148 169 115
0.321165731869064 -6.377770130695479 3.3432603923330984 203 203 206
0.321165731869064 -6.377770130695479 3.3432603923330984 203 203 206
2.83351330218882 -5.290002701598496 1.6609614461407614 62 101 39
3.7656015661917093 -4.833964346555489 1.0917986376668678 179 192 112
2.8133096125154866 -5.337308731180864 1.7185195931618689 53 86 40
0.9429018364137673 -6.260049504642649 2.9906687513849626 193 193 194
0.9429018364137673 -6.260049504642649 2.9906687513849626 193 193 194
3.49554614884348 -4.37955136636566 1.467052113995071 44 72 28
4.195163955907979 -3.4885998644753884 1.1642293514301865 187 198 150
3.647283003189118 -4.530485210826448 1.392707770315636 161 181 124
2.981027495196014 -5.306057185151269 1.7657582317316982 48 81 42
3.8738305057968625 -4.523037242568038 1.2758705908405488 57 88 39
3.9446895637118526 -5.223417464738518 1.1007487099022504 103 127 70
4.145975030052588 -4.1993345667141595 1.2047783375181855 67 98 46
4.045627256439261 -5.226371071368171 1.080675420380934 150 170 112
3.586954882312298 -5.328246115631805 1.4033265805014423 126 153 78
4.2263046278323655 -3.8149482772230994 1.3177959342267798 69 94 36
3.1502935128651965 -5.435079599825103 1.7678234549881906 40 72 34
4.198083449618965 -4.573547147883783 1.1802585754497092 141 150 104
4.518197244469801 -5.015112778585414 0.9901278242800814 235 237 236
4.518197244469801 -5.015112778585414 0.9901278242800814 235 237 236
-5.360654766113784 -4.441574466532692 -3.3729860372583262 184 184 184
-6.311654252816926 -5.255440949359093 -0.2916384526958886 179 179 181
-5.8419335777999715 -5.1026938981353185 -1.0433102804126262 142 142 142
-5.8419335777999715 -5.1026938981353185 -1.0433102804126262 142 142 142
-6.089828254885405 -5.259701517989251 -0.34723048224321806 221 221 221
-5.788472100108255 -5.203501340623155 -0.4841706052108101 167 167 167
-5.446873875829016 -5.037276211263224 -1.1730986156727767 171 171 171
-5.446873875829016 -5.037276211263224 -1.1730986156727767 171 171 171
-5.493341347043052 -5.397465529930886 0.014430756866594042 212 212 213
-5.471020722750719 -5.378225315850905 0.08598448366857309 143 146 147
-5.471020722750719 -5.378225315850905 0.08598448366857309 143 146 147
-5.47348580445893 -5.397770820448458 0.11979882991325848 219 219 219
-5.413265177559021 -5.421451258734132 0.43394589836811814 154 154 154
-4.042282152546093 -5.5738831897205765 -1.8805731552470506 209 211 210
-2.960817603207144 -1.0545397434985233 -2.1243661380008807 106 119 73
-2.588628765486069 -2.2316505060387493 -3.1140927983929108 199 197 190
-4.690923367807691 -5.514975513813912 0.4456886655653655 170 170 173
-2.755890826527434 -2.0230201302717057 -2.4124552948819966 198 202 186
-2.488837708418518 0.4555172936141337 -1.972114396434457 98 120 54
-2.8870954590933655 -1.9586344309964883 -1.9188511781777442 74 88 52
-2.949561084943861 -2.5451571823952466 -1.8005642461515692 108 127 79
-2.0190355799221247 1.9984792583461848 -1.6992779622751626 94 120 54
-1.8273924139841875 2.51503882885798 -1.8973186828040753 115 131 96
-4.255345666713944 -5.10538763331952 0.4342907511847368 54 79 37
-4.204851860918983 -5.430532363685561 0.2208228485282367 168 171 165
-2.586313449776866 -0.16319896878231338 -1.1012084253552124 111 145 64
-3.0724058490105985 -2.8499807020135823 -1.0470303570331196 32 56 14
-3.1569336737412903 -2.982081314571848 -0.6461806858504819 108 124 81
-2.639248916828479 -0.97104225315655 -0.8719734724249533 32 54 0
-2.5990891654574204 -0.44976862310250687 -0.7150901796532755 40 63 14
-1.5994561557843467 2.605244341041551 -1.3903901695023837 52 90 30
-1.4960203233061085 2.70448728324904 -1.5350391315584584 64 96 43
-1.9575474225246026 3.5463399432626015 -0.17406686198103 207 204 198
-1.9575474225246026 3.5463399432626015 -0.17406686198103 207 204 198
-1.1310229350086454 4.985547780351748 -1.2025664170978043 13 10 8
-1.099669297107555 5.225881239066247 -1.118811649261138 17 13 14
-1.1589702908655064 5.1088754507017216 -1.0328408659844992 176 172 144
-1.01464838685685 5.6316029837777535 -1.0965304221164807 225 220 211
-0.8645225197604673 5.778031183909417 -1.2365218264222915 230 225 221
-1.0555322898357387 4.483597685103332 -1.2649646463302768 71 63 54
-1.1049652017361444 5.393655231204157 -0.8466977237939493 23 22 16
-1.1327379567144358 4.794493544348353 -0.998065109846945 111 100 88
-1.1695421660990595 4.997711332707915 -0.807723140065868 96 93 84
-1.063832867270411 4.7352353927310125 -1.0053023379156343 39 35 26
-0.6464506736815466 6.163481345628641 -1.286739555882434 228 225 222
-2.413538863565174 -2.4047452363978388 -0.9473631344994796 62 87 52
-1.0917556106589736 5.344298897955613 -0.7301731205745848 81 80 82
-2.3726146179937557 -2.340337847621809 -0.981946106896671 26 54 15
-1.0971233934163833 4.588808286188589 -0.8989633529699407 71 69 61
-2.2235671956740646 -0.12174658281391876 -0.38407907663565527 52 80 50
-1.1442599780661515 5.153434498803328 -0.5544029536358718 29 24 12
-0.7520643749393587 5.613262169151739 -1.065800929076566 33 33 37
-1.1606137525433333 5.0334282399418075 -0.4969849829376176 10 10 12
-1.1606137525433333 5.0334282399418075 -0.4969849829376176 10 10 12
-2.320925826001531 -1.0755918805749844 -0.4314438532981366 79 106 43
-1.0810057894890992 4.641555972581654 -0.7417711949894691 9 5 2
-1.0810057894890992 4.641555972581654 -0.7417711949894691 9 5 2
-1.1205040917625917 5.451197864032808 -0.39024507587736956 90 88 89
-1.1506340031837845 5.086729214059474 -0.44993084371389436 22 18 12
-1.0185868572328904 4.570743725841657 -0.8473100932038274 14 12 9
-0.9835021472468771 4.550699444578163 -0.888722562896621 10 7 5
-1.0892468053865498 5.3142300631322055 -0.39679229791547826 11 8 9
-1.0083376572292257 5.508095416914126 -0.4548631275590159 24 22 20
-1.0083376572292257 5.508095416914126 -0.4548631275590159 24 22 20
-2.279440673172266 -0.6800034261925876 -0.21992140723166587 159 169 102
-1.0927591233484748 5.333966048660819 -0.31155152616557635 130 126 119
-1.0927591233484748 5.333966048660819 -0.31155152616557635 130 126 119
-2.0686032919072517 -1.3621613017794603 -0.8090450677257832 79 106 55
-0.6161702059608698 6.079957727677395 -0.9154072245564367 37 33 28
-0.5369755518791474 6.3006247269584374 -0.9808656324375782 9 6 3
-0.9892395939616886 5.480602574941867 -0.35816368651209174 33 32 37
-1.0566046158708895 5.307910648676123 -0.2957296697343464 15 10 7
-0.9538305967464538 4.5184335505442395 -0.7288352794331204 14 12 10
-1.8945985686047506 -0.044015084650533415 -0.5697339089462851 60 96 39
-2.0796416287531025 -2.263564387938323 -0.9754526638915475 30 53 21
-0.5468210150172114 6.248252942160262 -0.8399384886495893 94 91 92
-0.5689006363483051 6.23482618157164 -0.8030181708810805 94 91 92
-0.3709388596472491 6.53543372788055 -1.0511072841778684 231 227 223
-1.028995589157696 5.194604263888036 -0.3158387385269986 2 0 0
-2.0351920859749923 -2.2105528362617264 -0.9763153717832393 67 87 60
-0.7162082071333069 5.950958668635941 -0.5586539151587697 161 155 136
-1.9994353296084764 -2.1806985864697546 -0.995482639901031 21 40 13
-1.0393923757038381 5.312176580322523 -0.19458711056466607 19 19 22
-0.5975761380859399 5.159863610525151 -1.0252848193209692 88 84 75
-0.8639273529702284 5.728012282095458 -0.34806777189039195 22 20 19
-0.8639273529702284 5.728012282095458 -0.34806777189039195 22 20 19
-0.40524515981420955 6.563405205635331 -0.8704886711333205 231 226 222
-0.721970925341036 5.904931745140876 -0.5034330335545228 21 15 8
-1.0627836045868795 5.168715404714112 -0.1404620931277225 183 175 138
-0.9882278596286072 5.327551992861315 -0.2121018243331517 70 70 74
-0.9742253383295921 5.0365251678782155 -0.3232935266935797 15 13 17
-0.9098578511142258 5.566645712048397 -0.2447389559094017 21 17 11
-0.6156933384050262 6.037178225759523 -0.602091317055294 10 9 16
-0.6541311198903766 6.014451496377464 -0.5371997229318008 10 9 16
-0.5526960230276263 6.205867776963814 -0.6569096867396131 14 11 13
-1.9866332450009194 -2.1615639280081016 -0.8910450776825383 34 58 17
-1.9866332450009194 -2.1615639280081016 -0.8910450776825383 34 58 17
-0.3783691915687076 6.521945749141145 -0.8342908259762212 45 41 34
-1.7512265948109897 -0.019749210242995172 -0.57964899093629 74 104 50
-2.6417717159568084 -5.388160822939213 -0.7746239728772238 71 100 19
-0.7894690458704919 4.104445978989729 -0.875486141328515 112 98 66
-0.7608234052225553 5.79047726836457 -0.36356761099141877 93 91 85
-0.9396181954709121 5.510721403542418 -0.13102034966940881 177 171 156
-0.9861814083160665 4.7590169363578445 -0.2945620387726471 16 16 21
-0.9861814083160665 4.7590169363578445 -0.2945620387726471 16 16 21
-0.9410277796549638 5.3222573996033695 -0.17228412727517306 2 2 6
-0.5620372088113441 6.098162505817692 -0.5707914053914166 95 92 90
-0.9484769445817917 5.455454401501461 -0.10471548814425673 37 34 22
-0.5168704851094124 6.356154251545737 -0.5549760782939868 209 203 177
-0.8941512694376098 5.651589611209254 -0.11296696325700202 14 11 10
-1.0091311897597512 5.062438125296768 -0.0879804617613744 11 8 12
-0.9325671868374079 5.274307878207976 -0.15028676809124145 14 14 16
-1.1523869503851398 2.0673856743302865 -0.8183048229330347 78 108 65
-0.795399416285988 5.47733419115196 -0.306171270223926 8 9 12
-0.4432805676893618 6.411939671708536 -0.5890880886706436 28 25 23
-0.6181209333535719 5.99935492532326 -0.4070507470811476 41 37 28
-0.8109957259788373 5.695203455297829 -0.14973855715866416 32 31 33
-0.9249151092768713 5.16562362772508 -0.08698306034976772 6 4 8
-0.5055516493984524 6.197846147063477 -0.4491045577461378 68 68 66
-0.777853455362289 5.700084365706307 -0.13280321026332936 123 123 123
-0.8695851792155936 5.4908861027061295 -0.033241310674176745 118 118 118
-0.6059875349440107 6.018408625488007 -0.3187044300092025 198 194 160
-0.8574034861195278 5.534508834220497 -0.03815469232497216 7 7 11
-0.719931667739032 4.308602539899866 -0.6091856823494396 160 152 132
-0.04002458249804231 6.832440929677544 -0.9437294920054997 227 226 217
-0.04002458249804231 6.832440929677544 -0.9437294920054997 227 226 217
-0.7559660683589773 5.683616395284885 -0.06944996205901484 16 14 13
-0.49712921468021765 6.288883370689064 -0.3114590432695436 121 116 108
-1.7075927467817225 -0.9696519930378767 -0.5970793402704099 59 77 27
-0.2756052139121486 6.591204136923854 -0.5815799106489864 26 22 11
-0.8487817306901037 5.572321047050662 0.07385084205283605 160 154 120
-0.899891864750138 5.188678599785984 0.05575881123303382 23 23 27
-0.9048797668299542 5.1019632354541775 0.05411081481431117 14 14 15
-0.4717292956725062 6.280086958612639 -0.264896971353767 23 19 16
-0.8028757285665948 5.568504405267909 0.07813498636961846 116 111 79
-0.7864360414417616 5.469038264334949 0.01707510089551646 17 14 14
-0.9140666493808521 4.6794821168703855 -0.020724314746040143 14 11 10
-0.8070059610501491 5.595724749974582 0.0971503462375936 211 206 185
-0.7029603771388261 5.74639550547272 -0.011335733304663262 163 161 137
-0.7829691911053798 5.547571909921805 0.07212897701221063 207 204 184
-0.8886645079566158 4.7576369375264065 -0.0032796061477722628 13 10 14
-0.815694427869906 5.493659046529339 0.11448100626688572 16 14 3
-1.685601650211138 -1.3844516685119719 -0.6309391893982889 20 43 4
-0.8400350603320473 4.635019600884586 -0.09882659169988378 24 22 18
-0.09137408902815046 6.757942842925199 -0.6809213664103895 51 47 38
-0.37996517074309355 6.3752129794953944 -0.2675623254217744 32 27 24
-0.7987207510919936 5.435704473611796 0.1489641278318711 14 14 12
-0.19580783353552236 6.501586291574427 -0.515866305884558 61 58 59
-0.7182604403524133 5.676802181873862 0.11080413330407107 14 14 15
-0.7182604403524133 5.676802181873862 0.11080413330407107 14 14 15
-0.8801034080839235 4.89898211988867 0.13790385415637108 14 13 1
0.01254974063926146 6.920076101576245 -0.7044527149691643 230 228 224
-0.8475935847625187 5.053264453448704 0.15239093683473082 7 5 4
-0.8607602006448949 5.050335066039802 0.17642523064323323 7 5 4
-0.3821954237342014 6.277834113614442 -0.22606609066916214 20 18 12
-0.3081775806705572 6.4519817096173275 -0.29131274130366436 22 19 10
-0.5478738747605518 5.818685181054244 -0.07148265368631115 40 38 32
-0.2651538655744765 6.436851053646888 -0.33092368234696207 96 96 95
-0.48575092992487356 5.930367836617611 -0.12267349354816638 155 151 117
-0.709728148203616 5.59873460566817 0.1505143274699223 118 118 116
-0.8433426710583621 4.895677462146615 0.16043028122814526 117 116 101
-0.8433426710583621 4.895677462146615 0.16043028122814526 117 116 101
-0.8514593716203352 5.163197764436958 0.2715535494294204 35 33 30
-0.8720048586146874 5.113793927115816 0.2957132187961491 91 88 74
-0.7739436637779145 4.680753616212786 -0.007044132035771108 110 107 96
-0.44284910606024774 6.0451240774035275 -0.12264668661113996 13 14 3
-0.5282359894083507 5.792370508214871 -0.03914480306459607 127 124 121
-0.5282359894083507 5.792370508214871 -0.03914480306459607 127 124 121
-0.5072486011051507 3.3258521198901785 -0.8670553913491017 104 99 66
-0.7816122378331266 4.704923375482044 0.04243213231229678 27 25 18
0.01178999571766857 6.834118988110437 -0.5927252453917117 92 79 40
-0.8055374711808732 5.0343612378505105 0.20187015521428134 3 3 3
-0.04352058031366617 6.74140732386133 -0.5180717612206236 18 11 1
-0.05257428461431029 6.736076299808738 -0.5033317901005037 18 11 1
-1.580188675601613 -2.645739375846757 -0.9461469243392643 137 160 61
0.14934044269586388 6.972774654155959 -0.7379357214927571 228 224 214
-0.15354070137569856 6.551888684820751 -0.36921326594224535 14 10 10
-0.2614886518254322 6.418393943143349 -0.2289090535486253 19 15 9
-0.30706881072415804 6.253731530122148 -0.2005867790951737 9 8 12
-0.2713774626852597 6.364442764844211 -0.21742554967801345 104 100 88
-0.8036369243167463 5.163172132982332 0.306930889120839 87 87 87
-0.5175179559749102 3.3505866229585752 -0.7525666412224722 160 156 128
-0.33821408734416475 6.124297465605806 -0.14368476719134768 109 109 109
-0.5507173326846991 5.759175039777506 0.09717462535575551 18 16 16
-0.3120553383139657 6.291301370639328 -0.12881791428550646 10 6 4
-0.4173235056840936 2.74191886059411 -1.0883733000336058 192 188 171
-0.7855364277075019 5.072933073344733 0.2927590063315027 9 9 11
-0.015258031291054257 6.729267902117218 -0.45892117843845176 33 28 17
-0.4446389472661387 5.886871939313904 0.02972174980380457 116 115 104
-0.2497083328268133 6.25451524830577 -0.17589243788647455 20 17 18
-0.7285035994702697 4.7624197270229045 0.16716204168022689 52 48 36
-0.6146879508071967 5.575656626544897 0.2359386702768147 14 11 3
-1.17369359727277 -1.4423072241677604 -1.0673360127538762 63 86 52
0.15306275755822552 6.913320090387805 -0.5910752120862329 56 51 44
0.011805064948257003 6.66720023968768 -0.38095946682708004 23 21 24
0.011805064948257003 6.66720023968768 -0.38095946682708004 23 21 24
-0.6399320683779638 5.433716856509633 0.3014226621518837 130 130 130
-0.25794883044012556 6.150874203056032 -0.0891185356130854 71 71 75
-0.6193316342405566 5.4824182848245 0.30479034808446337 10 8 8
0.10361180744587921 6.775450354336972 -0.45704519969801605 122 120 118
0.10361180744587921 6.775450354336972 -0.45704519969801605 122 120 118
-0.26844961272139667 6.058741477510944 -0.06534778358933448 18 16 16
-0.6609011968439504 4.75597743963872 0.18482768879405417 146 140 128
-0.15728548872944317 6.413286725075242 -0.10818518634902835 69 68 66
-0.15728548872944317 6.413286725075242 -0.10818518634902835 69 68 66
-0.5635432584617063 5.582326626549972 0.3102601133874904 12 10 6
-0.1974348814823941 6.26130547501715 -0.0454978990579474 15 13 17
0.1376692024237271 6.754913623572638 -0.4286462805278255 34 32 29
-0.314748741637858 5.937880077820194 0.05454266316426347 46 39 21
0.225857004298455 6.895387158619925 -0.5171234402142572 227 225 219
-0.44219479809641943 5.691790608642448 0.19727638064372968 6 5 4
-0.17988111967020445 6.3356148674473864 -0.025682167228753865 148 147 137
-0.6611687573373747 5.199132979040629 0.40902841894491415 166 158 116
-0.6049011938636062 5.457863064345015 0.3989903725956062 139 130 111
-0.26888545942885794 5.988221659836876 0.03405515241521393 200 195 170
-0.6521035021794914 5.16123127489345 0.4067318941449758 33 28 5
-0.6717679293890346 4.375973225359876 0.19709149891255331 21 17 14
-0.6717679293890346 4.375973225359876 0.19709149891255331 21 17 14
-0.48091936342864194 5.61809680056058 0.28026535629590615 126 124 124
-0.48091936342864194 5.61809680056058 0.28026535629590615 126 124 124
-0.06516208539753977 6.439142944161134 -0.12578246400663165 50 47 47
-0.6185756813175537 5.371100209923349 0.43675032872451713 6 4 5
-0.6000239142388082 5.303646541846098 0.3859214029750261 8 8 10
-0.6628115184723696 5.192511188791206 0.47897210433137205 176 172 154
-0.6628115184723696 5.192511188791206 0.47897210433137205 176 172 154
0.06642766520450771 6.603015589420129 -0.2571470024838704 175 172 159
0.018966812115961285 6.509621791901823 -0.20324027099969139 120 118 114
-0.32095524420774224 5.85688365413789 0.14556898568889254 10 8 3
-0.1642528962597715 6.151351052128269 -0.017026689858507273 114 110 98
-0.1642528962597715 6.151351052128269 -0.017026689858507273 114 110 98
-0.7259532963908399 1.62270191795272 -0.5228800834780774 153 164 90
-0.6630889350711034 4.906249865903097 0.4084317747112122 14 14 14
-0.10527559196649762 6.371053347257524 -0.029579741271819972 111 110 102
0.06505180366214192 6.640402171535093 -0.2065153225089464 160 156 144
-0.22990411033770458 5.946706418724281 0.05876474729168785 144 141 126
-0.5817388499977701 3.9973347340078718 0.017316063230306263 85 75 62
-0.11243152284725119 6.254209462379537 -0.0338138248429112 11 9 10
-0.4379609987547401 5.584225761968321 0.3025615677269839 14 10 5
-3.38303424491838 -5.356735579197618 1.6171599953921318 201 225 171
0.06171229991328472 6.53653421126697 -0.18907111318581904 11 9 3
-0.18129127542780454 6.014956045687647 0.05009874640249706 16 11 12
-0.16967546034156158 6.023582184077958 0.03131377252248941 16 11 12
-1.7969762459954723 -0.02486788316992904 0.7770874644922213 204 181 170
0.005518469500352859 6.446737919398263 -0.08036362148735819 146 145 136
-1.2914216828484237 -2.493335868162056 -0.7930047221372845 60 90 42
-0.573721731647457 5.157856726240651 0.49006445777153773 37 37 42
-0.573721731647457 5.157856726240651 0.49006445777153773 37 37 42
-1.9386458380653553 -2.7890779865033983 0.19182519709722806 69 104 13
-1.9425830602454048 -2.784970032893311 0.19956458973698651 69 104 13
0.26172239509313266 6.6855988800869115 -0.3558824792723577 28 24 20
-0.2891380791740409 5.7944479715709925 0.25767457266114413 17 16 7
-0.28915397917345914 5.793900274707326 0.25753636693968274 17 16 7
-1.682732296943069 0.6380710668767176 0.8736315143023926 148 108 94
-0.4187403357572202 5.61614952221552 0.41399903207900046 14 9 0
-0.026732898871258962 6.234899626503489 -0.018044671610657013 14 13 15
-0.3905842916578348 5.682937651986369 0.3888511145312537 202 191 143
-3.346570807349957 -5.5998284500607545 1.5950865309360562 27 55 22
-0.42500583647067036 5.573996539353863 0.4265207416182851 125 121 106
-0.03749747241953313 6.283486477744501 0.02796186601623576 145 136 103
-0.27867307080407133 5.846474351860588 0.2849543019749693 174 168 135
0.336086820793081 6.825225847362968 -0.3861501922253585 228 226 220
-0.5290711527087725 5.184987570241905 0.4824585124581368 111 111 111
-0.5290711527087725 5.184987570241905 0.4824585124581368 111 111 111
-0.3510962563932785 5.5617123474319525 0.32179299895843383 14 12 11
-1.6807112319417463 1.014049714421239 1.0324956704195989 136 103 83
-1.6807112319417463 1.014049714421239 1.0324956704195989 136 103 83
-0.4290968448785003 5.378150160242557 0.40389419746893535 17 15 16
-0.5058696557540795 5.267133865744176 0.4999177179898488 18 18 18
0.11809271745645933 6.4869892871801 -0.10993648902996737 24 20 15
0.13077251480065027 6.493873803361686 -0.12879008258806957 24 20 15
0.01751379359919722 6.37685005714021 0.020012000273688085 196 192 162
0.012010588002952792 6.329885480647784 0.020140914991241307 50 42 16
-0.020190629127545934 6.094160733781244 0.003947032159950571 22 19 21
-0.4789567168306442 5.076641477046563 0.4542025406129245 65 63 69
-0.5880403999371382 4.915788268403284 0.5811495162403574 24 21 16
-0.3241965101347264 5.632094294155046 0.3969100319396022 26 24 18
-0.3241965101347264 5.632094294155046 0.3969100319396022 26 24 18
-0.02001006690932498 6.023265986390284 0.0481364445220837 15 12 8
0.0901914246507033 6.286464414567536 -0.022809502157353886 14 10 8
-0.39584338086707693 5.434496400733524 0.488592463780189 5 3 4
-0.2833316475288988 5.590408095998012 0.36609860686276713 40 36 35
-0.27870383234426166 5.631472547531404 0.3903345845491811 154 153 146
-0.04774040068512291 5.9357225436201775 0.12969601791485907 226 220 182
-0.00037655255030113745 6.061350828139171 0.10486382520386436 14 10 1
-0.12195184353011894 5.817532087834977 0.22940507949032404 127 124 123
-3.331074061677249 -5.483785067804108 1.7841349638454944 30 58 18
-0.4681551067774491 4.968156466124855 0.5351987248307583 27 27 21
-0.0758185381338945 5.85200873861478 0.20834487055866205 25 21 7
0.1956919853929288 6.400244294834948 -0.03023648831524095 26 21 19
0.05121710082829966 6.115566651763621 0.11721374097938916 204 197 168
-0.3390864155825785 5.4391679836409175 0.5298315494574757 44 37 7
-0.2598462488730896 5.568274885690904 0.464136204668406 31 29 20
-0.4262538141027491 5.1341630117936 0.598574059184223 16 13 1
-0.23128888484687443 5.6336587055589264 0.4570019836227708 28 23 19
-1.4187066386788605 0.7346355198908787 0.8111209815880751 205 199 184
0.1505380333760702 6.2788936857769055 0.08332380763462963 12 8 0
-0.33447674589423015 5.416719003687488 0.5817871242150915 193 188 163
-3.432353319698992 -5.9056766088413895 1.9343986678863776 200 200 202
-0.2977428606941325 5.346837943182653 0.5325578079923748 8 7 14
-0.1471866177133053 4.769386192823102 0.11457445894116963 209 206 197
0.1773331324249819 6.2641654956152815 0.10597651632439406 216 211 189
-0.7512359138750244 -1.0304869806687889 -0.6878471480593696 59 87 14
0.18611044889035858 6.194318430314518 0.07226361916187425 13 13 10
-0.14965386223896313 3.817137724376117 -0.1228698387668791 251 249 238
0.12515940947688894 6.027080152262182 0.17925783148288463 34 34 30
-2.5559225438324855 -4.734933766637329 1.034701366955483 87 114 63
-2.5833008533127733 -4.834167716310371 1.0526768169276435 73 99 31
-0.2227630219322373 5.5157202042469615 0.5774896519142403 21 19 22
-0.21914427851843823 5.51924511146297 0.5727398237462089 21 19 22
-0.29594864901528445 5.219215492932156 0.6094872022078812 134 133 130
-0.30808370867777884 5.0267391492075815 0.5959735574839105 40 38 31
-0.198771872863178 5.438325496875229 0.5629713146624701 105 106 98
-0.07623847985456537 5.626539392083519 0.45658074126923853 16 13 3
-0.03618960798572857 5.569655292000979 0.3782331848144466 11 9 12
-0.11984634470515143 5.6355808258400675 0.5306966199519999 156 154 135
-0.30687611467005693 4.96208158843034 0.6427868063847569 163 155 111
-1.3391191701478726 0.16392994376614808 0.7742801364730542 140 104 100
-1.4467879265146135 -2.868737941293224 0.01854596133449946 172 196 116
-0.25067689684822175 5.166826522115984 0.632915692414311 6 6 7
0.20829713641385536 5.94757986988627 0.18431147012136134 220 212 180
0.39444019646799405 6.17931283891698 -0.003996816610850585 18 18 18
0.07961304053825194 5.77022512094653 0.351275676303989 131 129 129
-1.3295927397585285 -0.4366342261979687 0.6192474926336466 184 182 158
-0.154871994418128 5.406197680791035 0.6137500486562009 36 32 27
0.5727148597817717 6.49032274266574 -0.15873405125416998 47 43 35
-0.039978910714641144 5.529612800281719 0.48535257323228365 132 132 128
0.2742101463187301 5.988120077754793 0.15560041438307567 14 6 0
0.5202225074304315 6.22196895061035 -0.1078129771560202 42 40 38
0.3314886253503375 6.053047155610928 0.13455631443262114 158 152 145
0.08510672664814363 5.720487178399539 0.41169767407593055 47 43 38
-0.18557292656026034 5.145577031745772 0.6824446863600144 20 17 4
0.0005171253661738274 5.60722124233117 0.5480867088727503 14 12 5
-0.1389833814011553 5.297631059178901 0.6710405493766194 12 11 4
-0.16699083542134915 5.083257346120276 0.6521427379153937 5 2 1
-0.16619704986880499 5.1113817277389835 0.6713615366471928 105 101 91
-0.07972657988440982 5.3977446268572695 0.6315436569896403 35 25 3
-0.06627952714919604 5.427835575904229 0.642543683232466 208 202 171
0.15840121092668652 5.763279165960162 0.4232334065764078 30 26 17
0.1431066419663984 5.753934792455843 0.4443452645244728 30 26 17
-0.05294733758988589 5.4395032035816175 0.6500913062735312 214 209 182
0.5567009969170118 6.218965770501051 -0.016133436770008235 174 167 156
-0.09844515491830261 5.095339959568947 0.6347297665277376 6 4 7
-0.08727853021069337 5.342025724140671 0.6929589709534085 146 138 110
-0.042356950211621565 4.3896758222207275 0.40332626788941095 201 199 191
-2.1719110773145376 -3.894344192901342 1.1025329468027405 205 222 144
-0.4025181124705017 -1.7290728988906552 -0.8827213645493684 129 138 67
0.054793393998919235 5.486774669513339 0.614708619777459 22 22 23
-0.03787428286139722 4.8385242836433475 0.5652913882250281 53 47 35
0.008631814010822251 5.373922508941213 0.6832748890504842 39 36 35
0.49095993033023183 5.923494603926028 0.13811996520304995 199 191 166
0.8232740746150298 6.268937542378528 -0.2513163287405008 47 44 41
-0.060650976082519965 5.069118823123316 0.7035793504854262 10 11 13
-0.03253111802073014 4.161691582365317 0.3922751621810191 153 144 115
-1.933507477172934 -3.4629842657401633 0.9554341209253282 187 202 125
0.6904110944038008 6.097417531878721 -0.07321475711145824 142 139 130
0.6029246490759418 5.999912619893258 0.03177536439793909 21 17 11
-1.2237566334341412 0.5574034124262411 1.113713531425934 208 205 183
-0.046084118077087406 4.993999839644851 0.6918014111612895 152 146 110
-0.037113563398946815 5.107247952904258 0.7345021711062908 6 4 4
0.009086014594838116 5.296278854687702 0.7616294118066274 6 4 4
0.07948989149545062 5.40001619916772 0.690495254514364 23 21 14
0.07948989149545062 5.40001619916772 0.690495254514364 23 21 14
0.5703765719221368 2.6128797275617575 -0.8321830511975716 216 209 176
0.3219377586299301 5.710868492502036 0.47457231046368775 58 55 53
0.09665095586764111 5.370603548245541 0.7165933702177086 193 188 171
0.27517364716175874 5.552611340673404 0.5130539156714558 26 22 15
0.12014998403704517 4.441230877556402 0.41910757555872624 223 193 172
-3.1626915971312837 -5.93868128016939 2.15980968240842 185 185 187
0.9461092201775849 6.203263488259256 -0.264522929999837 231 228 224
-0.6239284157453803 -1.9653672954731123 -0.3778472394073851 158 143 123
0.10608747533207376 5.2171240464816355 0.6827579635675528 175 170 127
0.05999072427763722 5.199484183100357 0.7502002126988059 175 170 127
-0.24965786388244884 -1.5343169205441103 -0.7909461041934636 148 164 91
0.27589927274037884 5.644912040841189 0.5707904481440622 150 146 142
-1.0988489533942405 0.5321718570190348 1.0828302276797528 229 225 212
0.15504893336982348 5.424683894322738 0.7407869616235453 207 200 166
0.10818387222849994 4.879229381984124 0.6629283640656448 26 26 27
-0.07238644320139098 -1.556314621767427 -0.9259474242131249 131 160 72
-0.12822763393463682 -1.4993926345306998 -0.8261776051309411 70 103 25
0.3416094030481533 5.586873572061008 0.5806164135130729 159 150 121
0.24048535622839082 5.365871418483686 0.6825452462084516 205 196 164
-2.0492933112923772 -4.681508936675 1.047231236240346 161 180 95
0.2763461623850914 5.4887461811391995 0.6741216819769207 22 17 14
0.1466734397071716 4.942025287779696 0.7147094032707147 30 28 7
0.15842641215006611 3.2273333136835753 0.215467451104594 170 95 82
0.2534468758925504 5.0195223471687695 0.6226096785155446 186 181 160
-0.5498242375542288 -2.1237705383757506 -0.2826986280058341 90 94 31
0.305662236365875 5.361668635231735 0.6826416293126739 7 7 9
-0.7942375671489198 4.660646431612458 2.073323133788275 14 11 11
0.23270354424457915 5.098171479370354 0.7271241426185135 14 11 11
-1.8105496283961706 -4.568123715305305 0.8454206500330481 47 82 15
0.2009446667276207 4.861823796132684 0.7286049957712937 26 22 16
0.5213850626875054 5.649694604451887 0.4979259869085767 10 7 2
0.3579180241512159 5.310411279983164 0.6494016686575568 11 10 8
0.16670428157944556 3.1211299255483516 0.3254733284993427 163 119 89
0.1854896563816807 3.1230084614442326 0.2982287183546873 163 119 89
0.022734049315065376 -0.9795048841555626 -0.6433037427562394 112 145 58
0.7808489185169604 5.282166773745974 0.10086926911610704 35 27 10
-0.35971990747029625 -1.8882576089250502 -0.3491702751123328 224 224 201
0.29616079186703725 5.1019151756027235 0.7567852463588292 24 16 3
-1.2446378957546669 -3.3365752783975444 0.4919953012305678 121 145 81
0.09864859728714116 -1.0692579871726517 -0.7413755151053 69 103 23
-3.009993525048941 -5.992384708992833 2.256460540681526 196 196 198
0.4353786835468623 5.2699224581852855 0.6605317333183444 22 20 12
0.12799407379519898 -1.497337302702777 -0.859484306410617 55 86 33
0.3329356239170964 5.129365115997484 0.7742144636860405 163 153 115
0.22147176158328424 -0.9932703308992226 -0.8424937631199553 47 81 26
0.4140334885590218 5.319610452007479 0.7134452127212118 12 5 2
-2.477412355296647 -5.41935878986361 1.729332905001053 108 136 86
0.6057915432905318 5.560059679324201 0.556386541260945 159 151 140
0.38425167405957483 3.4938817751697684 0.27681062499621767 238 233 221
0.47117761489250265 5.34870237670774 0.6959149630329775 149 143 127
0.38493001387825043 5.0192281666991825 0.731508063357135 115 112 109
0.385306128848123 3.197099142970031 0.23207951051700298 224 216 198
0.7306136498945067 5.607753580646046 0.47815604383364557 42 37 30
0.4852644205808464 4.899239449034193 0.6454375420342839 30 25 24
0.8224147643899624 5.610066022298524 0.38518620838806494 7 3 2
1.0450123667868856 2.1432106340570236 -0.9077874524920537 161 162 121
0.6130245596366645 5.35957074904218 0.6203830432986042 14 13 8
0.548044505443103 4.875975262947148 0.576444981425636 80 78 74
0.5443600261062126 5.2398705082339125 0.7164882536375856 193 189 172
0.6540199528665136 5.317377893644683 0.6062245440686245 23 18 3
0.5696303950244359 5.278963656331732 0.7178644357907837 23 18 3
0.7215689944715058 3.8156988783005277 0.09452784015577784 236 230 214
0.70849214225209 5.371987373228109 0.5610811451077904 166 157 130
0.5514790082323721 -1.4216515721564102 -1.1620612985309249 28 60 5
1.0913106980025855 2.1819162106240437 -0.8612224188893514 64 72 19
-0.3303031884269448 -2.119389399812861 -0.11851056744388762 144 139 106
-2.004896919538502 -4.433442047677762 1.547539654069852 129 161 100
-0.24772036309067663 -2.0598910220015347 -0.19764128523456823 138 133 99
0.6015845870179665 5.205800690701857 0.7261663491709968 178 169 146
0.745443442111689 5.341889036437697 0.5860459665271225 164 154 138
0.6114289802949263 5.1233525698475955 0.7115201424341772 176 165 151
0.9081479053855567 5.632028170707664 0.45001964462701766 231 229 225
0.7746708815919484 5.313323317241865 0.5539210925325566 20 14 7
1.0428857590616138 5.571548723531304 0.28340356351581303 49 41 24
0.8363793142557805 3.623351738171399 0.022086767298357887 244 238 219
0.7073087798563892 5.108047376449154 0.6276285501753197 38 33 16
0.6974628631482833 5.1395123913356695 0.6569657874815388 29 22 0
0.7192742934660863 5.0429209693125525 0.5997125872573608 158 154 143
0.8095254380258353 5.330730511347622 0.573990053397365 24 16 9
-1.6988999800314262 -4.877461188410396 1.131235061177597 81 116 29
0.8136114998975911 4.8597303834239804 0.4713663048226222 27 23 22
0.673994425885148 -1.065255533881132 -1.0324163532249486 120 149 34
0.7554879105890355 5.10455476288009 0.6549503152900539 175 158 114
-1.6129067144442037 -4.736454119633889 1.107118597809758 48 86 18
-0.19209068473146212 -1.9160336000056257 -0.023065874880638566 136 50 40
1.1267592683995757 4.78196056304607 0.1216742409861546 45 42 39
1.0930594170602614 4.638280064898625 0.12891165957195314 47 45 37
0.9481257010467351 5.132014046966898 0.47961881210474655 33 23 5
0.9027527522311323 4.973085548817891 0.5245051165506077 228 215 175
-0.0888808266582629 -1.967595772923881 -0.09038818853887666 209 194 177
-1.0675346850797718 -4.188467633317309 0.6139370283717953 137 157 101
1.0982004280288407 1.5511171120294132 -0.6921913540360563 145 157 83
1.2951571762824208 4.753193352430112 0.0018991302774283617 230 228 222
1.290279567675926 2.195831606575446 -0.6966917984417612 78 104 58
-0.9483337685321088 -4.155811003723313 0.5525594609291964 39 65 12
0.8701507088927777 -1.2084408511911435 -1.053767154713065 36 72 7
0.9089229636000236 -0.32645482402885806 -0.8161672596533934 31 65 8
1.1484273461896939 0.7736685919121853 -0.8224408269391132 153 171 77
1.1791945694764157 1.1744145197485354 -0.6747047541539682 118 144 57
1.0385186882205761 0.7538540406426149 -0.5969509553139911 110 134 38
0.9037345980316402 -1.207654786644088 -0.9467186293683068 61 96 13
0.5234522630287283 -1.9893545383889404 -0.6318654442069399 196 191 165
1.148086698135491 0.7402121886024327 -0.6791045181770397 169 196 117
-1.9770739377703226 -5.5201380738932535 1.7210074319321151 87 114 77
1.149173673554487 1.106691352966901 -0.5736255350521775 152 176 101
1.0650251450492614 0.10226269600342591 -0.7185771515749417 25 54 6
1.1211345849675538 0.1466702794337493 -0.7691691239595374 21 52 0
-1.9557511052990424 -5.629136764447614 1.695782846270255 73 90 70
1.1076489468260855 0.22407133343084443 -0.7084159039356646 24 55 6
0.9739870374678421 -1.5525904951182015 -1.0023136935786463 122 141 108
1.206664944254792 0.06567266373559444 -0.8274174513979248 52 85 29
-1.8837198864120295 -5.548764081725651 1.7007007887469032 31 54 17
0.978525253069715 -1.4868360458905092 -0.9303573124438925 120 138 106
-0.9850441100316447 -4.689972990408976 0.8231137998671098 115 142 75
1.2189566662041336 -0.4553775932669191 -0.8801637629707372 107 131 26
-1.818969235539513 -5.548841412697527 1.6822878696287213 114 137 97
1.2887812549029616 -1.0088790642863679 -1.0503013916964856 115 150 74
1.3363953749988164 -0.491840100845506 -0.962024614594828 149 172 68
-0.36466373290133836 -3.6995940555465623 0.37122016550876896 145 173 67
1.4312821374640525 -0.3799008367433335 -1.0260326538144584 136 162 61
-1.2966957012316584 -4.801533923565565 1.2946259805064182 136 151 113
-0.6255932916507368 -4.1174645832817935 0.68100497923246 229 246 192
1.8852937520941613 2.108624313435193 -0.810424213175438 75 108 17
1.2047072922920716 -1.3259132844565416 -0.8056725019813743 58 88 23
-1.529352600295651 -5.666342927536841 1.5004378350415675 74 92 71
1.656082955493603 -0.261143572212263 -1.009371479767517 52 74 1
1.6783380210456857 0.9867733541960424 -0.6159154446904698 183 202 160
-1.4925312631990029 -5.35305231375072 1.6752000469150055 87 118 60
1.358917208535321 -0.2753820665454039 -0.5351863444573742 83 105 28
-1.111179800653225 -5.397944275669557 1.2320024866696975 156 179 105
-1.3719670669660273 -5.2869702298977055 1.6176811992178195 162 191 111
1.8109599193696841 1.3224628208699007 -0.585439876450434 140 164 85
-0.3217547553676115 -4.266409439052405 0.6407234355145954 60 89 34
2.0175361128347036 1.6728107936953809 -0.6536459931562654 144 164 93
1.2966889074661962 -1.5551721663191371 -0.5496967119736474 85 129 51
1.8373973499440024 -0.5189608357146175 -0.9148233220089113 28 52 13
-0.9878909542626326 -5.100183626058755 1.4060213218533715 64 97 56
1.8638637336206803 0.6618185002260939 -0.5240132373002533 162 184 109
0.3838705109067434 -3.3281364595799747 0.3446485828717709 68 102 41
1.367889342733651 -1.8958145298591504 -0.40897532286421373 189 196 157
-0.0020358904301943444 -4.054745379596087 0.6854848791350917 68 102 26
-1.4203078156603604 -5.89619906434681 1.9301224296864905 201 204 205
-0.4192649880774901 -4.998549927168117 0.9697941987816271 175 191 145
2.145039243857418 0.7688245372229678 -0.5798136065830798 155 172 85
0.6346810034013712 -2.98309643548448 0.2794291667125175 230 244 182
2.1248215983980083 -0.8914676142939577 -0.954434369845465 76 119 46
2.2194195745509724 0.06745735509003124 -0.8047634609130115 131 160 79
2.12528320151607 -1.057687714616301 -0.9422608867889284 84 125 62
2.2350088821214937 0.5827535895903159 -0.6206429375088112 160 178 82
1.636723141301072 -1.5274321446526105 -0.4229588772278227 135 164 100
2.5410502109014095 0.5384298481726429 -0.8860389542858746 158 176 92
2.1535772636740553 -0.9208669878107576 -0.7671159310077191 70 111 54
-0.019697967179822997 -4.471299113058968 0.8907195081873329 96 128 80
2.7035396125437106 -0.8161649281970405 -1.3572264671148617 146 169 91
1.8761618497282402 -1.702365219178322 -0.5342100672952722 192 206 149
2.238551923952107 -0.9893244219362176 -0.6744334596066585 54 93 41
2.033904940108264 -1.0973830662036614 -0.45364405490818127 55 95 31
1.9294409879577525 -1.822096239861305 -0.4908967078970755 170 187 114
0.5372920879057648 -3.87652470006429 0.6829244394614599 135 161 90
-0.41351006001811913 -5.350935517474445 1.4258284170829263 80 106 62
3.046416852043937 -0.7083654981505386 -1.3669379995553317 65 97 36
-0.21862803094353844 -5.135028339492446 1.2745822851787538 153 174 131
3.0942895564787456 -0.16202467112871033 -1.2410347047879005 158 168 114
2.6657161137316114 -0.7793235653232788 -0.8570254300202573 222 240 192
1.797903609733465 -2.474767836194216 -0.2461702890045437 178 179 152
2.3651777176594826 -1.3154814800983525 -0.5633732409611559 169 191 92
3.195251015672183 -0.3138909590563904 -1.2496588980770829 155 167 105
1.0916205117720579 -2.9573474821015853 0.4758537158787477 249 250 244
1.0433301144306322 -3.2620278129809726 0.47357563995969076 153 162 113
2.04040794089039 -2.273533000913913 -0.3969669202853777 85 100 54
0.5818671788751432 -4.124987684529175 0.7924758962278441 75 105 64
2.714076251572709 -1.2553601136689887 -0.8563641779758028 155 176 114
1.9168952227092624 -2.321268632831011 -0.1932625977226294 220 222 205
0.16090646443886983 -5.328444088217046 1.0375739611258181 156 163 155
2.9181540607851004 -1.1927865091917205 -1.0208887966195486 65 90 35
0.6941045901037647 -4.323838980313445 0.7144193584523704 202 223 181
0.6941045901037647 -4.323838980313445 0.7144193584523704 202 223 181
0.7703789649762139 -4.081296860289341 0.7455234199786931 106 143 48
0.6600718159505194 -4.461609419810941 0.8101654599777622 134 168 92
2.4810186380383246 -1.8556409525247561 -0.561338320475758 201 216 135
3.0992602778922556 -0.9569958216243433 -1.019672567664109 131 145 78
0.23563406004266677 -5.650018449326704 1.0066076180982282 185 187 188
0.9110571997147873 -4.179210887102177 0.644838841769118 41 73 23
0.7534732290608978 -4.514033128518353 0.7397975721228359 38 70 5
3.1973456533035476 -1.3328363021121148 -1.157929713661714 223 221 215
3.0119306453614363 -1.747190121950656 -0.9879141473924228 96 120 23
1.3745165097847578 -3.27352383472358 0.44014196372867137 82 100 35
3.0253311466621113 -1.531289658747472 -0.9095972655569023 223 221 215
2.146610828869309 -2.464441298154246 -0.1338445698116121 231 231 218
0.838258876994125 -4.836778502957583 0.7594032615984876 81 117 65
0.8486657452244555 -1.6844938027901428 1.5681968239064699 51 79 16
3.197058856770234 -2.2761800697649237 -1.129575295447474 51 79 16
1.0698914963682364 -4.2822614045399146 0.7245197591520695 45 75 32
0.1715117561600552 -5.716194634962682 1.3518085324745737 230 232 233
0.7289862081288178 -4.995086850927214 0.9598061102454448 93 122 38
1.4697216442202385 -3.9583600063114504 0.49047543874912264 210 223 212
2.0380554510096194 -2.694498879179867 0.21700108287949502 192 192 164
1.6290294661248461 -3.551852329185744 0.46386796368147587 157 169 109
1.184765527454626 -4.685701625505913 0.6764167770870237 55 90 29
1.9061666471483618 -2.762124467930315 0.4095584320102477 248 248 236
1.4137816442042164 -4.303117736177642 0.5897419390589813 121 153 68
1.3928607254756535 -4.643339881338036 0.621021591288397 126 160 78
1.2804980245337514 -4.78274112791557 0.774439798093978 96 129 70
1.5574263700774096 -3.814394202629895 0.7594941338684933 192 213 196
1.5574263700774096 -3.814394202629895 0.7594941338684933 192 213 196
1.7563587388219644 -3.897150724992434 0.6463339151897457 190 211 198
1.7018403620480536 -3.843255884856333 0.7491484769422716 68 92 65
1.4766575643840791 -4.924759492426762 0.8060185610633681 71 106 41
1.1911055025764155 -5.115616599338532 1.0715095359362763 80 116 68
3.3979304450397403 -2.7318958215416798 -0.41824610543707835 136 151 113
2.556868343762791 -2.628007633300852 0.5511168519246837 145 166 74
2.0073502729296497 -3.7778608807429834 0.831764064764451 94 125 28
0.4403439871837077 -5.899415837076123 1.936875225159862 234 236 237
0.45506223548638775 -5.910219062604748 1.9189653782543932 234 236 237
2.504325034052744 -3.3181913565779504 0.5070473978098077 137 157 102
2.004002967235489 -3.7655217404972565 0.9018672097920714 187 207 138
2.123533313564533 -3.833065461715129 0.8361399710822581 220 240 182
2.2771009549615555 -3.3471937260872267 0.8047136050303173 213 233 189
0.4127635912934718 -5.938781541793016 2.1259406985955542 172 174 175
2.364282185938276 -3.504189845759775 0.8034472997790428 104 139 20
2.1233968358146 -3.9041754351637277 1.1110184945203156 106 135 66
2.0404971898912345 -5.318495632185024 0.8995166654069412 65 103 47
0.4868084580933214 -5.983636950380906 2.24827900978938 188 188 189
1.7250965239754465 -4.951766699937369 1.3274694210702247 128 161 87
2.799355684993566 -3.4228070610293284 0.8359632067068952 129 158 105
2.6870394990493223 -3.289558070224417 1.0160269536096058 169 197 140
2.481896550226251 -4.230462272500394 0.9971330746197602 53 74 10
1.1354608539518747 -5.904404116187625 1.9685873318061569 201 203 204
1.0643338663533832 -6.054919328240545 2.019101304896645 205 205 207
2.4967349489723536 -4.322052465908696 1.1242090672036718 68 94 35
1.9963245340520548 -5.22866551556375 1.447992254727009 29 68 15
2.601777462086661 -4.459419050244143 1.2006706271085104 111 143 90
1.3525154939480193 -6.021515704216551 2.3556679600312584 194 194 197
3.047502149793269 -3.99735716944399 1.3295357564461492 120 150 90
2.777546295862558 -4.760894615398102 1.4692464984205589 104 137 62
4.718754032006126 -3.589606865735484 0.014424007895080686 163 185 112
1.3049889287126362 -6.038965657613686 2.4887565064629307 239 239 241
2.201805470740516 -5.040746545873241 1.97475480331978 122 155 56
1.4178151462599387 -6.018773771723395 2.4599761768653883 232 232 235
2.806221128957902 -5.418208640805648 1.6616468533866793 53 85 53
3.4521959786012912 -5.0251590195799585 1.1998916118283478 42 74 13
2.936630711934453 -5.308153950752546 1.5905238340969612 72 105 47
3.891257908643726 -3.2433138022513566 1.276528882123945 146 157 81
3.86456645410514 -3.6726889209688918 1.4072850564518669 61 90 47
1.8499080859520993 -2.8691806423883124 3.4114554714253056 127 135 87
4.343451918302626 -3.691450941951184 1.1895583669404777 127 135 87
4.117242329464082 -4.788379265724585 1.220272111949211 98 118 59
1.9222357813145248 -2.92247979078332 3.4418374890826957 217 215 209
4.424983708162495 -3.747874470258913 1.2364257469662188 217 215 209
4.34575855744014 -4.258567125207437 1.1932565613173898 122 132 69
-0.0055201674704701215 -6.55101662980842 4.380241365119801 200 200 203
-5.522769173982128 -4.420014466859864 -3.5829659196835504 177 177 177
-5.967964504904156 -5.032107496662926 -1.3403487060712445 152 152 152
-5.090891374552725 -4.253509418038333 -4.3264873486920745 182 182 182
-5.090891374552725 -4.253509418038333 -4.3264873486920745 182 182 182
-6.084424823122122 -5.179507951837571 -0.6489467423553755 186 186 188
-5.912912423395632 -5.063762282895171 -1.273245371203002 137 137 137
-5.912912423395632 -5.063762282895171 -1.273245371203002 137 137 137
-5.436834828213307 -4.627323805993065 -2.823010931779002 176 176 176
-5.436834828213307 -4.627323805993065 -2.823010931779002 176 176 176
-6.122745867637454 -5.282478090363344 -0.356668213521418 147 147 147
-6.122745867637454 -5.282478090363344 -0.356668213521418 147 147 147
-6.088557463397494 -5.263535236504745 -0.44642158935799636 179 179 179
-5.870422426914017 -5.082905216982109 -1.2097127730572699 143 143 143
-5.986856660219238 -5.325139553865362 -0.25833493644912975 192 192 192
-5.748004646651291 -5.192418678436432 -0.6920838390996549 215 217 218
-5.697952518776545 -5.216664613550601 -0.7055168578317934 140 140 142
-5.697952518776545 -5.216664613550601 -0.7055168578317934 140 140 142
-5.748191880431344 -5.260107422244257 -0.47876815247085136 166 166 166
-5.400820669292636 -4.963503885185717 -1.616399937775344 180 180 180
-5.38796542665445 -4.982599162652657 -1.5742874808925835 216 217 216
-5.272543633103767 -4.937710279674381 -1.764278293089487 176 176 176
-5.960960342412958 -5.5811531522547275 0.6711207428205179 186 186 186
-5.960960342412958 -5.5811531522547275 0.6711207428205179 186 186 186
-5.619540366577904 -5.34132587129863 -0.2916347778443775 216 216 216
-5.4848951550882425 -5.206112621251783 -0.6862759805261333 139 139 142
-5.488040770987544 -5.197544212961077 -0.6663798182701326 139 139 142
-5.549557024619476 -5.306909830756134 -0.2779990522220478 218 219 218
-5.558789752363998 -5.317037624256892 -0.17266082168842678 140 140 140
-5.520514365699644 -5.3198612258972515 -0.23255490007518845 215 218 219
-5.488029196793345 -5.3235837793215275 -0.19272454794008703 160 160 162
-5.489382988905486 -5.363683999670099 -0.15501335224628995 220 222 223
-5.492304815464599 -5.366473985356546 0.004274791466266882 134 134 136
-5.396085931122644 -5.30393658000825 -0.2677817982668329 162 162 164
-5.389350445626078 -5.320027502602109 -0.304295307510309 162 162 164
-4.955604951349681 -5.4287873780341664 0.22644688994020418 172 172 174
-4.955604951349681 -5.4287873780341664 0.22644688994020418 172 172 174
-5.294468851581757 -5.680265949843754 1.1541054431715339 181 181 184
-4.860040748731959 -5.439022466346301 0.2992112751057699 220 222 223
-4.826739041150601 -5.458046727755181 0.29347971174277027 150 150 152
-4.832074097621737 -5.448902034845528 0.31353759082821425 150 150 152
-4.744808266204019 -5.465409956545983 0.18962876145016433 158 158 161
-4.9467368312325135 -5.67961352247238 1.1880937350896492 151 151 151
-4.62383296495555 -5.509138984345135 0.5709945980114691 188 188 188
-2.893327125446616 -1.4259790044436407 -2.3006157338802833 195 199 177
-4.488602498360754 -5.486628495169604 0.6554831445087462 162 163 163
-4.488602498360754 -5.486628495169604 0.6554831445087462 162 163 163
-4.154800861236166 -4.853589069604838 0.05386087737551698 60 75 41
-4.2664746616937155 -5.411971697939194 0.36769104305489136 134 137 134
-4.275572112337934 -5.449056548594906 0.458484767083249 173 175 174
-4.247808830025378 -5.5021992116409 0.499734334921399 166 171 165
-2.888920228342886 -1.3251864253614731 -1.3022204320360473 104 125 58
-4.260586914407996 -5.534049921235025 0.6299466829780705 172 174 169
-2.8431778624129245 -1.03440067856527 -1.16843227653026 106 127 58
-2.621037099688101 -0.2440707572371118 -0.9777876602654032 70 100 22
-2.032274327664117 2.236776881153931 -1.298407614318432 95 122 68
-1.753309415568976 2.5949895140650394 -1.583126971065988 117 135 96
-2.168043063085504 0.0976223818659875 -1.0264552557534892 38 65 9
-1.5065385699181701 2.693146969307159 -1.513918848493019 66 97 42
-1.5065385699181701 2.693146969307159 -1.513918848493019 66 97 42
-0.9868172121553548 5.250566441726415 -1.5857190453399808 222 219 216
-1.1203889386103656 5.054581945325076 -1.2914664718273097 26 18 4
-2.438367171179294 -2.1975762116892925 -0.7873376644242747 28 54 14
-2.3661088379689246 -0.940850632083633 -0.35372868808427316 86 114 43
-1.1084516292816549 5.161159186644725 -0.9785837450261171 5 2 0
-1.0741903147318614 4.54809145003729 -1.2006830891041858 79 71 58
-1.125520795134775 5.209066830360411 -0.8636463520323449 10 8 5
-1.0969994013568747 5.429586964893637 -0.8357787695586376 83 81 77
-1.1622034003105468 5.213547475396182 -0.6748672080210265 8 5 1
-1.1316630015460387 5.1414354131717515 -0.7174572883592458 10 7 2
-1.7124535928158289 1.1575200429585768 -0.7959926384195165 127 151 72
-2.1349026453982196 -1.937121073008794 -0.8422003998774518 79 104 44
-2.122850187912951 -2.2809949812863772 -0.964588093668619 38 63 25
-0.9267288899759659 5.793843650472455 -0.8017026168837496 233 230 218
-0.9267288899759659 5.793843650472455 -0.8017026168837496 233 230 218
-2.207803783139066 -0.3142710111754755 -0.118685508921627 144 154 86
-1.0475656080973712 4.719639525942571 -0.74987871907605 6 4 2
-1.8998884963495262 -1.1188057394652573 -0.841055657616095 36 56 18
-2.006157453420954 -2.2276099688668807 -0.9639804813547401 34 57 21
-1.057232104772457 4.5889328585536955 -0.7006610790607496 100 94 80
-3.281188216770754 -3.519060591942152 1.275157799804478 124 149 58
-1.0083418742170325 5.44039336165478 -0.4526886476309002 14 12 12
-0.6588782713125211 3.2628881795251314 -1.8662510015653273 201 197 187
-1.5815393343765234 0.6173570958160715 -0.7514057815782681 129 153 63
-0.8811230313736552 5.758039824739537 -0.5016260245419064 118 113 104
-1.0757138842563259 5.060886415528882 -0.32847884538452654 182 180 154
-0.5833726411079019 6.358924072895968 -0.9012181535624106 228 225 222
-0.6537327886881438 6.108786479769362 -0.7921896934583396 90 82 69
-3.7392675123985413 -5.811866452643892 1.6972698662211008 183 183 185
-0.917028248177246 5.673506527572147 -0.30026906280582283 10 8 6
-1.057544020845002 4.966455749037618 -0.2294386037021024 7 5 4
-1.01353247393533 4.651878182277852 -0.4082614061207766 6 4 5
-0.7195476423076304 5.948686786179733 -0.5519188170447805 154 149 131
-0.7195476423076304 5.948686786179733 -0.5519188170447805 154 149 131
-0.8868248454217408 4.244098044245714 -0.7564932370641277 99 88 62
-1.0285189771880876 5.170032414390792 -0.1732012548510236 125 113 65
-1.0416692709684874 5.16145292857847 -0.14792834075656383 125 113 65
-0.9396759005012281 4.428073390490379 -0.5830214541941553 106 101 86
-0.4984199252131822 6.306303485159417 -0.8314580272411727 23 21 20
-0.7924002159013196 4.102580804164756 -0.8697435614440139 111 97 66
-0.5588781965474877 6.225945202502162 -0.6084393071455525 61 58 57
-3.8215226326218983 -5.910282179527068 2.085440028456752 176 176 178
-0.921661584690652 5.408459677634224 -0.07857239059468633 22 22 25
-0.966822323465008 5.106789812310549 -0.07624392564419423 0 0 1
-1.2168653981844153 1.5356667583603592 -0.6743268218941353 56 85 42
-0.6630118348584797 3.488655961343645 -1.103976944501299 206 202 187
-0.8227618907329761 4.4043734972473105 -0.47927364146311513 28 26 24
-0.7074140915494294 5.814206685322866 -0.25956154021526767 20 18 23
-0.6992040251030639 5.818932537695731 -0.27504737099168375 20 18 23
-0.4394880627606787 6.416697042807917 -0.5986299395115109 52 49 44
-0.509573435585005 6.258940770052758 -0.498101803546796 8 5 0
-0.6865208278443 5.905128945919067 -0.2581479224238352 174 168 134
-0.8984370306968753 5.353907210571076 -0.009969578206909233 87 87 85
-0.9591682025355266 5.0328547131789705 0.05010953668764105 162 155 126
-0.9269616176843324 4.882267626835888 -0.05340872059312552 1 1 3
-0.4005258124002154 6.527217901699698 -0.5746406142269169 63 53 27
-3.78680899616911 -5.927593406079004 2.157091939827154 195 195 198
-0.5759454384894862 5.97309670868051 -0.32937087158894446 20 18 16
-0.6391863485861505 2.898715587965106 -1.1131492873544395 174 181 115
-0.9107613951192062 4.967738994311543 0.09286888463888276 5 2 0
-0.80817319590135 5.565004349966357 0.08845246933267045 161 153 126
-0.9002856844037206 5.0278941450455115 0.1265343276896196 12 12 6
-0.6972493887703303 2.732131788925937 -0.9527010253805539 203 205 169
-0.8315330655383902 5.270849012573772 0.13862561575544036 29 30 32
-0.6153661099308394 2.803831578536409 -0.9899254117329025 119 122 79
-0.8161245336982034 4.66681818499294 -0.030475546761797406 28 25 18
-0.5458512227235657 3.4268139591509836 -0.8806509524243569 92 86 50
-2.422211359966363 -2.580025239606962 0.88741651698737 85 119 33
-0.1011461770857334 6.7527040948158845 -0.6621086518617778 55 49 34
-0.46287341153713124 6.095161853943236 -0.14339176681797702 169 160 128
-0.4653531043621331 6.093543980606318 -0.13902829965054778 169 160 128
-0.6659232935118895 2.1867666047078624 -0.9339763213300382 130 155 32
-0.4720856223093343 5.9435354016945565 -0.11241885760721981 195 190 164
-0.733572161672192 4.719192343424036 0.04445824996040318 105 101 93
-0.17883058789542217 6.623294986724755 -0.4130241097836531 121 119 109
-0.7271629480116101 5.291032924422577 0.28041093961064456 2 2 6
-0.312863893205134 6.335679882321405 -0.1367668365180117 107 104 91
-0.7234823352074998 5.038162675898628 0.25085300219572665 83 83 85
-0.7504360790801128 5.063313961636238 0.31482089930514695 2 2 6
-0.2973068858790752 6.03910272893748 -0.16312373610731606 5 4 5
-3.186661591831484 -5.6974133825760065 1.6637805134189 42 60 39
-0.7259231870675479 4.928973587051375 0.30951907098602127 12 12 15
-1.729081586011271 -0.08859326953880563 0.6652815004004987 221 205 194
-0.6762285495967221 4.802457491242005 0.22787024338490822 36 31 21
-2.52791688635182 -3.444562912542044 1.183606101379538 158 180 100
-0.6217141005143345 5.480284291200612 0.38632218441680427 20 18 12
-2.6843502584484824 -4.732660679794576 1.138613629628711 126 150 80
0.227128763698375 5.787634102938366 -0.9832006843284739 15 15 15
-0.5284600537172143 3.9236653043596528 -0.15425392344574687 196 193 178
-0.31311581450998277 5.876799664139659 0.0424826637988777 13 11 9
-0.20695824410893376 6.184263088928657 -0.03444969644793224 128 127 119
-2.4441792629205352 -3.632284729704594 1.1326552205220928 193 211 130
-0.3760010622919015 5.767704864069056 0.16741496155724983 96 94 89
-0.5633291759823522 5.466188889735842 0.4468766170989439 203 199 180
-0.5633291759823522 5.466188889735842 0.4468766170989439 203 199 180
-3.078677502587383 -5.6614075984529455 1.7245945802818674 58 76 56
-0.6054549939486613 4.9287465851583185 0.380605727576809 122 122 124
-0.6086279317591059 4.93270067571459 0.3893556903171952 122 122 124
-1.1388418888729173 -0.8557814981983805 -0.30988715371588266 32 56 16
-0.42285725107131583 5.621087301505037 0.32264423305562645 98 95 82
-0.5601740465916704 3.9541069097003967 0.091380711195807 159 153 141
-3.3855253489338293 -5.958969000935277 2.2864123174759055 177 177 179
-1.496782629306987 0.714606376185171 0.855062680636984 106 60 46
-0.5562959802734482 4.483562641465899 0.3298585295248744 198 194 187
-0.1021823506732955 6.233292522997994 0.08231213398998077 17 10 1
0.1700374253911494 6.625062986277872 -0.2849324197542862 140 138 131
-0.41253135887134834 5.471844385074469 0.4217575928270448 124 121 120
-0.4814387172098787 5.19080563203766 0.5154663869563209 18 16 18
-1.5334096379016433 -0.1365118744076232 0.8311256814453561 201 184 170
-0.08759679020621416 5.903896273836936 0.13007795583089704 43 36 8
-0.38544647219201994 4.874709586626899 0.44014596963890784 37 34 28
-0.38544647219201994 4.874709586626899 0.44014596963890784 37 34 28
-0.2147559093540074 5.691864616850177 0.38040643090921045 132 128 126
-0.4225721731941507 5.206788614852676 0.6221060391490825 183 176 144
-2.8132528993457884 -6.036469670062692 1.570300424380747 222 224 225
-1.425298427155542 0.6664166515786848 1.0930741910121513 160 147 108
-1.4411552619073285 0.05779848055590913 0.953627818513565 244 244 232
0.048512583285363106 6.1149997705032115 0.12221550805482041 200 191 160
-0.45396290962248126 4.8839610796898665 0.6469906955548516 36 36 35
0.05555850635736555 6.062158362717349 0.1288787398141687 22 20 3
-0.33326319707445445 5.324842950009908 0.6017531197034114 16 15 24
-0.24846636493841875 4.823050320500017 0.32992660706852295 234 232 231
-2.144769037170977 -4.471268166737441 0.9608805376904386 41 69 27
-0.22860754697108623 5.510557458214202 0.5394487942642008 10 10 10
-1.239376912238535 -3.0001953231471403 -0.15631956455949797 50 79 28
-0.1626212600252037 5.599130641278622 0.4608760668890406 17 15 8
-0.15492674015552352 5.737175682014364 0.49121582470380715 19 16 8
0.232202843272291 6.450688411256438 0.034274561518738506 38 35 36
-0.170076622689378 5.617688257398195 0.5034704652573792 195 191 166
-0.2706922310526686 5.107892731680222 0.5347277610949126 11 11 14
-0.8891081737836042 -1.8444876072028884 -0.3896000750894509 228 227 207
0.18406967559647272 6.267238360509636 0.09673588467811263 208 201 177
-0.3286088606857273 4.969021919168153 0.6286679040810962 234 230 196
-0.3286088606857273 4.969021919168153 0.6286679040810962 234 230 196
-0.2732080460988783 3.626176342792201 0.16611133898826064 210 206 194
0.19008477509076763 6.0684726967733065 0.07885053265975868 34 32 29
-0.24085290563747963 4.883648080833072 0.48794510464424673 46 44 37
0.24407351907509314 6.302842194358222 0.11908861010446284 204 196 165
0.3536260161849685 6.20214310158214 -0.013178514190568109 12 10 4
-0.20066914571224154 5.195332367687441 0.7130584530654404 197 191 161
-0.11443804480025077 3.9848707151099387 0.22396571801260132 21 14 0
-0.20686893422516464 4.880745600996213 0.6427932634349846 14 12 9
0.22265119672071534 1.5347400215815847 -1.0200252711719133 222 218 203
-0.15355433605278948 5.0423458850449165 0.6274800371913124 10 8 13
-0.1484300179894467 4.786003279988346 0.5509178670892521 179 175 165
-0.18918942094978144 5.191339521758107 0.7484025070307034 138 133 111
-1.9670155003578325 -4.620970788893475 0.9948764346880291 60 87 36
-3.0148755544711294 -5.968926567259869 2.3905195316955967 193 193 196
-2.06852523776771 -5.138328323454844 1.0553618731800167 39 62 27
-0.00921352641635682 5.5353834509709126 0.6137673264992064 21 18 12
-0.00921352641635682 5.5353834509709126 0.6137673264992064 21 18 12
-0.09924905933348335 4.915524036620437 0.659670982419755 15 14 4
-0.10573189140621633 4.857441415905447 0.6577388497758089 71 71 67
0.5583113149761475 6.307385950826541 -0.019733172553004705 186 179 152
-0.23552688701841082 -1.5782976336144958 -0.9023796136008781 138 153 74
0.055619359363845544 5.4882334269578825 0.6137524697301898 30 27 28
-0.059385919970753175 4.148936735530798 0.43440710503154073 152 145 112
0.7174372708261091 6.4615117016415 -0.1828638050406207 231 227 221
0.5022862323523994 6.066586306788108 0.07561895317516784 142 138 126
-0.19599082563729064 -1.587007449558341 -0.8836859491664069 77 104 16
0.7231389816821998 2.5400020470677243 -1.23433949455977 246 245 225
-0.012612671169063528 4.4283052119220345 0.535886433399683 217 212 206
-0.19977115427701977 -1.4802580923117783 -0.7845711913580099 128 153 65
0.11108182238950805 5.116703669831392 0.5606996914928205 7 4 1
0.18636635804494275 5.602898897272258 0.5878324304985155 133 129 123
0.1911002086599187 5.305182579314857 0.5803436029170563 10 10 10
-0.12414686763066284 -1.4302656581279167 -0.75275549193196 54 79 8
-0.4699179643294506 -1.9874866264163809 -0.32229784313176457 200 195 167
0.042804805827215964 3.2665547929642615 0.30662723074854986 131 59 40
0.9444795866249746 6.261823855796075 -0.32053782505571476 53 47 38
0.31863277527161865 5.572212660186347 0.5576108138821526 10 4 0
0.8729848456743734 2.87633744071155 -1.0878901007829282 74 81 25
0.836154403790673 4.868920927889958 -0.4120610012424102 213 210 196
-0.017850378316206516 -0.11440994318311613 -0.36925701613761264 112 143 46
0.12107106705507864 -1.7262272688171987 -0.9794590547911894 128 154 93
0.27617546567574663 4.899777354457705 0.6156774249626661 27 23 20
0.21596695713091668 4.942704762573387 0.7395378724368872 21 16 4
0.21596695713091668 4.942704762573387 0.7395378724368872 21 16 4
0.20027416516142102 4.937258766468205 0.7644855908775197 21 16 4
-1.4491540642570067 -4.941021925926226 0.7241486209522514 137 160 103
0.24050119710353982 3.7120594168402823 0.4115625138521381 242 239 226
0.3548332927106468 5.349050383800152 0.6854386661160079 89 89 89
0.33987716870943363 5.340528517824134 0.7080801721820605 89 89 89
-0.4026962892092244 -1.7965764254144567 -0.04616999212989618 190 122 108
-0.4026962892092244 -1.7965764254144567 -0.04616999212989618 190 122 108
-0.4026962892092244 -1.7965764254144567 -0.04616999212989618 190 122 108
0.29766523149003893 5.1693805329309575 0.7641601294436079 36 32 10
0.2110008126025588 -0.4895777077143405 -0.6142938288466174 114 146 47
0.4288328028545021 5.456063582432906 0.6849866741002931 220 216 191
1.1948097136240354 6.182710506004072 -0.33289780041216926 230 228 224
0.32148776874354307 5.123053532497125 0.7925151926670148 174 165 127
0.45285830055429055 5.3389304916691405 0.724048620684153 149 144 133
0.44135267325275174 4.8649896050701535 0.6247755339675257 37 33 29
1.0877518390792693 2.705459671837671 -0.9728794038679159 120 135 56
0.3141382584657845 0.12477717009106547 -0.43418118830888414 60 97 16
-0.22133960855849372 -1.7585280020833598 -0.05928655521938005 222 220 204
-1.9636240090162502 -5.250708219181028 1.7460300520560923 120 147 106
-1.0848615123281908 -3.586279099741424 0.8267474821682255 152 173 86
0.5535723480435695 4.8127558028762465 0.5628755340197908 79 75 67
0.5052922080884538 -0.2041516518308536 -0.7053808659653646 46 79 21
-0.1689319183316161 -2.0580357633746136 -0.1483757246374756 189 186 160
0.677366063091886 4.1171299260964 0.20735643919640345 224 219 206
-0.6097285679835074 -3.3996918523316557 0.21875271046511985 145 171 109
-0.12726392609066536 -1.8569356243050048 -0.09515319462468705 249 243 231
0.8009340753242127 4.723115669688326 0.25362102200750497 250 250 241
0.5605872889147215 4.9897622685638146 0.7182259652593032 16 16 16
0.18435835445581006 -1.8918956688833557 -0.3854510880567604 221 220 203
0.7509338501122382 0.2467870644372218 -0.6943385673920583 68 109 15
0.695585858237611 -1.494713792869697 -1.05982059733813 137 161 68
0.695585858237611 -1.494713792869697 -1.05982059733813 137 161 68
0.6419763352533429 -0.17215318999530063 -0.6180009472936272 148 173 66
0.7804542557651627 5.066933866041113 0.568883013001779 27 15 1
0.8519022978166514 5.219697269684951 0.534725239290214 183 170 126
0.757433662813586 4.896986894430249 0.5880341620164434 83 79 80
0.8804893728271361 5.07530074105014 0.5222997486942554 22 16 3
0.8023349387148729 4.889059494267516 0.6018418436682827 25 19 5
0.8214287540859403 -0.4575322733809146 -0.8150541321411464 41 76 18
0.7812371201851472 -1.6716101569699229 -1.0535070031105835 46 73 24
-0.6671092777632217 -3.810207048656675 0.6106344077510798 105 141 57
0.8595580823756475 0.10181307576349839 -0.6520761032664195 125 151 35
0.8629196187571374 -0.5264953170312625 -0.817916763781757 98 136 57
0.8472026388954397 0.3380719734500481 -0.5664651352030574 186 206 115
-0.19143243392263887 -3.076634270997824 0.12067916793367058 74 112 26
1.085335986496555 5.161246633445211 0.3693216679112005 191 177 137
0.8445656480018572 -0.2656963575018421 -0.6810686651414194 28 64 4
1.3355405140887242 4.769404163779785 -0.08304896920903648 231 228 220
0.9118285892735986 0.29838909425022914 -0.6049262794555209 122 145 47
0.9107200041943309 -0.17942251540025433 -0.7064714814986116 37 73 21
-1.1598652160145417 -4.872221888723338 1.2442765545900043 140 159 103
0.8639426479945906 -1.6597614774804188 -0.9155832708866944 133 154 85
1.0980284278073227 -1.1642840281681905 -1.1097001253394991 65 98 31
-0.6365849655897526 -4.118243764492762 0.6994135745250657 222 240 180
1.1310858700385091 1.1869044605034975 -0.521663334596658 155 180 110
1.0949324627462682 1.0103728837949373 -0.5117079495282868 146 174 90
1.089359650944259 0.8237564109210209 -0.5511369630530353 136 165 90
1.2781698540209725 1.5363133917672815 -0.6397648570663466 117 149 83
1.1365865133907187 0.16596981134465977 -0.7408712700424808 72 104 56
1.2135837372432965 0.2232742897504276 -0.8024724924272773 79 112 62
1.2135837372432965 0.2232742897504276 -0.8024724924272773 79 112 62
1.3992705544065014 1.7288425665281202 -0.6857786161115731 84 115 52
-1.172851903521146 -5.754689121902098 1.1940757769671058 94 112 88
1.2776166375910278 0.20330961771956063 -0.8383795947804543 40 73 6
1.0617522779703779 -0.5363814300040296 -0.7122528322847076 136 162 49
1.4111387775227016 1.3732656116360846 -0.6684710181462242 82 109 47
1.2321156575583292 -0.5039076874223593 -0.8834119091106446 154 177 78
-0.7370209276260336 -4.850559363085597 0.9102630986410395 33 62 13
-0.7370209276260336 -4.850559363085597 0.9102630986410395 33 62 13
1.2258113578046148 -1.2007069732747537 -0.9892253593055889 26 53 25
1.4641475784494495 0.9053904536218099 -0.7855416133818631 110 138 52
1.3527153880311393 -1.313578738416495 -1.0450188594548113 108 132 88
-1.0930947809744722 -5.230972423065203 1.4717174207638257 20 49 6
-1.0582020722803387 -5.2205737369060765 1.4672156021104164 101 128 80
0.7182072132168807 -2.607059702427439 -0.3634243912180927 42 67 5
1.5954107825554695 1.4675300321923122 -0.5778930506050531 187 206 157
1.3183339238574805 -1.1864616281409608 -0.7993260633491147 109 136 74
0.4260639687308374 -3.010127915735971 0.03884805208177312 75 117 58
-1.4308643799182184 -5.885336758860632 1.949763851715142 192 194 195
0.21541044539776139 -3.348437635190839 0.26776769909111675 129 153 100
1.2566984042954166 -1.376312267399475 -0.686420271688018 115 150 48
0.07360909465902912 -3.7130424253274774 0.47066765858575 136 169 70
1.6121478109274594 0.9091168220879428 -0.5208757708303834 197 217 173
-0.8582233934685586 -5.959184316746271 1.2680452074458481 219 222 223
1.6691114030372391 -0.05998046640693455 -0.7614972138830569 96 123 35
1.6691114030372391 -0.05998046640693455 -0.7614972138830569 96 123 35
1.6059414711229933 0.6861952783244898 -0.481408590008941 105 131 49
0.43140174622843575 -3.0773258872072966 0.2268586234058284 59 88 28
1.6676771209904624 0.8358077948375632 -0.49657837613075545 76 104 10
1.792104560708863 0.5506168486961983 -0.7146310387343433 72 93 19
1.3054112962689364 -1.372850543220277 -0.5043620374715617 122 158 51
0.20628042438356933 -3.660130728216267 0.49225708510730315 103 127 82
1.7957765257026108 -0.1335510571661881 -0.8214355892088592 214 234 175
-0.6833009844190596 -5.428728071591146 1.293891820126586 63 91 53
1.9251561518042928 0.9557658662060602 -0.6795212111990077 143 165 93
0.25303941814250946 -3.526949387318197 0.5166854215738291 114 141 95
1.8248721975644044 -0.2896607366148559 -0.8387795754636338 28 56 6
1.8702283219822728 0.6494913066073673 -0.5960584462361661 145 166 74
1.8360459312274573 0.7250596086065124 -0.51970483274848 169 192 125
1.8656424715151168 0.283030656531928 -0.6618188004968214 128 155 80
2.042646427650213 -0.7653080971137384 -1.1621858529700415 79 105 42
1.2346833685897312 -2.3613469356982035 -0.4259128885304296 137 148 68
1.946117865258315 -0.19197335341676933 -0.8425274672828916 22 51 2
1.884865070735622 0.08782941403018256 -0.6772392680978739 147 174 86
1.9001464752284378 -0.24780853752266754 -0.7772938994195574 38 66 23
2.0434226839420164 0.8746058669931664 -0.6812188113609354 12 44 0
2.0318395911279117 0.703597026616289 -0.701197993505732 23 52 3
-0.6345991891237197 -5.10131759707194 1.5096524203025246 180 196 170
-0.6345991891237197 -5.10131759707194 1.5096524203025246 180 196 170
1.9762517911635766 -0.40354906824381115 -0.8713324866908183 109 140 83
1.969016784600448 0.5248338809686787 -0.5986219258066868 40 72 3
2.057316121261303 1.0581491753352885 -0.5767914422005779 63 100 7
-0.3107478151544484 -4.879347923680333 1.1784110109249541 146 171 75
1.9736484526137568 -1.1899860556783801 -0.9782027788907266 154 172 105
0.03162354502816376 -4.465696443813191 0.9032302207051565 63 103 35
2.1870602847718437 0.13070412874797419 -0.747495547660639 62 97 21
-1.2589608943262147 -4.862906824824347 2.656151492029682 178 181 177
-0.30944518313395925 -5.541510466289727 1.2670480539287619 178 181 177
2.1452132088849996 -1.1632906681926085 -0.8870154500278398 200 220 154
0.2897094092522444 -4.3761748948110135 0.842663128844604 179 197 104
-0.2627341439054965 -5.327058900664601 1.3624049308417152 98 120 75
-0.20166930380403023 -5.262074538009558 1.3322035959705114 75 103 59
1.9829139629533703 -1.4147210976041695 -0.6075228317934559 163 180 129
2.675203181456189 0.4071673855472851 -1.0111316930124863 116 151 64
1.79416901546903 -1.9284452681329978 -0.36724031588885625 64 95 44
-0.19608437114503413 -5.654926564449651 1.3584489400228819 221 223 222
1.6875616851774722 -2.0281908535650137 -0.19584084445705222 186 200 147
1.9469309719172443 -2.1123981782300225 -0.46667379169882184 83 106 56
0.5812335447507131 -4.128973463467686 0.8458993423318976 158 189 140
0.9902437064928235 -3.5182451747780177 0.47698667215556884 116 151 84
0.6752946818391788 -4.240114844769691 0.7132603618664705 66 105 31
1.146061444742325 -3.330199478404361 0.38591624138009745 63 83 23
0.5291167510664859 -4.84801669496162 0.8636007561959066 74 107 43
0.5553637394246773 -4.907065706742766 0.8321762048744625 134 162 113
0.7860034151361731 -3.9931418407373704 0.7542613368763422 105 145 37
1.8501991863932883 -2.460169831242041 -0.19433216678019305 187 187 154
0.6593700481446619 -4.695843974328049 0.8028224948148975 79 106 62
0.8775618190458372 -4.0622399218016625 0.6785903837970588 50 82 21
2.9567228452260625 -0.6955085532961288 -1.1511076932239586 62 99 22
0.9100173241085354 -3.9707650728317776 0.671646290759361 62 99 14
0.5466675971531504 -3.1372228567515643 1.3700168471730563 137 155 90
3.4437672142791516 -0.6383057104800093 -1.6925798242991876 137 160 64
2.9103944456540405 -0.848116931918128 -0.8727405865605964 182 200 115
2.702796333049842 -1.4795847893065497 -0.72959622927399 170 187 106
3.2525974026389517 -0.538869943091764 -1.189523577331902 148 158 117
-0.3048798159226944 -5.942620768868406 2.0257087914091914 172 175 176
3.0324179661740773 -1.7664762179067637 -1.0186818148689847 101 126 22
0.7764720982418021 -5.062418382476748 1.0258556200724342 169 194 135
0.8326113678510522 -5.108194908024445 1.0320552834571195 78 114 26
1.858728640274636 -2.638876246051457 0.44629677542315244 187 187 158
-0.2959560259063099 -5.962441804618021 2.333356463156953 172 172 174
1.6182222767317038 -4.098210914153204 0.48144625482534453 66 106 30
2.34710686976698 -2.515967554993188 0.19863916820916103 59 89 23
3.098302550249327 -2.676863629847874 -0.5772755922615398 63 93 25
1.5556860735653915 -4.686118412556749 0.8481471026094826 199 219 181
0.8116204383370249 -5.760437029258293 1.7022442280484862 197 199 200
1.327543217607906 -5.568105872598121 1.1701909770838959 159 165 162
1.886401032428333 -3.7220831343873932 0.9813551839833584 101 133 37
0.6469567220145312 -2.2902247879518134 2.7412929149721537 146 169 99
2.138764435477161 -2.774402631897287 1.0197118764060147 146 169 99
1.8147124628929179 -4.993263948346361 1.0101163051786504 82 115 59
2.224851184359477 -4.276597409091747 0.8334443547808751 47 80 30
2.1331937141496486 -3.8617938242024734 1.024678323279259 236 252 213
2.145916724126004 -3.8763046390683344 1.1366913957528575 206 226 171
0.7066759572251458 -5.978607411329122 2.319795002227682 183 183 185
2.440073885082087 -4.34289105865345 0.8077322686569571 48 77 43
2.7696402614901054 -3.3501804851584005 0.6786808365471754 46 87 11
2.7448201606811318 -3.0890331555436186 0.7756015609794332 188 198 177
2.7448201606811318 -3.0890331555436186 0.7756015609794332 188 198 177
2.8844650981408866 -3.467665967735939 0.8760188681803845 126 157 106
2.8454502310365646 -3.411175425150841 0.9791669457772133 50 85 29
0.24964267067791399 -6.204001799171666 3.195208712062367 183 183 185
2.1416357201438254 -5.462570179432568 1.4955712644574222 62 98 48
1.2744979311526805 -5.978031363777285 2.3564359991340686 188 188 190
0.8136220039511435 -6.154524645913312 2.8078487106631886 176 176 179
0.8136220039511435 -6.154524645913312 2.8078487106631886 176 176 179
0.19587414918454055 -6.2820338856070155 3.474531571903206 210 210 212
0.19587414918454055 -6.2820338856070155 3.474531571903206 210 210 212
2.20624309934281 -5.5077218755685715 1.7189954887999594 62 95 59
3.1262710571054106 -3.654004774004277 1.2756460430833074 78 109 66
0.8509275204672364 -6.1764563788208084 3.1173122566758997 169 169 171
0.3714596185294859 -6.263598738992991 3.6598439399276503 167 167 169
0.3714596185294859 -6.263598738992991 3.6598439399276503 167 167 169
3.670582888350119 -3.2358124268780784 1.2525529399540667 171 190 116
3.368039352695607 -4.239227462611453 1.3692538398220064 36 68 24
3.8119821124868127 -3.338990690253453 1.1428105568504314 194 212 155
3.710727220534955 -3.3906545491552404 1.2718182779568117 101 134 56
2.8636895991038807 -5.504381127627229 1.8799772566396842 72 109 47
4.088439237101588 -3.6907397926187824 1.4091903264540728 134 151 114
4.003525017988831 -5.085794460552125 1.217920462415763 78 107 36
4.003525017988831 -5.085794460552125 1.217920462415763 78 107 36
3.771177633274935 -3.6440828971613763 1.7239530781864192 74 102 53
4.528597810691949 -4.8251511533606255 0.8179685534098708 236 237 234
1.0569687913720196 -6.356276152871867 3.7284798773901024 167 167 170
3.3705626940598794 -5.5257762804180635 1.843069859229323 133 165 105
3.3705626940598794 -5.5257762804180635 1.843069859229323 133 165 105
-5.511954588238466 -4.445981516578171 -3.6675231870043055 173 173 173
-5.915455100172062 -5.0420704186842755 -1.3180046918205381 226 226 226
-5.906862663905285 -5.0935618926713975 -1.2410144815081923 221 221 221
-6.1141565585956545 -5.563693895231192 0.48462975587992735 228 228 228
-5.428648196285282 -4.648975772262848 -2.877199837988762 182 182 184
-5.73327671019268 -5.178326720173936 -0.7143460294095048 148 148 148
-5.730375267448416 -5.188820749678078 -0.7388412904943764 148 148 148
-5.6756136296100985 -5.158335860282421 -0.917272651987791 182 182 182
-5.6756136296100985 -5.158335860282421 -0.917272651987791 182 182 182
-5.640969596533802 -5.155008621361126 -0.7188000402663075 193 193 193
-5.640969596533802 -5.155008621361126 -0.7188000402663075 193 193 193
-5.981663850748059 -5.629507080031158 0.9003033768111575 224 224 224
-5.915292187101842 -5.632791185574249 0.9022896154442852 197 197 197
-5.355963545374128 -5.004123561618815 -1.5767600739346035 160 160 160
-5.600217468550939 -5.323446552458506 -0.3364857013255304 144 144 144
-5.600217468550939 -5.323446552458506 -0.3364857013255304 144 144 144
-5.48322910282684 -5.336124205544231 -0.22103081423441154 157 157 157
-5.004404252753135 -4.845339772126736 -2.12443386828553 150 150 152
-5.499428669789133 -5.3454247919493225 0.04858571298511882 138 139 139
-5.113034800948203 -4.965891971669701 -1.565287179399128 185 185 185
-5.455723580406086 -5.416555996254917 -0.004484289427592484 141 141 141
-5.465810422702721 -5.419613337454187 0.06638548903777133 220 220 220
-5.133947582758538 -5.806793194047638 1.504970150957355 171 171 171
-5.1372153776533125 -5.797525156196008 1.5228140409381314 171 171 171
-5.072499930001945 -5.833722095086061 1.5517190489043484 156 156 156
-5.072499930001945 -5.833722095086061 1.5517190489043484 156 156 156
-4.696024907054203 -5.5097178720279185 0.4527664879114406 190 190 190
-4.696024907054203 -5.5097178720279185 0.4527664879114406 190 190 190
-5.058616436681929 -5.841875427873041 1.6335979179967415 174 174 174
-5.034303970052007 -5.8334288811426935 1.7425628302717813 172 172 172
-4.912070612162861 -5.778748168182966 1.4819151338334815 173 173 173
-4.933845045786181 -5.80540828584038 1.5585093398919263 184 184 184
-4.936663034751388 -5.799955593386789 1.5735095308623104 184 184 184
-4.931933724391878 -5.839439482811139 1.717868757632154 187 187 187
-4.39559457007669 -5.478486537739478 0.2256557039995102 160 161 160
-3.041902919565597 -3.020389165210477 -2.8759252697737847 223 225 224
-4.28066338341459 -5.154798630092225 0.6130311819164062 38 63 31
-3.82282772527234 -4.7981246035989935 -0.7253028711698031 86 104 51
-3.796987570401334 -4.356914442812333 -0.6142247431355885 48 69 20
-2.8345393142950708 -2.045643723553773 -2.7591479993013084 204 202 196
-2.8696854642468126 -1.3288251317242612 -1.8214666035883493 74 94 52
-2.912729668286924 -2.156150985115052 -1.9097863717011958 103 116 68
-4.565973596758136 -5.888846300519529 1.8894644527077749 196 196 196
-4.565973596758136 -5.888846300519529 1.8894644527077749 196 196 196
-2.916788839500307 -2.396296255741152 -1.6080724121877183 27 47 9
-3.6991247901988715 -3.9498835422613294 0.21877850056297343 137 151 118
-2.5851891962476046 0.2710433490415933 -1.6009536375462965 72 94 19
-4.230971391131172 -5.722824164384836 1.3081618847796235 182 182 185
-2.7266679767405773 -0.6857743455500752 -1.1905105726329392 100 123 49
-3.392945995377943 -3.2270681128793144 -0.1006734260443916 149 160 115
-2.7220588104790298 -0.4939544525427076 -0.9759124546606682 106 129 57
-2.0198777624595157 2.282045102191277 -1.8925749810366572 126 139 83
-2.5963754991622645 -0.3054067602261816 -1.0391769402832884 113 140 65
-2.3152582270395583 0.062099852939263914 -1.4335664205383385 110 131 73
-2.649845097180244 -1.3423125175740407 -0.9605915297910116 92 114 40
-2.615418790170978 -0.6329395960566863 -0.7774323199860617 34 56 5
-1.4815039174530935 2.8442399646383913 -2.698379008560319 215 215 210
-2.512093793917313 -0.28440339270590287 -0.834686308916557 41 68 18
-2.9669487780748396 -2.786924100405637 -0.413003649858345 80 101 49
-2.785804630697404 -2.5526601919326053 -0.7947954832862958 72 92 63
-2.4351113714620207 -0.07397896515852549 -0.44000255791103615 131 157 84
-2.146353422072008 0.1612378016271539 -1.0125711302328673 53 81 27
-3.9194407066466423 -5.857461167218647 1.7908915134427796 178 178 178
-1.8712753589716653 2.06324830010467 -1.0283701850073879 115 140 58
-2.3449808176697475 -0.06064574048218136 -0.3982005789645741 72 104 67
-2.1511294634341454 0.06686146671677975 -0.7559703699761033 37 70 8
-2.392402851729538 -0.8363202183588956 -0.3223010308308532 87 114 31
-2.587555802129305 -2.542514857814707 -0.26521654699159136 123 145 68
-2.286251025406616 -0.8042711038006056 -0.33679076511413863 57 83 12
-1.775119993328528 1.4998011575889103 -0.9055646337348723 204 226 145
-1.9539014994445711 -1.701008480298648 -1.4700616730412512 35 62 8
-2.2023335235011285 -1.106809406263984 -0.6357383586497657 19 44 0
-1.6975467295062465 1.7323009177685034 -0.9688948044227393 118 139 87
-1.9128835797224704 0.10402958471375132 -0.9053430028156076 40 78 1
-3.6187835540813116 -5.821349996135513 1.5571728986431044 135 138 136
-3.8073998044393096 -5.92891179844986 2.0439952074997474 185 185 185
-1.0545420950151112 5.224155037146742 -1.30944525727409 56 50 39
-1.1287617429564327 4.824407421462151 -1.212693120304932 53 43 21
-2.0584346189153346 -1.6313900156745142 -0.8925213720430045 71 99 40
-1.0797147935596876 5.036600841438564 -1.2429338226388222 20 15 14
-2.050857907885069 -1.5694886557204717 -0.8785329068418054 82 109 50
-1.0040100783392387 4.79273906299046 -1.501450280678357 31 26 22
-3.7534045875874993 -5.928890525489715 2.0606655851088136 163 163 163
-2.0257125989025435 -0.037617939773136884 -0.390930196432594 53 89 33
-2.1886730625210946 -0.7829139325399422 -0.178058951014572 145 148 100
-1.151031757641878 4.87621879822736 -0.9190702081140661 178 173 147
-1.174927775325919 5.031617208106233 -0.7773540238300048 47 42 25
-3.454453242787865 -5.429945276887153 1.6229207827450414 64 100 59
-1.0524408896719588 5.459788635298733 -0.9376111516344035 80 77 78
-1.071544185160004 4.714178652011253 -1.112873194839832 8 5 0
-1.141717643962721 5.228780354971929 -0.7265513327697167 6 3 0
-1.1140078481134335 5.460555808556891 -0.5984662497849136 134 128 116
-1.150841196749344 5.192184892283852 -0.5728831990549029 168 162 140
-1.150841196749344 5.192184892283852 -0.5728831990549029 168 162 140
-0.9356878753140019 5.7461519322770505 -0.9140375335941345 18 12 5
-1.1468490137962648 4.815145570615512 -0.669106607517329 110 106 98
-1.1468490137962648 4.815145570615512 -0.669106607517329 110 106 98
-3.760741576855214 -6.039863087619612 2.385944318751097 183 186 184
-1.2126991612630633 2.6541659573760885 -1.1375172239506697 62 86 45
-1.7979817646677598 -1.028945410651464 -0.8374751836985843 22 37 2
-0.802231424818571 5.711802243773396 -1.1800688585859078 118 118 118
-1.0291176385109224 4.503913997913792 -0.9413167664339254 162 157 134
-0.9923839427485462 2.9343854858932725 -1.505963084580293 103 132 80
-0.6833894382625423 6.179795076136066 -1.2372022628912407 228 225 222
-2.420473631129348 -2.7977926320757716 0.2641453975578122 69 121 23
-2.420473631129348 -2.7977926320757716 0.2641453975578122 69 121 23
-1.0925583249958595 5.143948445537705 -0.49198805975055565 18 16 10
-1.0706048756954076 4.644540257103719 -0.6537533940336278 155 149 130
-1.1246342567293408 5.062225109445337 -0.36715631551439937 184 176 146
-0.9028287103851218 5.766157576782916 -0.6673941391441743 37 32 27
-0.799646618708465 5.924459583118904 -0.8603894240641297 226 222 219
-1.0652151409244202 5.358181761814977 -0.378840423860188 138 136 134
-0.9661943099244823 4.372042816889292 -0.9157416994973824 107 95 66
-1.0015350536115342 5.546542883300879 -0.4554255185479384 104 101 100
-0.8588507619017802 5.803647694662696 -0.6691070656172923 56 52 44
-1.0252141795473193 4.736736132581213 -0.5944382325554728 13 13 16
-0.7495209126600839 5.954089387761451 -0.8833523868200186 225 220 210
-1.0226499166265022 4.663533298966632 -0.6177918000576454 174 173 159
-3.2949132500816845 -5.53508996317208 1.7398511049332368 122 138 109
-0.9030148447441146 4.267646411314649 -0.9522528414019676 180 174 155
-1.0736246915126033 4.82579287881303 -0.3664432557060495 189 185 167
-1.0184780623363086 4.607194183457575 -0.5571483722382057 6 6 6
-1.0758540346439518 4.967741311437808 -0.30260357771012975 16 16 16
-1.6672878813981644 -2.026051850809237 -1.0077885075943083 26 49 7
-1.0621729916708127 5.050883301890892 -0.28932837021240954 13 15 9
-1.0591106319925208 5.210799676036313 -0.20543070156697246 11 7 1
-1.6099339294699733 -1.302194216066219 -0.8767313132137886 124 150 90
-1.653373553161031 -1.2907857941728424 -0.7627935623009457 124 150 90
-0.9687822899491696 5.46132043174252 -0.33851795043798366 14 14 14
-0.9668162020587526 5.406631749816947 -0.30997515770260514 87 87 88
-1.01996284485679 5.277531357108555 -0.220644779881163 6 3 11
-1.0584871645901974 5.170593229408631 -0.151262155395947 172 161 124
-0.9629237097638819 4.6184523954525565 -0.5013455355083131 11 9 12
-0.9709375328025338 5.274708675321547 -0.21050032771087449 10 10 12
-0.9589029487579014 5.541184170740007 -0.1416269270608501 56 51 44
-1.15665699944771 1.958438392600284 -0.7506083879215387 52 81 41
-0.5951076157859038 6.311860959129625 -0.701458320536676 38 35 27
-1.0025472445565922 5.067842861662137 -0.10587680017817061 7 5 8
-0.4775818906884708 6.4747211406293665 -0.8607298708503703 230 227 223
-1.4771061238684438 -1.4442988111832997 -0.8768034009630717 20 40 10
-0.945193758434865 4.638958976331661 -0.2901191091027259 208 203 178
-1.515655459528594 -0.9557644185883176 -0.6221922704862466 41 66 16
-0.7784558661841843 3.8888872145519153 -0.8541165915350408 132 122 86
-0.9366536460719301 5.263550320857103 -0.03729631420699576 61 59 62
-0.9011156373689975 5.4642502175206875 -0.037936800553525385 39 39 35
-0.7682384973229357 5.645334485215283 -0.28779080373886395 13 15 16
-0.7682384973229357 5.645334485215283 -0.28779080373886395 13 15 16
-0.916757093137849 4.643673483110319 -0.22527155323792702 22 20 17
-0.8236600707572334 5.61002521533927 -0.08586445428713813 14 12 8
-0.8846755726750625 4.611449852579591 -0.21493857502215358 7 6 9
-0.8846755726750625 4.611449852579591 -0.21493857502215358 7 6 9
-1.884042383833994 0.9908598751721339 1.0010722165640875 80 98 32
-1.9399392251995988 0.9067561740215009 1.1619703754625104 218 215 200
-0.8437101258015529 5.573171199854004 0.06719058443145298 150 140 108
-1.7816747623644849 -3.398761869134064 -0.36212406062399954 139 164 51
-1.2810801014975217 -1.7447980371704974 -1.0032360693827662 69 96 11
-1.8811635812047316 0.767939518985248 1.0880467223712178 118 80 64
-0.6423443960886662 3.1835520169035494 -0.9380030600888024 122 124 81
-1.8401186284847417 -0.07126433027054863 0.8128924578562771 142 103 86
-0.4953089391492311 6.1802134451956405 -0.3805324093861713 12 10 13
-2.931695213233917 -5.467341645159964 1.7119373125328823 100 129 71
-3.1495414412639113 -5.957995333508987 2.1124991213214614 178 178 178
-2.5370040653897235 -4.980506330334815 1.0627928027304177 151 168 101
-2.5393192556932997 -4.97409065832017 1.0685444136389313 151 168 101
-2.633410127225243 -5.2975909893680555 1.193591256216794 125 153 65
-0.30031488582297333 6.530507862428891 -0.5788882150890454 167 164 150
-0.5238116907345316 3.3656876327031813 -0.993615118793009 167 164 139
-0.4667031062385229 6.315156586548876 -0.2553963236861577 197 192 174
-0.8552054716693593 5.116660399068011 0.26868683253886044 90 87 76
-2.525328828685593 -5.0352035268672966 1.0539069853354188 122 149 79
-0.26475987792342953 6.601292392218968 -0.6046673968623293 31 25 18
-0.8540313530537144 4.786442145981526 0.1907224995084249 19 16 11
-0.4415783614055669 6.228004393305667 -0.30184126795261923 7 7 2
-0.38067986259369735 6.312403410341893 -0.40842938258205613 120 120 120
-0.7401605721205923 4.450158843387294 -0.1304470326314875 175 170 156
-1.699850926331142 0.6348934660825005 0.8956276397896878 125 78 63
-1.699850926331142 0.6348934660825005 0.8956276397896878 125 78 63
-1.0799582338418405 -1.4323187812735552 -1.0479180966049304 43 63 28
-0.7878245439177768 2.1272130539498795 -0.6299066734118723 136 158 46
-0.8428233236602538 5.08495845764927 0.339671044381352 21 18 16
-1.697077400007656 1.005476155276601 1.0583851560856772 140 103 82
-0.8047014444526229 5.161854864663212 0.30680177789493696 136 135 131
-2.772529883376767 -5.335121042603242 1.6421948349095306 43 73 39
-0.396117545212536 6.326051649976054 -0.2410901626005056 173 168 152
-0.31519056614087476 6.493745604396888 -0.3470759284599331 127 121 107
-0.6723838426161697 5.535548671446429 0.20429928891916865 18 16 15
-0.6723838426161697 5.535548671446429 0.20429928891916865 18 16 15
-1.7734157794265624 0.024908236849885145 1.0799310598239638 209 199 185
-0.3450674330242791 6.31200695363887 -0.22782476494880752 153 151 139
-0.3561877323265469 6.218923394805993 -0.21950736531740153 23 22 28
-0.330529042611007 6.35520824078378 -0.22023680605833182 11 8 9
-0.7422322474146674 4.709390516174977 0.2111706264342364 119 116 101
-2.3677223982699775 -5.097206199887743 0.9764174363945455 120 142 89
-0.5785028297674019 5.698963235239801 0.1629290391076626 192 187 161
-0.7129289414158945 5.211135630117332 0.33336522610310493 62 62 60
-0.6637314998528301 5.612141136710328 0.3388297637847129 55 48 20
-0.9941658370501537 1.4703717803043945 -0.07060734099940694 108 140 20
-1.5202906152795632 0.8039923658661885 0.8848829262528639 202 193 170
-0.6425510110909494 5.43450565348485 0.3103726142212459 136 136 136
-1.5919823387804208 -2.9457648355768957 0.009496072625931315 134 159 108
-1.5087401551041137 0.9626343458954334 0.9306393369448627 204 195 172
-0.7605886089741294 5.42209810332719 0.5787882359726496 96 91 86
-1.4774563187364829 0.85506108611197 0.8598516086566746 214 197 161
-2.3540298061226883 -5.140708355374776 1.0629331882185085 49 81 30
-1.578906893246735 -0.20500744092211814 0.8042648791471065 143 104 94
-2.2469284431041 -4.4577336101641825 1.0611556398102686 154 181 106
-1.559617585214161 -0.1558450845609037 0.8082137390238141 136 101 95
-1.4363214518799265 0.8256274233909033 0.8342803038044786 70 88 27
-1.419765510985879 0.8250052357207021 0.7965829117962692 70 88 27
-0.2565504596387136 6.283910953927617 -0.15872936628787548 8 6 4
-1.4252720033435584 0.7704564286530334 0.7984266390226383 209 203 184
-1.437944483118598 0.7248330562177288 0.8276272083304498 202 192 175
-1.5492428823571456 -2.940585347692258 0.08101179293656523 127 148 99
-0.3343654441798056 5.927415363376291 0.025038087376741708 106 104 92
-1.4148399651499137 0.12699420763583924 0.7026795434518983 212 206 194
-0.19824312523640028 6.34824240051143 -0.0648823546367524 157 156 145
-0.09952342707273233 6.53919467273884 -0.18338502821310104 166 160 141
-0.2689001667478361 5.989483017484463 0.034617364890976964 208 204 177
0.211701024970175 6.95381903182668 -0.6914567781892104 66 63 53
-0.5797879035849645 5.196563346674898 0.5169095564621797 109 109 107
0.14218065093428942 6.763259040202116 -0.43694497024023404 57 56 48
-0.47558747072735447 5.244981718165886 0.44711007136179104 72 72 70
-0.8349591891330411 -2.047128108065267 -0.7789830737985981 17 31 4
-0.49376908296561883 4.9892806811719606 0.49576592213594417 50 49 37
-1.288756108909692 0.12353305519930258 0.8117525011020553 241 241 233
-2.3675750132640245 -4.297473172718425 1.8761616220473971 141 161 106
-1.9907246892852548 -4.639933035828555 1.0082877029979544 141 161 106
-0.10263474747640938 6.094848178365357 0.046635847029006215 108 108 107
0.2401824977417551 6.848549038148327 -0.4446504995202187 120 114 102
-1.1667015822883566 0.7855658386239532 0.8699912222584419 227 224 209
-0.31443630407898193 5.576813181776652 0.42725981913436895 47 42 37
-0.35996822778656284 5.481649588360399 0.525950495246007 38 34 20
-0.26087612737294275 5.64018209758314 0.37122037497105287 152 151 143
-0.0563284601893871 6.070893817261885 0.0708440164450923 14 14 17
0.26413421761174993 6.750709248451111 -0.3826563643004203 51 47 41
-0.34389969487607874 5.478453043149619 0.5750044506277251 192 186 150
-0.36080725465996505 4.885750020441197 0.4571810798430513 134 130 123
-0.23014689711487368 5.68084487004762 0.4085802470219637 136 132 126
-0.34256006398874056 5.409519577430863 0.5969607493767624 189 182 151
-1.3587202998547325 -2.8548370025513052 0.45155724491935934 57 85 40
0.06371805044650321 6.224508850073906 0.01938084972530082 48 48 45
-1.2134223869061835 0.5478438276558392 1.0926148069692758 207 202 176
0.00843311793589186 6.073865878281454 0.15382119667460528 218 212 172
-1.9682384140589004 -5.128870924430002 1.1454906846166741 112 132 95
0.01752759002190945 5.962221988726417 0.14774848665715756 15 13 9
-0.29014654305905146 4.784914840959806 0.49956603613754447 153 152 148
0.2062135041416536 6.409096406045621 -0.03393420625537153 28 25 26
-0.43558727606370157 -1.7308720948291023 -0.9107630106940958 177 184 112
-0.15008850750097275 5.6611240838662935 0.5128791796349976 57 51 35
-1.1298097271854703 0.6986259844010253 1.152600858870424 186 123 108
-0.09922995285189104 4.622407632509587 0.14318985474407445 246 246 244
-0.19797992619623347 5.44296703581523 0.5609501447950401 122 120 116
-0.13706026814722896 5.6950473823417695 0.5133601189084028 201 199 189
0.3353045150922381 6.571007434599186 -0.1777579773000764 52 47 41
-1.0844089464285864 0.6784473722635953 1.1364201610081073 160 129 105
-1.650852224413672 -4.6599555900456195 0.8518705622115049 37 71 13
-0.004901938207712864 4.524931141862012 0.04368335704157079 202 201 196
-0.048020468522604824 5.578353488604454 0.43405093457919075 10 10 8
-0.21473712320397262 5.17710381615735 0.6697750298518584 48 41 21
-0.11831982131227961 5.486405954060979 0.5572828861730338 135 134 128
-0.03375940366804679 5.631130122993639 0.467374557891126 110 110 108
-0.024745809712762152 5.633991085035122 0.45175967881060713 110 110 108
0.24248948050321079 6.302233380143011 0.122827944759057 211 201 170
-0.1430017181338032 4.82549006465055 0.5158913087007417 204 201 190
-1.4017590592451745 -4.158472764399671 0.6517580307814242 61 81 32
-0.15310905419229767 5.043650930985062 0.6267529288195003 12 10 16
0.5245704673738434 6.728401953464521 -0.21364733676346706 231 229 225
-1.5244871318492221 -4.703221614974729 0.812515879023032 38 69 11
0.2689460127800725 6.091359564387068 0.14611953465286115 166 164 159
-0.17855152130084273 4.873310857981078 0.7009504508781458 17 17 19
-0.1319427341619681 5.157617067122748 0.7126131790202356 17 13 5
-0.1960003211507367 -0.4899187463967335 -0.6141080862091082 114 145 41
0.4323570388579835 6.343410607258827 -0.03954803858687393 135 134 126
-0.07135476328703799 5.290589268524295 0.6621548606420077 5 5 5
-1.4877032060476347 -4.75061591028241 0.816879704509262 122 150 88
-0.1034473179938793 4.859909261745936 0.6592815688339346 68 66 65
-0.554315275379137 -2.115852503514073 -0.27321869182451397 105 108 42
0.5434843547872074 6.543435200178378 -0.13842397213094162 232 228 226
0.4023766206652265 6.2249356078248015 0.07995897829607988 10 5 2
-0.08550276468298598 4.949577594158529 0.6966274017737443 219 216 190
0.19631156700987673 5.826905924781377 0.39071866218711276 217 216 202
0.07548742045479995 5.6767807021993075 0.5764718639811234 189 184 156
0.08443414692029695 5.627762634533644 0.5902215287136896 62 58 37
-0.13133907919313856 0.2794665096137048 -0.3690219357113853 58 94 41
-0.1467447005472981 -1.4183201070081721 -0.7624804922889723 128 152 56
-0.05490980243272096 0.3628202818406352 -0.45673784958389 38 76 23
0.028806887632746712 4.862462588539835 0.5973850616894556 57 53 47
0.0023637970508054436 5.293973108116313 0.7741427111082323 6 5 14
0.5172558442182965 6.279898888845303 0.056383653730660475 200 191 160
0.05726059098123991 0.44333153060370434 -0.5547676652636746 81 117 52
-1.997123641066589 -4.4591650970140355 2.0972752656412332 135 163 74
0.16881284276865793 -0.8672338517974219 -0.9777490204573939 100 131 15
0.060555697419801 5.085299278693856 0.7541277889062341 136 131 124
0.05365964078312299 5.079406988212064 0.7663084710058671 136 131 124
0.10734785921547826 3.3818338682949705 0.25923892796011905 197 191 182
-0.46577602076093644 -1.83129474773374 0.02375977412354992 194 177 147
-1.036819690349545 -4.211144633263625 0.5262952375949125 135 156 96
-0.3949965759383252 -1.8019356864285718 -0.061572850688699166 138 76 52
0.152610518489083 5.341640374020182 0.7401253726261213 186 176 137
0.17167127200197677 4.528875374640779 0.5004458043144988 146 97 45
0.17167127200197677 4.528875374640779 0.5004458043144988 146 97 45
0.17451670305669328 5.377989511056126 0.72288583856174 55 43 11
0.15577335261183778 5.368597066487985 0.7591644791270351 55 43 11
0.7717680214716891 6.240635538005827 -0.17118017256650353 48 45 41
0.7094324553840814 2.7485140835806914 -0.9398628630128277 202 198 170
0.18369198846611157 5.2718119685012255 0.7001306069925703 11 8 7
0.18369198846611157 5.2718119685012255 0.7001306069925703 11 8 7
0.1508621412988065 5.0081786719557275 0.6977491268132291 25 21 15
0.8035364653206667 6.1807465606482355 -0.20941642973138153 127 120 115
-1.402083914399013 -5.034439169536345 1.083680953198112 23 52 5
0.45624603307268347 5.8094080704323705 0.3649057633616756 33 26 10
0.9904184364413062 6.5520993942397885 -0.4394458948833382 230 228 224
0.5201835596008182 5.880578257862763 0.27154817792526215 186 179 157
0.3002696461795773 -1.0286037635149177 -1.0129636937201312 46 77 23
0.44446798124216047 5.737266249338114 0.4327505360457888 88 79 53
-0.2894094552388404 -2.1341206503510097 -0.1835607873616 149 144 107
-0.9706367211607825 -4.182160972746409 0.5705939348448051 127 147 87
0.873635061030329 6.341500150150225 -0.1769521082152728 230 228 224
0.7655875175048893 6.030792251518288 -0.04527108855241122 71 69 63
-0.2670152447514366 -2.0504969393471453 -0.1606029928053965 142 138 96
0.23772031965276297 -1.7262589758904534 -1.0055286684383675 66 98 31
0.8540138116735383 6.072317324167329 -0.1587638657664567 29 25 17
0.1860320512357649 4.997054051367821 0.8437715199301413 7 3 1
0.2766063007609507 5.216241947088867 0.7605004153088732 198 191 173
-2.1972582079995306 -6.051782281313105 2.491437865090581 194 194 194
0.30311040843869735 3.1986060294702887 0.22625924460975166 225 174 158
0.3659046197569957 0.41118197019439023 -0.5819108790240889 179 192 137
0.3910375734153484 0.404261465837861 -0.6315735262420981 179 192 137
-0.224248582932161 -1.8357449688979042 -0.04024959298287699 228 218 205
0.38964806334929575 3.9656273273057456 0.2895434090469733 42 36 24
-0.10819334400645507 -2.1004234973618394 -0.3024926954562954 194 192 162
0.30519514862717784 -0.4651038096118752 -0.6484161153299055 60 90 21
-1.3791989284118757 -5.058336891390039 1.2979897067634607 112 138 76
0.2627472221657701 5.024099470230583 0.825989561158543 90 87 77
0.27765932713742775 0.20067467384322907 -0.39354160807860883 64 103 31
0.36334997844549866 4.87879137737073 0.614161283241807 79 77 71
0.8407375275100726 2.939747483242381 -0.7311661204449766 63 67 17
0.3784470132279702 5.1127759876412 0.6527864736163692 21 12 2
0.38474181650475536 3.4027666596608737 0.2191128912822547 228 222 208
1.0323853322650127 2.9329585196916943 -1.0761194925661133 130 138 77
-0.17447563613804903 -1.995549909402043 -0.09665183935236175 198 176 148
1.0036652025020003 2.8010145941188234 -1.0346251233368944 92 103 44
-1.513126155896381 -5.236645954588756 1.583016133078795 48 79 18
0.48680919199113293 5.250026842598325 0.6306203293219387 50 49 48
-0.9760913175968793 -4.690007365724264 0.814500749364449 121 146 88
0.5395664745477602 0.45756461326096776 -0.6414126714272931 108 123 38
0.4330852647790697 5.129303203670118 0.7195286873550466 14 12 13
0.507635595217829 5.123294523493247 0.5922707801907665 73 73 76
1.1720738456445685 2.9848915795747883 -1.078682406019837 100 114 61
-0.044684087208903184 4.634786451002233 1.5390829028881308 32 28 27
0.4892718011428735 4.904962305646983 0.6531139476163562 32 28 27
0.5639120829192791 5.4486698893838685 0.6694402829524657 129 125 118
-1.0803561633195022 -4.958752590088149 1.0972465410582215 158 179 114
0.7464278562702561 3.95501285626046 0.061617924723179174 213 207 192
0.7464145518157503 5.604154577375595 0.46829915746926726 21 17 11
0.7480978297118798 5.535980747150034 0.4522991478539454 25 22 19
-1.3865754075672496 -5.612560413405807 1.5286793132499483 99 116 94
0.75328751973048 5.569824407817166 0.49337071586807135 12 9 4
0.9633500954247983 5.790960748513759 0.18174778884500287 232 228 223
0.6208935830994932 5.2298156924452535 0.6837033059769322 160 150 122
0.8300097145867745 4.794409187830383 0.21599168648001044 246 241 229
0.7708237431619186 5.57780513788023 0.5240689190309992 169 162 139
0.7384809183064702 3.960809871378462 0.2069481693048862 39 29 11
0.8310386999623934 5.555355092477733 0.43556567258723117 51 41 35
0.690651694479582 5.408914812400344 0.6607499999019573 223 214 186
-1.2145873835759315 -5.284600348319796 1.4242905739809573 118 142 63
0.7752065806690517 5.327327621312446 0.5565417506008082 10 8 1
-0.3885310514784263 -3.5657215075893123 0.4725680886448196 132 156 61
-1.5265711519536083 -4.776342785471401 2.1686806628769917 67 95 57
1.12205160681021 1.9113418565339506 -0.8271002144655047 83 88 37
0.7953550844972779 5.413881403639293 0.6029643900546595 179 178 169
0.9693279873915301 4.64599804091626 0.11852419996200468 215 209 196
-1.1063984819152246 -5.127610605942833 1.4025692092886761 67 95 57
0.8171524383618597 4.407114902393516 0.3788883400399403 231 226 216
1.104423549565229 2.065006494923001 -0.67701571671344 164 169 97
1.2764085082536616 2.9650435183083075 -0.7279504026773836 228 225 222
0.8396806721873499 5.09624040417792 0.536321098942097 105 95 76
0.7967106394579081 5.07159701460873 0.6094900137802084 105 95 76
-1.2281584211266983 -4.119115460579443 1.920228576765376 107 123 87
-0.5615304169028139 -4.594528395270233 0.6538087565686361 107 123 87
0.9350869713771099 5.427662399962675 0.4808378372153485 200 192 156
0.849597376272323 5.204888239606257 0.5783096407351392 206 196 150
0.849597376272323 5.204888239606257 0.5783096407351392 206 196 150
0.8136877049818145 4.9542115772323 0.5935900217106147 46 39 11
0.8459318829788279 0.32972113441372974 -0.5657962399601992 173 194 91
1.2291362500745309 2.1762907866798185 -0.7819587198592777 148 169 104
0.908034637724739 -0.33255890989463555 -0.8146522060714366 30 66 6
0.8941053044200307 -0.4820995441286666 -0.8184627950179199 90 128 47
0.9513382701918346 0.6052786478794692 -0.6253322938230884 162 174 82
0.9030524553119914 -0.034435373867553985 -0.6736907444060456 108 141 30
0.8815270804820693 4.971811263095105 0.5622986347572411 208 197 146
1.1810533425987257 1.9027388069058127 -0.668910135052877 107 131 41
1.4051195361734088 4.612644337884214 -0.29786065646400733 230 228 226
1.097936897554091 5.109487705550448 0.34720970923673183 16 4 0
1.0395690054765763 0.02718184416482175 -0.7252149106067974 30 60 13
1.0893509087636728 0.21477505669705382 -0.6773024398330161 31 63 15
1.3053032162317004 1.597814723461411 -0.6971723646300491 128 161 87
0.9204033488804441 -1.6802952262033275 -0.811589410789334 128 136 58
0.34079531485289677 -2.896378159293656 -0.10551054916829378 132 165 34
1.1810943039318367 0.4097839177010479 -0.7187343146336527 53 81 39
1.39864904342142 1.4034090932863583 -0.7022678067193389 26 53 2
1.2983529573261494 0.09928964727938772 -0.8193808378291423 46 80 4
1.3348302756653185 -0.6143171096568455 -1.0257407030975165 147 176 65
1.255898779008758 0.7580301188747922 -0.5380881875452443 77 108 28
-0.3109232385171784 -4.489806498124763 0.8398748813689292 167 194 124
-0.3287498317790981 -5.107339342824908 0.7512029495679633 137 164 85
1.4586094712004034 1.9050442820439486 -0.5471507521976683 102 131 28
1.5403539245193483 2.0432205832300476 -0.6239964763175863 171 194 118
1.3710267783288559 -0.7436991781569144 -0.9719743389756935 47 80 26
0.6048397304827353 -2.8018983022282895 -0.13489580457675443 76 97 48
0.8542178607793697 -2.4812607222265255 -0.3063629301218886 51 86 16
1.666982465918078 1.7428451197304078 -0.6437524106774448 126 156 51
0.5054468527551376 -2.9521800441441775 0.18209712086153476 122 144 72
-0.11800826106547427 -2.3352288082298163 1.3422772276589274 82 110 16
0.7181930031431251 -2.6674574265838635 -0.0832770519129781 82 110 16
0.15481942386509762 -3.8725851385955066 0.5798134176420292 59 100 20
1.6209408382418633 -0.3158000993982148 -0.9389490303754155 45 68 1
1.6209408382418633 -0.3158000993982148 -0.9389490303754155 45 68 1
1.8819728982382944 2.001399094042046 -0.7497688355115963 77 113 22
1.6797206835119092 1.0415759471183819 -0.5960603524939057 141 168 87
1.8923356543775312 1.9381153276142273 -0.7217534653266326 73 105 19
0.4227877554755557 -3.430265460637364 0.44128127474999296 57 93 19
-0.43020746568881807 -5.272342862413384 1.3840562161290495 162 185 114
-0.43020746568881807 -5.272342862413384 1.3840562161290495 162 185 114
-0.3737036130004053 -5.1362967517686515 1.3439554633672126 76 104 68
1.0690221299284681 -2.425420133535351 -0.33135809735300803 196 205 152
-0.2744402344400898 -5.588723452702442 1.1044238143923593 61 76 60
1.6675071432625985 0.39238613844741055 -0.618868950529235 158 181 122
0.6236475088895171 -2.9883125383364257 0.2905412366648979 216 238 171
0.6236475088895171 -2.9883125383364257 0.2905412366648979 216 238 171
-0.39355335302675054 -5.364628021927277 1.3963099318859702 68 92 50
1.7628533892861211 -0.4590308179251819 -0.8685628167303674 42 62 26
0.9454014619969436 -2.560892339894396 -0.049364418540902184 87 118 35
1.94160060622488 1.5427009263056697 -0.6670594151781525 68 106 30
-0.2047174304486553 -5.6699660290557485 1.1495705945822905 104 108 103
0.28829442331356153 -4.0038031784358985 0.7930128115937791 134 160 50
1.773820094556439 0.058238052314703394 -0.6065875123356167 73 101 11
1.8769142813949635 0.8198147296845165 -0.5872512543028964 45 74 19
-0.12493709309496902 -5.133888899652913 1.2611605843900602 88 113 80
-0.11373125407845829 -5.18508749153911 1.2562070333979183 75 101 68
2.015508256546251 1.4733753518609294 -0.5530462272301826 134 158 67
1.3950308269638496 -2.4248938464495122 -0.44702546928298337 171 178 121
1.9019106879870267 -0.004489357470069008 -0.6775405331970618 113 142 58
-0.022627486049875575 -5.6753010453024375 1.0394681683231495 200 202 201
2.0566194959385804 1.2335183716575893 -0.6345919426555483 64 100 19
1.5548999607389131 -1.5225998811197365 -0.45047369491376754 63 99 43
1.9946719238990365 0.8494953196037822 -0.6008064318083808 29 60 11
0.35935084193963823 -4.244756937654525 0.7981124787247438 177 199 97
-0.0444537368785012 -5.104942626016198 1.2437965052264839 180 199 172
1.3162359387679987 -0.5563947793768355 0.16355613988917378 51 77 8
2.0305537776383074 -0.6577012789147468 -0.9536294184679942 51 77 8
0.4318190797112073 -3.9499420084400856 0.7905196738306 181 201 126
0.04965596102194368 -5.156298432940012 1.1417905476120622 49 81 38
2.0950193820919343 0.9716703088318321 -0.6279440150925314 68 105 18
0.29043157898309724 -4.656153793309648 0.961503987219057 80 111 54
1.5760312790846553 -2.2983794867224407 -0.42158111798433745 69 82 26
1.5842613444955362 -2.2995015773940217 -0.4356958303632598 69 82 26
0.16027442901417238 -5.713288532943728 1.0157702998429061 217 219 218
0.12207994586446975 -2.488662117478527 1.7800041331692873 210 212 178
0.9775042961251456 -2.8282145294702468 0.4157745586393285 210 212 178
2.1420481250048296 0.8823570202591684 -0.5242233126747229 164 182 99
2.211573881565691 0.057729797215537185 -0.7929803203813444 150 176 85
0.8836592703963825 -3.0911649238308896 0.5283993452961306 102 135 79
1.6433158518938553 -1.968082155444561 -0.33519128748785215 178 186 133
2.262086146465172 0.2868444202709389 -0.7517170230462219 164 185 88
2.3394089401506024 0.6771784777504105 -0.7475119156905086 161 178 87
0.8806545560959184 -3.4509552215693406 0.6304251422294725 131 163 97
1.6976126363958828 -2.5345914338473805 -0.38480411942468196 214 213 194
2.037527919486974 -1.1361633897873344 -0.5822645416208496 151 180 94
1.675521331597194 -2.146034140431234 -0.2553681445403634 165 167 103
2.3719767772102576 -0.5821597514823696 -0.9512364267922409 42 72 5
2.028835194849611 -0.9949998896717588 -0.4888729617732338 132 162 94
0.85652919483988 -3.707318721932672 0.6695382806821585 102 139 53
2.43123608324293 0.5236778568006865 -0.7502617675822434 169 190 104
0.8347541794333291 -3.929478472497179 0.6927616798239161 110 148 44
2.3883352452781477 -0.325969787686917 -0.8266115151454536 164 188 95
0.4142465968731077 -5.1710542733464155 1.0892350748792743 43 65 45
1.7890835498275566 -2.0381580053212827 -0.2691541962607754 66 91 48
1.868770978097022 -1.9390185567751586 -0.3532007474180383 176 189 125
2.4069057166706322 -0.9938619508631575 -0.900401540954961 72 110 59
0.8990525619335434 -4.751707599529343 0.5064506223502038 36 54 10
0.9200982640579519 -4.167756152765881 0.6310996479973328 42 69 27
0.9252810153744221 -4.7359152481543845 0.5045594834657381 84 104 55
1.217033923063671 -3.580364454154929 0.3733639284977156 51 78 30
2.649588420230706 -0.08901764515803708 -0.9733463667052287 99 130 53
2.649588420230706 -0.08901764515803708 -0.9733463667052287 99 130 53
1.894647975053734 -2.216779820783716 -0.31519239104696684 204 211 167
0.12349750121512909 -5.779963830961097 1.5553023977096634 178 181 182
0.9737004854038187 -4.1740799993014495 0.6861299691099207 55 87 38
2.9742730992751696 0.5387897684284944 -1.205239694322363 150 162 114
2.9759800769123217 0.4340136010958443 -1.2009504648177185 155 169 94
2.8510774502077836 0.055394019958569025 -1.0793690614417328 132 150 90
0.21035291404087242 -5.791946306752298 1.5177234097045065 168 170 171
2.0491369269082083 -2.2375768023925264 -0.38351895762535887 150 167 117
0.9147522077214624 -4.3738162254735595 0.8550499400792165 103 137 55
1.2300319370612802 -3.8844471901446878 0.5077349511388466 67 94 48
-0.23561599490399293 -6.01432521776038 2.2361395258703114 175 175 177
2.9320339741675654 -0.541741409633388 -1.1162246032317298 86 120 41
1.5829153265424705 -3.3741668359229395 0.23070287762637604 154 174 113
1.7617013578432317 -2.9871125891007435 0.06039601791681488 248 246 235
2.328934895587201 -1.3524596429808895 -0.3875419278196666 167 188 87
2.259512983789165 -1.7362122147512224 -0.3636224784742461 184 201 113
1.6421480076873627 -3.3361485730719256 0.183774733553636 86 105 40
2.1638856615203963 -2.122269623305467 -0.30060332447258253 157 175 98
2.614374081382556 -1.0573277376785295 -0.7102445155407274 65 94 29
2.3308025068693623 -1.7378494027044495 -0.3937213148704302 136 155 59
1.3174958853584051 -4.4231257948442755 0.5738284994410955 48 81 31
3.1127913251401162 -0.4637699912821167 -1.1072557996414438 69 102 21
1.7835283547794316 -3.2777291029733258 0.2584956830218113 64 86 23
2.6036727060029525 -1.9524496860524396 -0.5827688997762496 171 192 98
3.1594558871247305 -0.7260388726942053 -1.0931622648646797 90 122 16
3.089970426592409 -1.375119611360373 -1.1131592663607868 226 224 218
3.089970426592409 -1.375119611360373 -1.1131592663607868 226 224 218
3.219859087235724 -0.6115846782227509 -1.103776468654517 150 158 107
3.4735538704136824 0.11921515270910552 -1.299392707764105 229 226 223
3.3083302364168232 -0.7650800035857231 -1.1889119268173352 120 134 78
2.245111451517263 -2.483104198672959 -0.04638096127850239 82 116 65
2.245111451517263 -2.483104198672959 -0.04638096127850239 82 116 65
3.3382065240855257 -0.5528641095577324 -1.1131837984651987 228 226 220
1.8369938797318854 -3.1927067614219915 0.440383680148551 61 76 15
2.9284323749104884 -2.333971345951192 -0.8287975962106802 152 172 96
1.9638498182768112 -2.755043313279299 0.40982231419050597 235 234 221
1.6461481121436417 -4.553851940379376 0.5162490433547834 63 99 30
0.40790974096705646 -5.907207618201861 1.9438521907644926 192 192 194
0.40790974096705646 -5.907207618201861 1.9438521907644926 192 192 194
0.834607086620132 -5.745976220902125 1.4580017091401132 173 175 176
1.809955015797015 -1.7177189013627252 0.9632527552986682 224 222 218
3.2151338978161403 -2.0606804821035007 -0.985525522667495 224 222 218
0.508343612694679 -5.939983353254788 1.9007433350502554 158 160 161
0.47982179703024574 -5.91637695229549 1.9459890266657478 158 160 161
0.47338921377353654 -5.912219032501982 2.000872142134852 164 164 164
2.3591586841251244 -2.6313611507007635 0.13592074260608314 135 142 114
1.7931382941688556 -3.956551068918702 0.6595601606436918 42 80 36
1.4985792882033813 -4.908952526352309 0.8789177203681717 139 172 117
0.43036886453132867 -5.955738276231724 2.129888937325271 167 167 169
1.7386522937399629 -4.33339307038322 0.8670058211438889 113 151 74
1.6609072169000352 -4.709507469770655 0.917123284512422 172 204 126
1.334040119389957 -5.168868470163636 1.3882906609661114 183 208 146
1.9814254952860588 -4.0349582713712016 0.7995103901094126 41 78 36
1.7221846056102643 -5.054384597507567 0.970748252434506 140 168 54
2.3070343175433834 -2.9938000798402675 0.6837068198099717 122 151 64
2.1100460677231174 -4.074507436296768 0.769788844375834 168 192 160
1.4985438627363163 -5.428656282332221 1.3674260169535721 53 84 38
0.8239359867899598 -5.995251285872147 2.1448725940452587 183 183 185
2.9488179255569342 -2.9893599079890287 0.09325824110451877 142 158 118
1.9265378386878662 -5.2505183716338175 1.0601015049905098 66 102 61
2.180773420187265 -3.923646607246789 1.118485471069603 100 130 47
1.102884547390169 -5.954359632168352 2.102473948721267 200 202 204
1.102884547390169 -5.954359632168352 2.102473948721267 200 202 204
2.459235560772995 -4.380976604143293 0.8351746587114092 206 229 213
2.459235560772995 -4.380976604143293 0.8351746587114092 206 229 213
2.4861394814241153 -3.4255174648130335 1.025284803535718 49 83 35
4.479325363177895 -3.2374948545506346 -1.3876270403886142 85 118 34
2.3021814493523003 -4.341228447194092 1.1324200248292393 54 91 34
2.4094126463440015 -4.1822174925381645 1.0856977363588685 51 74 7
3.267190235207338 -2.7693250063497046 0.35812160095008466 154 181 93
2.628246124656064 -3.6195233042072417 1.080403553492077 167 187 137
2.345944685729189 -3.86224779025095 1.3974591040591282 136 160 77
2.518765214835949 -4.712665123459791 1.0528479958713441 139 174 104
1.352612951072374 -6.0338428797658725 2.2524382460327206 188 191 192
2.61275842443318 -3.6787387529924596 1.2599331725449558 207 228 170
1.128247646899949 -6.099063956387031 2.660851814486697 196 196 198
2.6440413843287227 -4.9886654139703746 1.182569721445982 54 86 11
1.4773749658611794 -6.018120742300293 2.3839494334660447 188 190 192
3.0435316978802422 -3.5175654588888787 1.0538295595786016 78 107 57
1.4375901645630573 -6.04454226262758 2.4680912994390427 186 188 189
3.049397824805431 -3.5006794040303615 1.1400222153614061 163 188 140
2.6068204347237574 -5.461527614377221 1.6739049056650597 32 61 32
2.568160879176767 -5.226768733801482 1.7648233329495753 88 126 60
2.7235291741989593 -5.382245799817966 1.6159683310122341 57 90 52
2.8808148621605016 -5.394885209981374 1.6185654341726223 48 83 39
1.4891177393651955 -3.441133664395646 3.50602541053179 143 169 123
3.2205327272503435 -4.208370169986981 1.4645656812466479 143 169 123
3.5546659033660837 -4.38874254869693 1.413808366850155 38 68 29
3.165233949703915 -5.431651192403168 1.7327776202440275 34 67 28
3.5735596745901037 -4.490054043127803 1.4789678355764868 165 186 128
3.6597502967554743 -4.541719315031762 1.508873250983246 149 170 116
-5.557571896305206 -4.508888819202177 -3.5790553013128306 186 188 187
-5.746054250167257 -5.275078115468051 -0.509601450966367 175 175 175
-5.56122865994653 -5.356184304002636 -0.14247209960041962 225 225 228
-5.100363007385312 -4.871936237739738 -2.067139808438901 190 190 190
-5.600607677868266 -5.899667715806575 1.7146547820241924 233 233 233
-5.551580711141792 -5.935385650048048 1.7812519074002369 232 232 233
-5.248599972475104 -5.716337471963497 1.213402999324008 166 166 166
-5.089459833515323 -5.819440956397586 1.6246394313881969 229 229 229
-5.136543014408269 -5.936708957382337 2.055829147034089 200 200 200
-4.933201678857063 -5.874746630418833 1.98918198006129 232 232 232
-2.972788310878764 -0.8986545898610282 -2.212506553982741 201 202 191
-3.1698369316594235 -0.37495711571631163 -0.795508127517388 65 87 26
-2.8628055388512608 -0.44223105190142736 -2.030506974001994 65 87 26
-2.8848794441714003 -0.506992423936185 -1.7288081906480077 119 140 80
-2.8266563696513343 -0.40043307305876735 -1.4991069067485685 128 149 86
-4.048770268502175 -5.854839356014042 1.8167459467126774 188 189 189
-4.048770268502175 -5.854839356014042 1.8167459467126774 188 189 189
-4.20601048534547 -6.0260744511408575 2.374457126463997 194 194 194
-3.9212749062559724 -5.8516126543387585 1.7983778895693976 178 180 179
-3.9212749062559724 -5.8516126543387585 1.7983778895693976 178 180 179
-2.6322532728668695 -0.48349569273819143 -0.7736799860865369 45 71 23
-2.091370965605966 2.138865363554191 -1.7677850329095741 102 123 50
-2.7952146417895323 -2.6664147156473246 -0.8919349286132565 53 72 36
-2.0350284522041475 2.2063852250272817 -1.6636585444307845 86 108 50
-2.5393722943391985 -0.2843152299639808 -0.7393647868308412 43 68 16
-3.725446511287976 -5.833021860450081 1.6496525677674978 197 197 197
-3.8104799018328963 -5.919072420739408 2.0616873245356255 178 178 178
-3.7807596199033218 -5.932977340979632 2.1411584870509612 200 200 200
-3.7489882685891027 -5.937540584974356 2.0429812866912513 170 170 170
-3.7489882685891027 -5.937540584974356 2.0429812866912513 170 170 170
-2.472163037738218 -0.3675212053502845 -0.33927546754130944 48 78 34
-3.7708578163756723 -6.01729539419993 2.425069250869829 194 194 194
-2.1203042155743708 -0.0018470065549676276 -0.9700015157729115 100 136 80
-2.224415690336966 -0.6152264390106585 -0.21797433292639803 108 124 36
-1.7215059747748234 1.4704238160094558 -0.9158509058548902 89 117 43
-1.4033989675458078 2.9705205624321236 -1.38060795469363 211 211 207
-1.6593682603345545 1.4322652819645545 -0.9543598495323126 126 152 88
-1.9884886529693182 -2.2218110695519036 -1.0237110680030341 21 44 8
-1.208873836220745 2.9071315747764848 -1.745289231010063 211 211 205
-1.0556713610759207 5.478762809431069 -1.2590214192827642 224 222 218
-1.202260697560407 2.8699716191737483 -1.5774387634714415 144 154 121
-1.8970221681917208 -2.2941405442014915 -1.0031363396379993 48 78 18
-0.9659337882757726 5.752731589723463 -0.9751246557253974 229 226 223
-1.1291221631945307 2.782767818867425 -1.3190450600906107 40 68 25
-1.0859853943828464 4.796206364486161 -0.8380969430404739 5 3 2
-1.66598131794805 -1.4087930097496848 -0.8470705254497951 32 61 1
-1.105418287483303 5.037845613151251 -0.602953678032569 22 19 18
-3.1511195036472652 -5.953903958369064 2.119466530746229 187 187 187
-2.623791491603672 -4.809784729293917 1.0173142009535867 128 150 78
-2.6544083624398946 -4.813077416215708 1.1247393789628195 152 171 89
-1.1234539973084916 5.06307781538386 -0.37167069196812 179 168 139
-1.0551883528198118 5.318543815666739 -0.4841009734456294 7 5 2
-2.589372326699937 -4.756854688758988 0.9970115366141769 41 66 10
-2.482468605797374 -3.462654945418769 1.1246976165561118 133 166 83
-2.6270047777336383 -4.955917487818751 1.1292731328008985 123 151 69
-1.6192929683858468 -2.646020418784482 -0.9960086726370926 132 161 57
-1.6192929683858468 -2.646020418784482 -0.9960086726370926 132 161 57
-1.0588418585616548 4.726651936665077 -0.4055079145102716 101 95 80
-1.0588418585616548 4.726651936665077 -0.4055079145102716 101 95 80
-0.8980027112890698 4.387327237044224 -0.9447942738574417 98 89 62
-1.5347126363411723 -0.994121548420116 -0.6693964789007728 39 66 16
-1.0368452593910304 5.128466986038746 -0.21560976997011375 93 87 64
-1.015272424638053 5.013587675639044 -0.24739437812184878 28 26 23
-0.9734303982398961 4.7694392129697984 -0.35020873428200927 6 6 8
-1.881184253081053 0.5345696528768025 1.0000437418849109 142 117 100
-1.8752311902314938 0.7957767995039788 1.0529713238288274 213 190 171
-0.9816157752174269 4.543963637249266 -0.33079166961306783 88 86 76
-0.8428600792885377 5.01925412229743 -0.5751761689943482 17 16 15
-0.9997382773602865 4.901043767488508 -0.16108096636988858 29 25 21
-2.436668823562968 -4.99152233183034 1.0334592437519192 48 77 6
-0.8691957302587818 5.6049683130770065 -0.2611844504306704 25 23 26
-0.956560690542365 4.680810592122881 -0.27369033516218355 23 20 18
-0.7623304793684774 3.982888303433932 -0.8974034604471061 127 118 82
-2.2894542225967593 -3.7778376511726983 1.1182379209182016 183 199 107
-0.712599489381256 5.901448953100719 -0.4083512392941033 117 116 108
-2.4063893891795884 -5.059774045605831 1.1457270026568362 132 160 112
-2.329483554895984 -5.054370434740496 1.0089829925554807 105 130 81
-1.7079444395731647 1.0290654179023886 1.0493896591363039 206 178 158
-0.8222951695394451 4.467583425835657 -0.3609606756838493 111 106 91
-0.5770587569744519 6.22649673847553 -0.483489540398865 13 9 8
-0.3907707990209151 6.53144112423613 -0.88541768182546 54 47 43
-0.8425005429883695 4.633547343726676 -0.09563973722240014 26 28 25
-0.8044410042777717 5.59524877669556 0.09875644023683205 204 197 172
-2.1937676843815686 -4.519382015547416 1.0386313110221934 181 203 133
-2.1937676843815686 -4.519382015547416 1.0386313110221934 181 203 133
-1.6680796354002239 -0.37162985190241643 0.7749311807131358 199 183 162
-0.8493661788732502 4.934011954879656 0.05943113804367179 19 14 9
-1.141210130508276 -1.406327059258358 -0.8503445875347692 30 49 16
-2.1364081510621338 -4.513903422833865 0.9202922323558018 121 150 97
-2.130252605104246 -4.467751883788126 0.9286964669183092 29 57 15
-0.5110706398113478 6.193034195834195 -0.4327838107768268 86 84 83
-0.79052511198547 5.439087339286248 0.12007758543924234 14 13 11
-1.6096099476650632 -0.25503726097412416 0.7470300519011285 210 174 164
-2.2183364010661695 -5.175803744130169 1.0357495925041376 72 100 58
-0.40454093463687896 6.523279733560475 -0.5650192775477005 62 52 24
-0.4275419023575048 6.46381509985725 -0.5112137555432433 154 143 110
-0.7719531239755628 5.519035714614092 0.12838220638746306 23 23 16
-0.789483027449924 5.394161134964593 0.15242963956239697 78 75 73
-0.8658377470388108 5.108630349000093 0.2909169542307889 86 81 68
-0.4049177825263154 3.170388619748194 -1.3633957261830456 153 151 121
-0.8592497272820245 1.8911873179732144 -0.5279311211772032 111 141 30
-0.7723025291241692 4.6803429399685585 -0.012472675387395214 104 103 94
-2.0822504827055086 -4.563069599641945 0.9314051990250897 127 152 98
-0.5501953104935402 2.923030319204158 -1.0366185806253856 161 161 128
-0.5246333690720112 6.0444061314480315 -0.23215560170971147 96 94 95
-1.4947624557921242 1.1872473507562955 1.010146932094892 210 203 177
-0.7818347601831489 4.919375577212287 0.1910395266784199 11 10 10
-0.4739560455848067 6.007054811297643 -0.22718630418212693 19 17 15
-1.394228821500889 0.8711503799387551 0.7828319398718481 64 99 14
-0.7487956723220124 5.401138064787969 0.30769754700116025 110 103 83
-0.46230747488429663 6.181369760575628 -0.18593207199028536 15 15 14
-1.4872950711445914 -0.007131019106035722 0.8067827958386885 144 111 101
-0.5452433151663321 5.820563682250314 -0.06865122875194836 55 50 48
-0.511169003376126 5.915250331652805 -0.1099595051630172 170 162 132
-0.718413921127201 5.210326602257137 0.27389984700893955 20 20 20
-0.16099567926803518 6.744819653478721 -0.7190993340930115 230 229 222
-0.4168327810460034 2.8799413532929248 -0.9774377954081811 185 182 165
-1.9260551179555179 -4.642634581633596 0.9031975929281453 61 88 41
-1.3177234026469746 0.12283197055889417 0.6162471632204518 147 107 105
-0.4627767979971909 3.241297969354271 -0.6891541140380189 178 176 147
-1.3737381137653972 -0.4325022148104662 0.6438851375390208 182 177 146
-0.6897581711872981 5.1513257854603225 0.4247871618522844 36 30 12
-0.08309738095902737 6.838057826159191 -0.5619592459044548 233 229 226
-0.5360536796468407 5.6040806931562175 0.2717067900531859 32 30 27
-0.9110282264465781 -1.7223193206507765 -0.6440546468571966 76 98 15
-0.6036800773899681 5.087664618288246 0.35775178108993827 5 2 9
-0.9178772112577147 -1.7954089993711813 -0.6006806127491093 86 95 36
-0.5877410203628908 5.431690074774385 0.4420983933686628 29 24 6
-0.2395201243116778 6.398191526708689 -0.15217461138154517 178 174 154
-0.9197802469064967 -1.9056595519020083 -0.45594660450396884 162 163 115
-0.5400570260982387 5.335921446429865 0.43654585904990423 14 12 14
-0.5452962369082552 5.414557316479127 0.46306803775337785 13 11 4
-0.5737586457023762 4.905747518080497 0.40940189230862334 14 12 14
-0.5143008139109474 5.288020567980252 0.37369226309156933 2 2 6
-0.5258388881489707 3.9778059777947723 0.10355781876034037 41 32 18
-0.7000813773136335 -1.7166712502005126 -0.8786723526433071 76 96 12
0.0027174032437720244 6.77262893413312 -0.45892033585562597 179 171 142
-1.2025015101859418 -3.022602127105473 0.024057721571498106 135 155 102
-1.2281634632354064 -0.046007659891150555 0.8516063827304216 207 201 183
-0.5120999837031983 5.193763850629698 0.461837064448141 116 115 111
-0.5355967153049951 4.9378644015258635 0.5056421239620404 24 22 20
-1.2793458689318167 -5.195818078858773 -0.21320502856683146 42 76 15
-0.20903172339097273 6.12097256345049 0.0746122965134075 95 92 82
-1.7628437817358313 -4.599186568474124 1.1420269698852528 127 157 100
-0.5102346584632901 4.986254262881054 0.5257887659406951 79 77 67
-1.2322554071154193 -3.5552668744116676 0.2862924799004465 144 162 98
-0.5052406598127719 -1.6954067941392068 -0.9053754235314089 110 131 30
-0.5626493926941997 -1.7481804445790008 -0.7353077274423895 204 207 169
-0.24661841549147687 5.698860161388165 0.3335515011537268 29 27 28
-0.436728762669162 -1.7328130091660379 -0.9074328090227899 189 195 124
0.1730405876260642 6.626462412648725 -0.2790375673898092 150 146 140
-0.029565093394741147 6.021436121503379 0.06454091848197777 19 19 16
-0.35088255390584927 5.169610817307293 0.6064099788347376 15 14 17
-1.2945787347704685 -4.168002682985372 0.5989155648233853 53 74 18
-0.2106104860467156 4.543174212069073 0.19150177164379426 51 52 51
-1.3059309551209228 -4.099213440704901 0.6636131506664952 68 95 42
-0.29781107261177514 5.227138070313078 0.6116358152366496 126 126 128
-1.8751392802183116 -5.557664832857502 1.6826614795767556 34 58 16
-1.483492986693595 -4.864893832621757 0.9603925328358806 126 152 82
-2.309273155209404 -6.069089990229687 2.576769942900973 198 198 198
0.0370273158082973 6.009222060913014 0.11892011208447116 68 63 61
0.11092318740376722 6.311882219663749 0.031684020008124085 127 123 117
-0.10670397910687462 4.607448037897506 0.1600366056162216 241 241 243
-0.25703323655024457 5.166848385336583 0.6350369303614484 8 8 13
0.1930841137001216 6.462698249742735 -0.047196894586555606 31 29 24
-0.072747471377298 5.755848963915666 0.42314863804003683 32 30 28
-0.23821548701960116 4.871137834362994 0.5898191617538079 74 75 66
-0.2236940072283272 4.885033524208858 0.5579352680181723 74 75 66
-0.5414721669893012 -2.186990895157295 -0.38109785586712774 123 130 71
-0.2633404776722923 4.901653698123116 0.6634713343371302 29 26 21
-0.010658310637618148 5.8532275192074295 0.3439599182733393 198 195 175
-0.21530865342076752 4.830663371638095 0.5698707238046979 64 61 56
0.18201278585112093 6.071802244152507 0.005322924378458766 16 16 15
-0.17403735340471707 4.9023207248992176 0.5763155455717088 20 17 18
0.36695738305751485 6.560692129244953 -0.23642744720121806 28 23 22
-0.23216138621191973 -1.8342651189026997 -0.8451967876088352 203 203 165
-0.04943987790641237 5.540476306935542 0.5092787876702521 138 136 131
0.19836375329058398 6.269979262115652 0.13849742101578708 57 50 20
0.2075314990503622 6.1125819068020615 0.08579572322675982 20 19 21
0.20665913861594437 6.282267104453654 0.13820181789630254 129 122 88
0.47311238750330553 6.677124417124892 -0.34074770877943455 231 227 221
-0.2025304167343221 -0.07415405649054384 -0.39650876590613326 39 68 13
-0.12071227587310891 0.3849781143323037 -0.4701641698202904 64 100 44
-0.11295115022903256 5.387048783471464 0.6817124453295007 31 25 10
-0.10899834497351407 5.406810242903548 0.7131062276808802 190 183 154
0.3806378249464259 6.498708080563322 -0.11519067143811497 37 31 20
-0.12760896570336314 0.33414458735472197 -0.415725320130127 129 164 102
-0.10239935897640558 4.863316888795255 0.5820200436815706 30 26 20
-0.18528367729542727 0.054061634083448676 -0.3044533497740605 60 93 38
0.08112191761053374 5.556265338169984 0.5209999686100608 26 25 30
0.23403684243283304 5.823718336824348 0.2725843237655572 22 18 13
0.056117871142645846 5.446688888422132 0.5945241151273354 162 160 154
0.038231101062201796 5.433696830715989 0.637004394089463 162 160 154
-0.002704061260351178 4.432828507294252 0.5185827502057965 216 212 204
0.029898281832287314 -1.7619492457089683 -0.9738901698659153 49 79 21
0.662815043710136 6.573233473358422 -0.35133545681949135 45 40 28
0.07702038114865926 5.286251212449381 0.6650083014980809 37 37 33
-0.7929088781597389 -4.156256156512708 0.4009851780225362 163 185 131
0.04324816304001455 5.03938756638185 0.7255368356319057 10 8 14
0.4520255779965122 6.199094672221303 0.10555167384591839 140 129 107
0.07409107313425 4.393671567412535 0.5384493614055551 149 86 43
0.4889313905932963 6.227272229625823 0.08182128505182644 66 53 28
0.5833007854786749 2.765490150071558 -0.840631251076099 219 213 189
0.19554246273037915 3.2197389894698056 0.1120284639356462 213 149 126
0.13972929475923013 4.554744052449382 0.5403794955426564 224 199 185
0.22963662725795603 5.541267479161753 0.5632017843746386 28 28 24
0.3342160494926437 -1.0364669724564062 -1.0983283825731867 40 72 16
0.24154983167085897 5.591819777339219 0.5942088853731987 36 32 28
-0.7508682390145676 -4.078121235299118 0.5425955796120772 124 146 88
0.14866755352893118 4.410215417972842 0.535318839535609 216 197 42
0.17309013865373707 3.9573647726325683 0.3949682962338068 221 218 203
0.15310168772392363 5.312470002191277 0.7296843388056791 31 27 7
0.38213168990155055 5.7587839465587605 0.38655264262935973 48 46 40
0.790412333888007 6.530717887562791 -0.2986544637384508 231 229 225
0.2880891232593974 5.578814857612944 0.577836095622353 12 9 5
0.2827254052661198 5.602263904144487 0.605146342759935 187 178 160
-0.16115438107480481 -0.3661756445786769 0.2169152779919627 108 140 49
0.15705164622813306 -0.41530815114259245 -0.4602303054061739 108 140 49
0.20285963238820404 5.35412424337687 0.745191106202934 189 177 131
0.16719588853651265 4.929118146157149 0.7525568293120156 175 173 147
0.22657217101791047 -0.19878827475426444 -0.4362755139354065 71 104 38
-0.10981728980670179 -1.9686854543417827 -0.09071115343706411 201 186 170
0.29103447939932103 4.806973162139689 0.5955786526824263 158 153 146
0.27770798658090007 3.264650478582162 0.2938910166755041 167 91 65
0.3124395834246375 5.360466108846655 0.6959542698870372 14 12 13
0.3124395834246375 5.360466108846655 0.6959542698870372 14 12 13
-1.5440298504000483 -5.943917273603575 2.0746213962063695 182 182 182
0.2913174155891576 3.1529178218607816 0.2774158022777477 170 123 101
0.32290965879537936 5.034059967889457 0.6850463019715495 8 5 7
-0.7176041143218935 -4.626275095002649 0.7354679630696757 137 154 106
0.36338727279775146 4.880160843576177 0.614359111751698 80 78 76
0.32672299497556845 5.16442129970296 0.7838290722850452 187 179 152
0.42900783705920803 -0.6400968732872578 -0.6892593908763229 106 135 29
0.35536572081072143 4.963709453415566 0.6854958034826576 8 8 8
0.03559813423851143 -2.196112225319104 -0.219377969472805 104 98 56
-2.0332423826802732 -6.222926498699147 3.197996633706963 172 172 172
0.531605729246105 5.6570599121457 0.5419037532851471 168 165 154
0.4847636539508819 3.2845601622863363 0.1272382932145733 160 129 102
0.4847636539508819 3.2845601622863363 0.1272382932145733 160 129 102
0.413444697088929 5.3850817030898215 0.7449811305054482 28 21 0
0.413444697088929 5.3850817030898215 0.7449811305054482 28 21 0
-1.0344576187973928 -5.233000297896126 1.4242221544938374 95 122 71
-0.6864609679518754 -4.882420631332572 0.8006445347312909 24 50 0
0.8744526927360418 2.9827759280163844 -0.6707364987401914 75 89 30
0.5604696790678799 -0.13153753918875888 -0.6983604140456029 32 63 8
0.5904512254524381 4.5063070024822185 0.26074136589348273 45 47 41
0.602130311894943 -0.0817434203893604 -0.7343264226365811 46 78 19
0.5296247979030557 5.519851135132662 0.6158832361167561 27 24 15
0.5944074404804793 5.603687702622614 0.5168850062933081 173 163 137
0.4432161573717596 5.086270972145917 0.714985357423165 91 91 95
0.49386929235167865 5.321682156104037 0.6860693458370195 65 59 54
0.47431004344880817 4.949094226630061 0.7002956341730839 109 107 104
0.6309522322098543 4.461510496020298 0.30375091831588014 218 216 212
0.5161695493732381 5.142066694952728 0.7227363673329841 20 16 10
1.1201234903860806 2.4314194940839378 -1.0393502943712951 71 81 18
1.1201234903860806 2.4314194940839378 -1.0393502943712951 71 81 18
0.5979625931988074 5.361033642102795 0.6501388443050823 11 8 4
0.6473004270299352 4.825431631613366 0.4459047142825458 196 192 185
-0.7599907610501618 -5.652943250172352 1.0654843573172819 32 39 23
-0.917904345550661 -5.1561573450010085 1.5097690085957391 58 86 28
0.6204001864220137 5.299085822679936 0.6709761268887521 23 16 1
0.6692068477405868 4.843180596130331 0.48050285968801426 60 58 55
0.4790176058285754 -1.9906694205608404 -0.5806306546347599 196 192 161
0.7885859503843158 5.574287170755057 0.4613929876882046 25 21 10
0.6909593273765542 5.418914898428629 0.6651890875322483 187 178 147
0.7452347519944698 4.849207027469677 0.4643094954343566 68 64 61
0.74956189578691 5.267666672072769 0.5954396143349484 142 137 122
0.8947611049873838 -0.5399065388806513 -0.8871667196215317 87 125 40
0.9309715619733391 5.724856257817346 0.36119076351640256 230 228 224
0.7513357311248364 5.175416855962006 0.6355812247457265 208 195 151
0.8468330641082128 5.373671989664015 0.5552262557429853 34 26 9
-0.7100649952645005 -5.402722784866749 1.348563697760564 60 86 48
0.7878010976325527 5.15360116343226 0.6422602821078602 65 49 5
1.0062303835353246 4.773699747120057 0.16188828685020426 165 155 144
0.8575976634888931 -1.0752949606135092 -0.7398255635223627 33 68 5
1.003351981146436 -1.2005628117919696 -1.0424966911056917 60 94 17
1.0618820528911048 -0.22994067194311205 -0.8795032255639738 85 124 47
1.0374859900728879 0.2772399207026373 -0.682178429074139 142 172 73
1.3916631870755996 2.307102234924279 -0.9037635252642812 80 104 54
0.9972514074152254 4.888241394547134 0.41918489562408356 25 19 12
1.0459661798914752 5.283840966159792 0.4109079685798663 38 28 15
1.0091121775659342 5.146572181792262 0.4574525138198463 202 184 128
1.0314574660156843 5.2195709132350885 0.4526049784757148 201 192 150
0.10304029974037059 -3.919079471319922 0.3896865938137947 48 71 24
1.1759871994978486 -1.0432545906359487 -1.0468471645617992 55 87 31
1.4169767447009727 1.220969615909195 -0.962550270709329 54 85 35
1.2368446977997472 0.31304054770782996 -0.7663742486466786 75 106 49
1.2348570686387825 0.20704179009326074 -0.7625839224427247 35 67 9
1.3131595951044421 -0.9343491710068071 -1.1242653994288632 49 80 23
1.3747411836509404 5.129360582854624 -0.00664911071217002 69 62 55
1.3213923765790827 -0.8557033548645722 -1.0991554521124016 57 90 36
0.6470618074690645 -2.676846396292288 -0.14419204562358942 114 137 79
1.3534202783747924 0.05175002424728255 -0.8882086717926071 123 154 52
1.275180427632081 -1.36185734978242 -0.9373350009741913 64 89 23
-0.10814435238450773 -4.4244313794972765 1.0177034515287529 55 80 31
0.45037021954975565 -3.1753139597083035 0.341751269179956 145 171 128
0.6198090755531069 -2.9714768225751604 0.18497325491011946 99 128 23
1.0191274766129117 -2.4824908958285348 -0.43189739551367506 160 182 126
0.11468463376420837 -4.612960674017451 0.917039880778639 156 175 86
-0.12196840502333897 -5.714803258046624 1.2302237833512435 218 220 217
0.4307138835115528 -3.6605451709149714 0.6490025280366843 133 158 84
0.16760870008065834 -4.68652892031489 0.9904279370782924 149 177 87
0.4377610293080639 -4.07866172382682 0.7221131980880154 172 184 116
0.9118426440272439 -2.682184304758601 0.1983889655254738 86 131 49
1.3415195973253542 -1.893606876946733 -0.3480632893319125 215 218 183
0.3502299022804262 -4.623103773639211 0.8877474524079965 91 120 66
1.1573160275988807 -2.4906619474184315 -0.07397766612578532 153 179 48
1.3557965539146495 -2.446987901254781 -0.38129887849601063 173 179 112
1.8152028619124245 0.8140194144674059 -0.5605750454934716 137 165 75
1.8581442337324259 -0.2525106063498668 -0.824152793252301 28 55 5
2.0449411757836606 1.4154372396275978 -0.6953752598437092 62 98 14
2.0377563067922986 1.533037223523021 -0.6575942871715894 148 172 73
2.1513287212463417 1.7159326956023322 -0.8047499887288622 156 181 109
1.5583937891417907 -1.9458960273074541 -0.43965230997794447 170 175 123
1.5189019102680483 -1.866052462076685 -0.34531794888568645 175 183 141
1.9795285030494025 0.07099849219997095 -0.7668516893142708 37 67 7
2.0042604554742995 -1.2082901281699618 -1.0348944529631512 139 162 71
1.0803268822919592 -1.5195409781754463 0.5914278891798282 54 93 44
1.6137869116643075 -1.6615407175162913 -0.3401449028586474 54 93 44
1.6137869116643075 -1.6615407175162913 -0.3401449028586474 54 93 44
2.136712481585489 1.1989615674088423 -0.6662942267241951 175 196 129
0.8652826178935034 -3.3374641327496164 0.6722268421307762 140 169 94
0.586532620705409 -5.55988473842668 0.7291671464520787 175 178 177
1.7519917624051158 -1.8679819315069515 -0.3816685382933141 67 102 47
2.21857431556748 -1.0149693617431088 -1.0127080423942714 144 172 100
0.1884867022722056 -5.792575489650818 1.577995294015192 227 229 230
1.7293201843638857 -2.4105316429166423 -0.3122127599443684 195 198 171
1.1339679144178587 -3.9578521571202714 0.5017788361960543 118 143 89
1.9323625096619352 -1.8724220372792697 -0.41862538826773693 177 191 128
2.226924696134211 -1.0377458314864305 -0.6749841566068813 128 161 94
2.483849281466345 -1.055453452232927 -0.95900905764279 47 81 28
0.9159579677471784 -4.88188478331076 0.9366259643634544 78 109 59
2.346125370088893 -1.2025075785756911 -0.6660130484818946 92 129 37
2.2510903649276037 -1.42124663024244 -0.5080645272055715 110 145 18
1.375271216646628 -5.093238223497155 0.2715421347400301 199 219 146
0.7549400306136387 -5.687241797521801 1.2188300690957978 182 184 185
2.804186070001445 -0.7248617759555478 -1.1182306006759681 152 176 121
2.646701147550839 -1.120896638595367 -0.8625252711339131 50 84 27
0.4387414204889795 -5.894111532227361 1.9409012434103794 233 233 235
2.741072005959339 -1.3042444276764478 -0.8509098114434588 158 179 113
2.9572042029141756 -1.2251305016834282 -1.084277543677483 72 103 44
2.9779245708421573 -1.4905144288837129 -1.0511416710847852 109 134 46
0.4174573710068537 -5.959667800776991 2.2201418724175035 233 233 235
0.4174573710068537 -5.959667800776991 2.2201418724175035 233 233 235
3.029949884643777 -1.784790426285171 -1.0171011313741343 103 132 30
0.893955848688641 -5.8150763676999855 1.5940762251245253 192 195 196
0.893955848688641 -5.8150763676999855 1.5940762251245253 192 195 196
0.4982794517637075 -5.972830512675112 2.3219739366382712 160 160 163
0.4982794517637075 -5.972830512675112 2.3219739366382712 160 160 163
1.2618483940454108 -5.004974154955909 1.44396258921483 74 110 56
1.7016598859379635 -4.930024159969345 0.8647709284697065 105 131 85
2.3791580887710193 -2.6655147367306316 0.29470507667015594 136 154 85
2.158537253814385 -3.128079291524358 0.5816110338919015 38 65 15
1.9426039540464208 -3.9715348858172588 0.9449281284533151 155 180 144
2.372120256130179 -3.2897280325731995 0.4711124827014882 148 168 111
3.46582553936267 -2.1782924702445667 -0.8013801274253756 225 223 219
0.2807374142125864 -6.226076604571071 3.1455822460033276 180 180 182
1.1660630321179992 -5.925624901430242 1.9200595650400445 196 197 199
1.0856689185824133 -5.937637041641768 2.1334406012877762 196 198 199
1.2344135279208077 -5.930844742756287 2.04003469597548 198 201 202
0.22929337380200485 -6.307935037604837 3.4243615002492174 188 188 190
0.22929337380200485 -6.307935037604837 3.4243615002492174 188 188 190
1.1469003271954235 -5.9998090168735185 2.2589385104010957 196 196 198
1.9767873823456683 -5.220212401858693 1.4966991112075094 34 72 21
2.4174269883702384 -4.197162261936569 1.0877804719505222 49 71 9
2.4306778215423566 -4.04648366214596 1.1084205201125459 213 236 154
1.341351270241963 -6.005952858729336 2.3671181279759845 189 190 192
0.4257128651132168 -6.295992064467048 3.605706220590082 163 163 165
0.4257128651132168 -6.295992064467048 3.605706220590082 163 163 165
1.2388605285042322 -6.065472074026068 2.557762124072758 170 171 173
1.319300252377461 -6.042816691167786 2.4739482966301427 232 234 236
3.3618644068176606 -2.810002515564515 0.3136557642930514 88 122 31
1.4453215953281917 -6.031509429988909 2.4237801881689616 230 232 233
1.4276274350574516 -6.034384922237653 2.4847085482442455 185 186 187
2.539566520025266 -4.717814833963187 1.3380968767157717 114 143 64
4.206864482416097 -2.8438894803712036 -0.20790542020601352 223 221 217
2.846616918596269 -3.8327052253969534 1.4020386719017983 124 150 106
3.4015486894935547 -3.191314477831838 0.8101351283477363 94 131 73
2.607644512710333 -4.660624911569807 1.7192008347221126 117 146 72
0.631326202784322 -6.451599632694879 4.060106534462917 190 190 193
3.1637475663242505 -4.101305262732638 1.371379210788396 130 154 110
1.0834855480188663 -6.37237561698104 3.6927839418022006 167 167 170
0.7022380274972821 -6.513651482615232 4.154165637674224 196 196 198
3.081226140241625 -4.503501602929546 1.5068305222735356 158 182 99
3.221613466990996 -4.107387125205106 1.393600325828718 48 80 31
2.9748058723229085 -5.290854263497529 1.636578599961936 133 161 112
3.337749396246255 -4.972211052206524 1.3077015801161453 44 78 14
0.7380398524588632 -6.519178642557414 4.2769553937634015 171 171 172
3.4741308086207496 -4.407957522132085 1.4505490896427875 146 167 110
3.6352162966824335 -4.410047142830287 1.4782925756933598 56 90 38
3.962310185605366 -5.247825071248159 1.006979141777225 111 138 73
3.800145337755191 -4.569495205342868 1.3111432830348315 60 89 40
1.2269961343627325 -6.479524849530796 4.155136478150867 169 169 173
4.117531289987002 -5.255790207455951 0.9634179040223482 131 156 87
4.004108111066926 -4.747994158277215 1.281690501254808 82 117 46
4.120283864552443 -5.176047599328279 1.0930158224153115 136 159 92
3.825435370172716 -4.985906786933132 1.4653002682654945 73 107 27
-5.621920370740498 -5.237454340190175 -0.7439223962349155 200 200 202
-5.621920370740498 -5.237454340190175 -0.7439223962349155 200 200 202
-5.432042383393403 -5.453853506637513 0.17679427745187395 196 196 199
-5.3814328672697265 -5.482579382902075 0.29944640797590977 178 178 181
-5.3814328672697265 -5.482579382902075 0.29944640797590977 178 178 181
-5.010140530391776 -4.327683386954575 -4.338251327333227 185 185 187
-4.997521901934632 -4.88896188107644 -2.3067655477030145 182 184 186
-4.947783868006227 -5.476153356903415 0.10104960339505793 190 190 192
-5.121310691467028 -6.228639666569976 2.1801529749795394 237 237 237
-5.130527531827406 -6.095764772453522 2.436096635041015 237 237 237
-5.100390372268125 -6.071056163926707 2.420162865226378 190 190 192
-4.939139047060013 -5.709495398709794 1.1184771932064852 166 166 168
-4.982037166945361 -5.896904212226263 1.785460349563096 206 206 208
-4.692076629732412 -5.337239234186667 -0.47971659019590634 199 202 203
-4.921322999591867 -5.930426195754094 1.818550819687157 196 196 198
-4.876823128257347 -6.033505901506383 2.1836193227109297 192 192 195
-4.838699777588267 -6.095996191178099 2.445180707777963 185 185 186
-4.789871641664308 -5.985229952707874 2.107570456756482 187 187 189
-4.458837624046319 -5.555731934888097 0.492905001191369 179 182 183
-4.458837624046319 -5.555731934888097 0.492905001191369 179 182 183
-4.438323641587936 -5.638483917045919 0.7583757168503183 170 172 174
-4.438323641587936 -5.638483917045919 0.7583757168503183 170 172 174
-4.372139776946801 -5.515436000399497 0.3242220285473657 168 171 170
-2.9776670687638593 -0.8364131402327959 -2.0937335805805906 127 134 98
-3.814519093540336 -5.86678731650877 1.7896901818656665 204 204 206
-3.0354593377644266 -2.8646294879718073 -1.157189024282055 32 57 18
-3.716493695346162 -5.863333380669534 1.5870274006473817 191 193 192
-3.911266963682976 -6.177456356518512 2.741043606621839 206 206 206
-2.7176520806316296 -0.44001697457660244 -1.3473564430528036 66 97 24
-3.7446278205619787 -5.956244644240012 2.0073113523739745 187 187 187
-2.773363656542352 -0.7186868123049951 -1.0634320036453282 98 122 50
-2.9034473450019447 -2.8254303253508035 -0.9052705642172011 140 152 113
-2.738416464507629 -1.7375771259348265 -1.087688374524017 111 135 54
-3.235384047358797 -3.5522618952179497 1.105770898047285 163 188 88
-2.605456062716519 -0.8380802948330363 -0.8189328570657167 98 121 47
-2.6023600026844913 -0.6718826266426257 -0.7374609722309368 108 130 65
-2.6006565250395597 -0.77425637929684 -0.7830401721447361 109 132 60
-2.500199572688818 -0.15490835738571138 -1.020922855881159 119 149 82
-3.431258774910622 -5.423098922699235 1.6642584014485655 58 92 55
-2.03786527650403 2.217991057234729 -1.7181775099560002 102 122 54
-3.2824511153399416 -5.552735545300757 1.6848538160360695 111 127 96
-1.9168328160139878 2.395133539600575 -1.8820077893063785 121 137 92
-1.915697104456211 2.4219019722805126 -1.6944226472140143 122 134 104
-2.353597924881499 -0.12771212310822677 -0.5472209842569886 83 116 72
-3.3652166341835796 -5.99457198440972 2.208424149375007 190 190 190
-2.3998461207840647 -1.4345047184353956 -0.5586026294878493 100 129 45
-2.290039435616016 -0.035127760669809265 -0.45194469922816216 96 128 82
-2.0576485822998904 -1.353570375029922 -0.8367327168611414 84 112 54
-2.0576485822998904 -1.353570375029922 -0.8367327168611414 84 112 54
-1.8236814481755206 -1.784273011257336 -1.9424551471632432 45 68 30
-1.8556456428403598 0.02769693308968788 -1.1306165339473901 225 250 196
-2.8758190547267866 -5.235632347204633 1.8507943811177316 50 76 46
-1.2960761834337282 3.705503487313857 -1.6941898539706162 218 216 212
-1.3572441430755988 2.808667172346488 -1.7135101127117736 122 134 108
-1.6566486936343021 1.347738714868089 -0.9144202561723029 129 157 92
-2.5878426539143224 -4.917039945705016 1.0225400349503684 152 172 94
-1.787588022244136 -1.9880657185365296 -0.8955764613595372 67 94 40
-2.509452956784642 -5.068310474753245 1.032020071270245 70 103 40
-2.443041205041381 -4.985378016243119 0.8956807658855658 54 82 15
-1.7040603040372204 -2.3749754420145943 -1.138518816712236 116 146 66
-2.694910779649635 -5.553681173192362 1.757781194474266 48 68 41
-2.0484173507048595 -2.8278354271342483 0.13190815591657148 136 162 96
-2.610033160977764 -5.414669952691356 1.5741012214747825 156 181 149
-1.1360128512976797 5.18518064130189 -0.9777688350380913 18 11 6
-2.0430483059265767 -2.71514764037795 0.20710318470703543 140 169 64
-1.656164773711896 -1.4516196448441132 -0.8362648100821612 93 120 73
-1.1590503800133496 5.1721450608688055 -0.7251537507187901 23 18 7
-2.3709686856353542 -5.068518259143757 0.9646565727907134 140 164 111
-2.644405251833162 -5.177415449666102 1.9689302995602525 74 116 61
-2.5693156997938082 -5.310710325140266 1.659409723947831 74 116 61
-1.1328975443313174 4.8239958030512335 -0.8203342974477216 26 20 10
-1.121275022951817 2.8136751558158584 -1.325260603478165 118 145 102
-1.354967607434281 1.64816859530782 -0.7597872057952717 82 118 15
-2.2814935589181538 -4.397505998615443 0.9871064396776685 142 169 103
-1.016509897667939 5.496091708114397 -0.9153078444906163 46 41 42
-1.1106052785014942 4.650416930661539 -0.7832458084158564 130 124 102
-1.1106052785014942 4.650416930661539 -0.7832458084158564 130 124 102
-1.1106052785014942 4.650416930661539 -0.7832458084158564 130 124 102
-1.909302722851056 -2.8020804231413505 0.10901760687906725 61 98 9
-2.3665386298930193 -5.1239785083647105 1.1660589351835795 64 92 50
-1.1308553186423271 5.025806419138633 -0.4194076128373727 135 128 112
-1.0810847037070166 4.631900208841189 -0.6188245939701394 139 134 113
-1.9123131333276346 -2.817290668077775 0.3503924092583913 141 169 107
-1.0626138289848304 4.729201498786399 -0.6427131703238338 70 68 66
-1.0013391244783256 4.558693347372775 -0.9064691703226746 23 19 15
-1.5310995102738154 -3.5685163901979635 -1.1578152132150552 172 190 119
-2.2190422152143823 -5.159139232698285 0.9270276057435466 123 148 100
-1.033726912324947 4.538283602486186 -0.6578418769545507 83 79 73
-1.0848030928073555 4.775073796875983 -0.3732617710401235 107 100 68
-0.9869836889067173 4.686991597509547 -0.7159859947845628 176 176 170
-1.0549671573881556 5.309349779754027 -0.2916131629633596 19 17 18
-1.1334960492316284 1.9599950491562412 -0.8642556136066849 50 80 35
-1.5877580550798385 -3.0918657462231267 -0.603948788452796 94 135 46
-1.0599062446257892 4.907034646440955 -0.26231404710024436 10 5 2
-1.2486222014809953 4.228779667780793 0.2721454977919569 10 7 3
-1.019668548743516 4.5706064068987 -0.4485911154209187 11 8 10
-1.7283091171787184 -0.180324241912044 0.78310113183296 213 208 191
-0.9845745404693123 4.43742446033816 -0.5913231782029535 10 7 3
-1.6684964742190422 0.6076293090967216 0.8501045042207933 215 196 177
-0.978095932590453 5.395981092602374 -0.2654415145827729 102 102 104
-0.8627542250237771 4.305910346020844 -0.9109300446954035 118 109 78
-2.0907406905139334 -5.149852978950509 0.9750217839231724 47 70 32
-2.021476377509433 -3.9513028523026374 1.0439698222743596 154 170 78
-1.6590897915117786 -2.9127098387578636 0.08504115311951906 138 167 112
-0.970230720249871 5.491753159588383 -0.06649293550144443 164 160 145
-1.498543251268065 0.0037678848054707266 0.32607851269313903 216 208 194
-0.8078372122975069 5.762215347320452 -0.5390756607523577 56 53 46
-0.9416339980642133 5.25680045173548 -0.20373556623011466 98 97 95
-2.0138987530092023 -4.61418054838035 0.9105324678132366 128 155 95
-2.0795687712921356 -5.220539792849543 1.023154792613567 128 150 81
-0.883818152645765 4.517950175604891 -0.5441665980016446 2 1 4
-0.6334243713427193 3.230514957916553 -1.717062568408345 210 208 202
-0.9551958018898625 5.325401556771972 -0.00019393579171364636 89 89 89
-0.9035709094220261 5.4319198032897935 -0.14354411408880113 20 18 22
-2.0691092330350482 -5.108690057067476 1.1046372720774171 54 74 37
-1.2814100840710687 -2.514459001515662 -0.9244277215314567 60 91 44
-0.9318743768496719 5.157537603905758 -0.06420630189448 17 17 19
-0.9221085727546865 4.666001351611936 -0.12548806640590252 74 73 65
-1.4961199019811677 0.9856407344791658 0.8822950258456321 210 201 175
-0.9458388734433499 4.9264704258314485 0.05350556294913828 78 73 64
-1.510716897502984 0.7353172530905833 0.8913574627525814 196 166 149
-0.9466102488962811 4.706813430518934 0.013434743313772915 69 67 67
-0.9466102488962811 4.706813430518934 0.013434743313772915 69 67 67
-0.7555625586567495 3.7977134568006465 -0.8501927288646359 158 151 120
-0.8636020061786178 5.4950640001411575 -0.037858988289176124 140 139 137
-0.9046415515766799 4.6836874254853775 -0.05724313649414287 18 18 16
-1.4654233716720644 1.0836373180017125 0.9172179154859303 204 196 158
-1.390755334662482 0.8245057686968789 0.7014819354488484 81 98 58
-1.3938309767153036 0.8265408066407443 0.7162049936042254 81 98 58
-1.3938309767153036 0.8265408066407443 0.7162049936042254 81 98 58
-0.7045149839926403 5.859049684995178 -0.2316614732603285 42 37 26
-0.8116565837087355 5.574160478018832 0.08143627234399112 78 71 34
-0.8116565837087355 5.574160478018832 0.08143627234399112 78 71 34
-0.5722594438585644 6.301461860710317 -0.5212412473486874 66 57 34
-0.7574306913316995 2.545264817437708 -0.7943596095847635 185 188 151
-0.5119871885264768 3.173424846663569 -1.435279720230891 54 62 19
-1.3862733831084373 0.08828302899966944 0.7100262674275257 143 104 101
-1.3878710814050594 0.1819003926407238 0.8239808708537273 211 185 176
-1.3797538408461305 0.2006780842163381 0.8051501515122885 190 152 144
-0.850665130818727 5.036950895368153 0.2928063180305983 83 82 73
-0.6677162683031803 2.614386644466035 -0.8575342523145095 126 126 93
-0.7385305522037696 5.5611595033744115 0.13257389508183717 30 28 28
-0.43199771388957336 6.450410159930113 -0.6151707363862498 53 45 31
-0.5590055686966579 3.34498768230759 -0.9744668696697313 212 211 203
-0.8957892003383671 -2.4616277015568024 -1.3149784365729857 75 97 38
-1.7550762894400986 -4.768581663783731 0.9248190130909091 132 158 96
-0.5264916856404266 6.116170432139447 -0.31122684916588433 48 45 42
-0.7370096214204636 4.758811980439628 0.04706008523692303 34 32 27
-0.7804832204254218 5.01984615767702 0.32307752381945104 9 8 15
-0.7299204838972186 4.763033009992228 0.16097189191897873 33 31 26
-0.5711194592365186 5.839847309693333 -0.06455029649081309 98 96 96
-0.7336596925155134 5.035862062743336 0.2874669114915899 82 82 86
-0.6499585967075008 5.633394185841108 0.240324308101429 217 209 189
-1.2023994229373416 -2.978586522875969 -0.04300744206120203 56 83 32
-0.6253539703105238 5.57391224014857 0.24756248116067583 18 12 2
-0.6560966479922762 4.754635486294276 0.17200849571120377 147 142 125
-0.42064272863202085 2.876818587972788 -0.9666966135831919 193 190 172
-1.6861385377410125 -4.856926407834306 1.1497017123440951 76 108 21
-0.6224852187452078 5.484174863681875 0.316071768720028 11 7 2
-1.8643267103678736 -5.149642450129545 1.6637574688825707 128 163 64
-0.6657056312867957 5.187866410875217 0.44116204046155616 160 151 116
-0.6679397970055255 5.185505624706224 0.44810414056780085 160 151 116
-1.8293929885326483 -5.2985743713826166 1.5658786257615878 111 146 77
-0.34165143974940265 6.3164778163950395 -0.2391605438846799 153 149 141
-0.6063205040239431 5.393455483225921 0.45494605535383836 96 94 89
-0.914779912545698 -1.9310569060160163 -0.33189128985028526 172 173 131
-0.35696138430602714 6.07776049470198 -0.11362085292255036 26 24 28
-1.2690133275491489 -3.3928011876920703 0.49631155320663994 75 105 43
-0.09297680249418404 6.77929849356912 -0.6806314527366315 92 84 59
-1.5479156736571051 -4.951733419816779 1.0336492468601668 44 77 3
-0.32669640126420424 6.0934153356871334 -0.09919399229724522 88 88 88
-0.6749865837445896 -1.707146619818033 -0.8506032876385891 90 112 30
-1.2012417784665839 -3.4134422993989677 0.384342767821292 139 165 102
-0.5609259252309206 5.212166303031691 0.4836902799742986 95 94 95
-0.5353860620492437 5.188821659128847 0.43244693257200534 44 41 42
-0.6146768017375519 5.705515206260794 0.9092356041667865 22 20 17
-0.3527706629986035 5.834748234524121 0.1543850729988046 16 14 13
-0.2905523554206813 6.028751621433348 0.0198398827843071 22 20 17
0.030256000254980858 6.82601085008929 -0.7322427830043196 36 29 11
-2.0603119742553746 -6.073383875747252 2.57137095767903 198 198 198
-0.4378733232954368 5.562022002958479 0.4654514857219621 131 125 110
-0.024495406515577793 6.79814512990288 -0.4815240703173814 111 101 65
-0.08632189551165617 6.584725469175852 -0.2834019428016828 145 141 114
-0.23627331029164264 6.0821283360173215 0.06554850361952652 150 142 116
-0.1956570393816373 6.320211626953599 0.00985122297456129 143 142 135
-0.43692689905061294 4.854488604106021 0.4462579405833025 59 56 43
-0.2763586354265312 5.808127184525852 0.22299459174869504 31 28 28
-0.08758232094346893 6.459394750292138 -0.16348331750373946 163 160 161
-0.25927338630919744 5.865469185520369 0.23558962145870552 195 187 156
-0.6885608476613511 -1.93110864174527 -0.26877507298030373 228 220 202
0.004620416857133852 6.657532542992323 -0.3513001694910633 33 30 30
-0.33052937816346833 5.638511232234857 0.41193579369426314 21 19 13
-0.33052937816346833 5.638511232234857 0.41193579369426314 21 19 13
-0.17634923799067784 6.017716318940009 0.05573464762065716 20 15 16
-0.40285822309868247 4.875520681165106 0.4724537235943252 31 28 24
-0.4798001085983448 -1.7919251581111766 -0.8006657841187632 160 151 128
-0.530696670249254 -1.8598432373605074 -0.6378266351937221 186 177 158
-0.28812969915500947 5.650308088781074 0.3940846012236444 158 155 152
-0.41455646891676806 -1.7909676076626648 -0.8232189019795189 215 213 185
-0.11330314592882322 5.95635612072935 0.05615549717193942 135 130 119
0.2428685193647508 6.83676061377377 -0.7154253625876007 164 160 148
0.05810750374718512 6.598222551337629 -0.24950269120025462 170 165 160
-0.5506510057043998 -2.0049492564210407 -0.325508775290714 215 214 192
-0.21908998325452006 5.62371462108347 0.45976077108508556 29 24 17
0.2191203750114383 6.90566951619493 -0.5032317139029233 232 230 226
0.19632329879191895 6.877720037022375 -0.43904745601118517 232 230 226
-0.29718346133294254 4.972052154301431 0.6228982886681022 217 210 177
-0.2552976983479565 5.169689108217579 0.6308268294569706 29 27 30
-0.18244720375121923 5.616188258973992 0.5269865877423823 187 181 153
0.10970259119905047 6.483873654039622 -0.08805912902975885 51 47 43
0.010932254183471476 5.956973481740195 0.16554279199243382 22 18 16
0.0330006872513308 6.107869439023324 0.15405210316983856 209 203 171
0.03470393643409197 6.110711373920875 0.14982416604850404 209 203 171
0.14056532750712913 6.4598130662633055 -0.06928212711044807 32 30 28
0.15076360643866707 6.470264117199453 -0.09852051327356175 32 30 28
-0.2046298795985355 0.3099795128453416 -0.41633951634592153 55 92 19
0.11527604438837405 6.356214093578287 0.006316953469654506 50 48 47
0.19578695973696844 6.563974656227267 -0.1343184196332489 176 175 166
-0.16438257191878938 5.4063360992699145 0.6363204404116791 47 43 41
-0.1248297065369777 3.286844311064513 0.07178376626472333 126 91 68
0.3205664021924578 6.808352802306103 -0.3464344796838052 229 227 223
-0.18294758562739816 5.105405996639015 0.6950849387933596 90 88 76
-0.17430545421390325 5.215514972095841 0.6992509707334807 152 145 115
-0.12498950843859254 5.321631514694671 0.6324174606180705 17 17 27
0.22810531194567513 6.506241007645694 -0.060318324046478036 143 141 134
0.22810531194567513 6.506241007645694 -0.060318324046478036 143 141 134
0.15215615786520537 6.16618640856144 0.09494407132826048 19 19 19
-0.14650444781686967 5.217288554144647 0.7382141643503051 207 203 186
-0.09502584763040361 4.380783431901395 0.43125228710722696 199 196 193
-0.7621598564524389 -4.144166327699152 0.4540488479026737 64 85 26
-0.07944347576093663 0.486466829955205 -0.4295473089632429 116 141 77
-0.08246445193947616 5.354490839338305 0.676333613176613 160 152 115
0.30239675403019706 6.478410241409472 -0.1163811753340082 161 158 157
-0.07853269013260011 5.2835490837630585 0.6880581413600443 18 20 22
-0.07159315345245827 4.390061222999298 0.49643409456106796 37 36 30
-0.07159315345245827 4.390061222999298 0.49643409456106796 37 36 30
-0.8963362562892967 -4.646132755051188 0.8402292913968498 135 155 98
-0.011088679818938624 5.477302356591055 0.5753008815144833 198 194 179
-0.011088679818938624 5.477302356591055 0.5753008815144833 198 194 179
-0.090248851148337 0.37897608656458875 -0.29031911257923115 80 119 68
0.23855219283645576 1.505635961197595 -0.9438395170422751 220 217 202
-0.3047671044816458 -2.122258052989943 -0.1383604891583625 151 147 107
0.2538322330904161 6.212675638428436 0.11172195175712922 179 164 112
0.2028593930743501 5.94661986437873 0.2014895798755736 220 214 171
-0.03091112280895937 5.19740723925342 0.6785818001709601 98 96 101
-0.8288183315917973 -4.726646555880725 0.767786526255394 118 141 64
-0.8288183315917973 -4.726646555880725 0.767786526255394 118 141 64
-1.1502869441142738 -5.192834487098109 1.541329440285197 137 163 96
-0.05057025164256293 4.996443751178645 0.7082013284639925 194 187 153
0.07226176320429319 5.545460166559514 0.5527336035656784 21 19 21
0.290965953698756 6.165945837252877 0.10424297262154454 27 24 23
0.012952595116281392 4.363981583393714 0.4785796072174661 214 206 199
-0.003848697379792411 -0.13204201069144783 -0.40738069945652217 117 147 52
0.4099416322271396 6.5125920266355894 -0.10257436668946576 188 179 146
-0.00654219059638731 4.9660750968757315 0.7132070544751808 140 135 117
-0.2439208168751297 -1.907475723661531 -0.062459526757820634 191 163 140
0.11254981570996588 5.605054282884618 0.6113679305444792 151 144 132
0.08177658892906348 5.411321544377772 0.6964610308091798 57 56 48
0.15306807474190032 5.605534665625908 0.5760331983037963 46 41 37
0.06090896852606017 5.203469829308967 0.7425841076498702 205 199 160
0.14294217253101457 5.527648838175458 0.5996300446736921 53 51 45
0.0712841669811639 0.14329692423960155 -0.3245918508103839 139 166 50
0.09859286857829944 5.375278364721973 0.7161356121634286 185 183 161
0.1025583987079915 4.411961747565719 0.548739578596291 216 190 60
0.18072206972021473 -0.14824119091825175 -0.564597625660139 35 69 9
0.11127766144069459 5.381059303949518 0.7518890021941174 67 62 38
0.15620098786135614 -0.6397989947889798 -0.5957356817063975 119 149 52
0.2362106670137696 -1.731238188185116 -1.0009765760131584 59 89 23
0.15011886992724832 5.43370366695447 0.7480938098090515 201 193 151
0.2494174708157989 0.2499095080012266 -0.5071099786877723 85 123 38
0.21085316608502658 4.3637714524826565 0.4504249016380657 172 104 83
0.18669149523154985 4.390249696337847 0.53808046883322 225 196 80
0.4422646364926958 5.9107557824966825 0.20256790684188106 207 197 165
-0.9115370619133527 -5.92203332556861 1.3247358132919673 219 222 221
0.247984910265574 -0.40458237754207804 -0.5606647567190773 30 56 7
0.6013268801704466 2.660982240861814 -0.8490495822174242 225 220 197
0.3585414105372624 0.4381852943223698 -0.6691481683351281 129 150 68
0.3981279445461923 5.802043158018774 0.32447930078107645 60 56 50
0.20000687574835138 3.6927106551139612 0.5127507376486344 231 225 211
0.2682197147529732 4.8344276021841015 0.5775559344532653 98 90 78
0.24454237932840694 4.388098509285103 0.5483781034297237 218 210 202
0.38396793269116214 -1.5593079582782448 -0.9946117884117571 140 164 73
0.6672091221118784 6.3468843872633585 -0.1029279647392796 163 160 151
0.3100018706467864 0.10490973301476779 -0.4320795104669329 60 99 28
0.6458354798899799 6.110550713518391 -0.07556801773400948 131 127 115
0.3487860066480812 4.366617498583333 0.3526838037860528 225 222 212
0.3032954625380511 5.121473933651906 0.7251031316385584 25 20 8
0.2974788039268102 5.176383647244293 0.7581393006258993 56 52 27
0.3445650546717701 5.351138713742975 0.7084021351636296 94 91 93
0.3010468177030489 5.20521272712772 0.830020621376211 176 170 159
0.38544210899788295 3.29430313684756 0.24087818077651085 210 184 163
0.37819164956480167 5.386405608616755 0.6788718723120539 13 10 2
0.769040786538535 6.20260695102652 -0.14353405431919533 34 31 28
0.32610594203283494 5.130392508843337 0.7930127522091931 156 146 96
0.42870121314304493 3.1638146018661715 0.15814306906450865 211 203 184
0.4159700177957924 5.323672511623341 0.6413666287413183 54 52 50
0.4159700177957924 5.323672511623341 0.6413666287413183 54 52 50
0.39912800394272624 5.393192677657949 0.7021289795560348 180 171 139
0.683952469885202 0.4457494544306832 -0.937216702787939 106 120 42
0.8713990763433236 6.395364182155495 -0.19105963851760327 232 230 226
0.46965900724649445 4.840400410267819 0.5097314113217836 46 41 35
0.43078442284732993 5.183325621523783 0.6989457687258086 100 99 103
0.643032777315813 -1.0540671620386641 -0.9523359919368065 121 150 48
0.5347484063775225 5.414154603101183 0.6407874482953693 167 161 152
0.5347484063775225 5.414154603101183 0.6407874482953693 167 161 152
0.5819783233388868 5.618754689592856 0.5695618827200005 68 56 31
0.4980822455903304 5.258266081534782 0.7122512504723498 142 139 126
1.0499100062578008 6.226337692378703 -0.45865825279562383 229 226 222
0.6219940468076808 5.631482222078554 0.5608199242528064 181 168 137
1.0565086536567931 2.8204277704938936 -1.0256864404736923 115 126 61
0.5678013917646145 5.303954452393323 0.6472130199793573 58 57 51
0.5352934903440401 5.17812264334233 0.7097203054240118 157 148 127
0.6546364026126215 5.552616301788909 0.49788543530943086 39 34 27
0.5531015830855889 5.255535742744132 0.71169928268424 201 196 181
0.6656322622135801 4.525016448203215 0.31881445843973977 60 57 54
0.7275428438293884 5.651861877893037 0.4599083674004698 138 136 133
0.6301144646021536 5.312184001631757 0.646967340366443 27 22 11
0.6621806232934001 4.091087436612582 0.34984387839554304 212 206 195
0.8933789852813178 0.5929956446047631 -0.8732106372113337 106 121 46
0.6612727459668235 5.379382280701214 0.6482051454845369 48 39 5
0.7700550953633097 4.478628984238821 0.3267532525685221 223 220 209
0.6942107529341615 4.924844284866452 0.6115245034635431 20 15 17
0.6982797568754016 5.121704868751346 0.6533484314006441 27 22 17
0.7014008297552751 4.979154691094008 0.654714715747769 28 26 21
0.8830143966335927 -0.49111141451936646 -0.7932875202564083 88 124 43
0.7421983017656709 5.008599122718485 0.6326242844425135 165 157 141
0.7746583636135774 5.07314003987438 0.5795894038809861 21 14 3
0.05696964977481476 -4.067997027203561 0.5813508613123688 68 99 22
0.7721387140018607 4.9164861594206535 0.5684515386147423 75 70 67
0.8129342685476878 5.341172621902765 0.5696264522249186 68 66 67
0.9577292230512563 -0.4027232254245314 -0.8380361548028175 96 135 48
0.77652602352616 5.12338948400606 0.6331661293600738 175 156 101
0.9472844412869362 4.532076202814642 0.131666903998897 106 100 90
0.9472844412869362 4.532076202814642 0.131666903998897 106 100 90
0.8547464230079499 5.334394749658932 0.5474913614849523 15 7 3
1.1348736757518127 2.230416614950593 -0.6837480058983048 104 126 36
0.835927108451021 5.193516429968101 0.6175308316128109 200 188 134
0.8898960211827948 5.350589401102871 0.539296057921451 184 167 124
-0.17802830889378912 -5.652858384815368 1.0113584671722398 165 168 160
0.9000206745872094 5.4203340854554005 0.5475107268056773 207 196 147
0.895196880661572 5.094541462102793 0.49702209540628123 13 10 1
0.8946825666952214 5.104687299583072 0.5566006750352256 67 65 52
1.4472679619198843 4.338628893140093 -0.854721971622586 178 167 127
0.9890120310280738 5.323049181393209 0.43107426336532867 104 100 95
0.5723977112494143 -2.7823846457561627 -0.0651076609791844 66 88 48
1.170283137473035 4.629476685902251 -0.07298715203853649 68 66 60
1.1003950766673687 -1.4704044071379934 -1.024503862491876 118 135 105
1.1071346048004418 0.04128206508511366 -0.7531670422223383 76 107 57
1.0780416257523253 -1.1315255045103774 -0.8978849950385697 115 150 88
0.9382427032087902 4.939996670358406 0.5413538205127758 197 185 149
0.6307099043704846 -2.751001978802165 -0.132391867880135 87 107 60
1.0655162732629528 5.361237726224378 0.3432396562557352 23 18 6
1.1178446379703082 1.068296522272442 -0.5335846760118185 150 174 76
1.0065839049052334 5.092274079354358 0.4739586451640494 94 79 39
1.2204886330396671 1.484253881738376 -0.658692087155006 139 163 68
1.0293864318914026 5.219498390599881 0.4573498463175581 200 188 136
-0.13079292976299184 -5.229325640769771 1.26952794765776 80 107 63
1.1227926953496703 4.849194396778692 0.2266639199022307 36 28 14
1.0486482572987053 4.9577910360842115 0.4201536940201775 206 193 162
0.7485591435994552 -2.588334113845532 -0.2553657733970003 58 79 11
0.7413481024017857 -2.5835459680882664 -0.23666989807999927 58 79 11
1.105410249222061 5.010725638715028 0.3406060836531753 61 50 31
-0.049700698448990124 -5.659284071002011 1.0747601710118675 197 200 198
1.2032420767931582 -0.22701913864890885 -0.7831285599887016 121 149 52
1.2421367283483482 4.948484979457725 0.08739069804678161 34 26 7
-0.023905415992107503 -5.125135564353706 1.200977495886612 152 181 132
0.5788724691166824 -3.016355996640712 0.29346840157076304 104 134 39
1.370106733005637 0.11734784682644984 -0.874234719107162 98 126 36
0.786387338870819 -2.594408301961339 -0.02107350793297964 132 160 65
1.0259807161302037 -2.418946474820831 -0.400854397821535 107 124 53
1.4565796887869744 -0.6916471240987337 -1.0402665148623749 52 82 30
-0.309242922965767 -5.939335255940174 2.018677256886016 180 180 180
-0.309242922965767 -5.939335255940174 2.018677256886016 180 180 180
1.0570692621779623 -2.3771919098933565 -0.3367484142249062 128 137 68
0.9517606383338146 -1.082934476338868 0.1558689870213326 109 134 72
1.3472538553038786 -1.1882454842271506 -0.7220730859259806 109 134 72
1.5496483288189669 -0.9964848208885684 -1.086420670210749 26 52 17
1.097846113594411 -1.464130334734892 -0.11471973459530581 84 129 53
0.8642762308897504 -2.7374279527664087 0.2872834434990367 73 109 29
1.2154020387701023 -2.3574060153864567 -0.4110085079904324 147 160 70
1.9116673150113968 -0.23622360929205843 -1.5210459902712947 108 132 31
1.7233824069531323 -0.18167073723209348 -0.8437270102194675 94 125 16
1.4398387350685642 -1.543426903106769 -0.45198471899148523 90 129 28
1.910164880713365 2.0912134188510407 -0.8319151572391301 81 117 14
1.4257903883489107 -2.1257465626773047 -0.471971846329602 191 186 158
1.7415232482125402 1.5738184867742682 -0.5169092495970422 64 99 32
1.6913554929361703 0.8258923440445921 -0.5191506861184131 78 106 11
1.433128478275073 -1.5677842379223035 -0.32425394537819374 94 127 42
1.5502150144667712 -1.5824317399940497 -0.5146773672291695 160 182 108
1.7751364960257408 0.011648566985084059 -0.7013656559754368 64 84 9
0.8690684503765272 -3.438957397346261 0.6479366686973991 132 162 100
1.7426411054388822 1.0334319724551424 -0.3932218305848163 148 176 82
0.7716415553304954 -4.764004866869554 0.6947539956693415 74 100 56
1.758728135379386 0.9504699015920742 -0.40747274558581675 150 176 88
0.5915937077394235 -3.092055937654332 1.3918062316515396 55 71 18
0.9559745688371284 -3.3092729204696 0.6066125781688946 55 71 18
0.8465612402966518 -4.302574121123949 0.672564845927121 107 128 70
1.7968298387891892 0.7694650440922798 -0.4615904396386686 141 170 92
1.6293705549213604 -1.5858612097427554 -0.4928192498224808 74 112 64
0.9490177388717523 -3.41768009704594 0.636639553051221 30 51 0
1.8756440837789465 -0.549710344015091 -0.7930896433177397 94 120 79
0.9768202193543245 -3.3625454413311244 0.620410953193204 94 112 51
1.910154135589987 0.16420812083308484 -0.7388988434667331 199 218 179
1.8874711704430278 0.7619988194917253 -0.5756127950611438 47 76 21
0.7933964002854039 -4.524221951315452 0.8153026443869316 30 52 10
2.049816144265349 1.816589164954724 -0.735765654659314 165 182 113
1.8825079932306092 0.07088954351648517 -0.6643670926217987 159 184 101
1.903442836944751 0.7030325377061735 -0.5777351679250985 47 76 26
0.8616955454231662 -4.852806151171851 0.6885691392835932 85 110 72
1.8185419542717822 1.6054402967945052 -0.17612510608589257 160 179 104
2.1841235732554956 1.6393501161992938 -0.9185427586646624 160 179 104
1.63352752818436 -1.815674975328476 -0.30960586173872096 165 188 132
1.6472583704979158 -1.9761154852848692 -0.34510229444906004 178 187 130
1.7156782282071286 -1.8587044019750834 -0.3835107600312154 51 87 36
1.6777315740596062 -1.9996048636525223 -0.1771118214138909 194 207 150
1.8106145658630033 -1.9666404448110244 -0.3733397135601334 61 95 47
2.1446818184072423 -0.08840045379408336 -0.7053382889748221 132 157 62
2.0956946972602464 -1.1652210569129755 -0.773167401962928 152 174 94
2.327656839372061 -1.1531610422020788 -1.1800146268220537 61 100 38
3.051071887607286 -6.719796059982445 -3.4885481737367487 99 128 72
1.922751043876878 -2.0849725995243182 -0.4412211896941964 79 115 59
2.3402713547355964 0.457743320602518 -0.7876479588341349 89 110 17
1.245410709320158 -4.853187119139126 0.541256139336539 48 76 17
2.3099196301462555 0.6586541306773527 -0.6870412581235702 168 186 97
2.0308093222472037 -2.046668748794478 -0.49123159219867274 188 200 140
1.8296036299751455 -2.4522051774610456 -0.142241719702671 186 187 146
2.423964575864603 0.15113645096747588 -0.7976535319513689 70 100 35
1.5212600290599487 -4.195149870242643 0.28064995523729097 145 163 122
0.7894514510427222 -5.734610203684914 1.4762818078220457 197 197 197
2.550171441194462 0.4951097247438377 -0.9647484522989528 158 180 77
2.4646149750901754 -0.7635484561772184 -0.8504832258212115 231 247 191
2.6123925890410553 -0.9935546895020814 -0.882852773369145 137 164 85
2.7824868748374603 0.007442803167340436 -1.0398943861393797 88 116 55
2.4887815527557797 -1.3856902305624277 -0.664787507558597 155 179 73
2.626432733349217 -1.061691395752404 -0.7244020856611114 61 95 26
2.594777543221429 -1.0316060645199219 -0.5832622832891766 155 182 92
2.57822093348835 -1.449541297954188 -0.5986986325431828 180 196 105
2.5499585360599233 -2.020318592965391 -0.6000305555656866 38 73 4
2.9090738448583915 -0.5436746906170362 -1.0597839783952363 75 106 35
2.8230257880268645 -0.5722113382918683 -0.850302082394968 147 175 76
2.2193389048569654 -2.469080182703184 0.01793844937527382 80 114 69
2.618533266830605 -1.4846394066721216 -0.5182016645242293 179 195 111
3.0325435761865354 -0.3901490722617588 -1.0300222325207204 177 196 90
2.8407240078326663 -1.5679402231456352 -0.7547920482801159 161 181 101
2.2885579413095134 -2.571069542278746 0.12861077576922678 237 237 214
3.1440472528749326 -0.4689308145121852 -1.127020651199974 66 103 26
3.302655571122445 -0.5865922314164542 -1.2866142967932743 153 165 97
2.396555140983397 -2.5422246258244297 0.1453009582290417 53 81 16
2.045251054835552 -3.262938171420034 0.6905617981033002 184 193 128
3.2715786922636956 -0.766653516138603 -1.129900416523677 111 128 55
3.169031749974276 -1.3926411577121105 -1.0017016759615809 224 222 216
2.0337074085805815 -3.3758179973208478 0.7845162779698244 109 138 32
0.12309708606325903 -6.40633007946952 3.7518105567252045 193 193 193
2.59506898653929 -2.6704044663330504 -0.03741409995547616 149 161 120
3.1905350788128533 -2.339232543394308 -1.045347649821192 44 77 13
0.4418923400288799 -6.32227684572698 3.421848368639676 198 198 198
0.4418923400288799 -6.32227684572698 3.421848368639676 198 198 198
2.521816239349568 -2.8813883319402676 0.31782199908345055 55 86 29
2.4053836760742615 -3.027552151358922 0.5191549597756204 105 136 51
2.1680585109340273 -3.2876450947887568 0.9676292409222254 150 172 89
0.22446165187451128 -6.422890209173668 3.9496208179726624 187 187 187
2.569210748285707 -2.9178099309196415 0.4417247946613778 148 171 96
2.1792296272175133 -4.871522117630705 0.881723001456914 116 142 70
0.8542148877593266 -6.200117261977315 2.9690406467294816 171 171 171
1.3229576438203852 -6.007573542123121 2.3046158506629864 181 181 184
1.9668045156170293 -5.204031398586804 1.4098600574598166 48 82 32
0.5185456271067213 -6.365641458142152 3.686652849673939 183 183 183
1.307134933569262 -6.035739637917015 2.4128508662358312 197 197 200
1.3630228885029825 -6.029343980274869 2.4603361092408664 175 175 177
0.5667544433725769 -6.4063774189104645 3.733176608815454 194 194 194
2.1207362454431062 -5.095756560532993 1.3993185069793692 94 128 73
2.055770769759882 -5.334284364231715 1.4849786588133833 53 86 39
4.574078578002586 -3.2918678281714913 -2.1774237678713573 148 169 87
2.164672490666565 -5.356909248628619 1.6102602996457924 161 190 146
2.6925392919894926 -3.5619402236518956 1.2276749873551545 44 74 26
0.7445992446174154 -6.525145638077598 4.265970581418478 186 186 186
2.850150029933652 -5.2786503358168435 1.3027876684010156 135 161 59
2.850150029933652 -5.2786503358168435 1.3027876684010156 135 161 59
3.1036266758034805 -3.174388106753582 1.1896995162381727 247 252 234
3.8837155690782663 -2.9827561648941714 0.21582436450235698 118 146 96
1.2457875449760152 -6.423335672600304 3.906360988553556 192 192 192
1.2376480921093354 -6.488192936970927 4.138481294815723 175 175 175
2.9884263808002016 -5.2976764122967825 1.758890621660262 44 78 37
3.176967532886193 -5.316046497167301 1.7459947866694119 135 155 120
3.462486026301616 -4.71664216839044 1.462022197679222 167 186 95
-5.752348151384432 -5.313463325480819 -0.6096561522768384 180 180 182
-5.762751983984589 -5.167845022029403 -1.1338720236027666 201 201 204
-5.764418460813207 -5.171347357451301 -1.1469384991501559 201 201 204
-5.697909647011956 -5.354594939749626 -0.43899401629812185 199 199 201
-5.707604495512784 -5.258071741200438 -0.8193757875282156 155 155 158
-5.70855984629321 -5.261857017305078 -0.8274293151949188 155 155 158
-5.522451508911456 -5.401750637315921 -0.20947851649539523 161 161 163
-5.447998845599881 -5.109859360563743 0.5326819536947118 230 230 232
-5.491800684639099 -5.415592340093366 -0.2764356407681557 230 230 232
-5.486511888682059 -5.3949598682324496 -0.21753318016197648 230 230 232
-5.456747249557177 -5.440826674756299 -0.05207092313131915 162 162 164
-5.438547621536588 -5.50141572025176 0.054335404726684626 187 187 189
-5.400598151029549 -5.010484885305498 -1.7736098005644654 202 202 204
-5.2443524856723736 -5.7559820503817 1.1419642197389226 182 182 182
-5.2443524856723736 -5.7559820503817 1.1419642197389226 182 182 182
-5.243274051380715 -4.9436319598171625 -1.9485810672401351 193 196 196
-5.059106914799437 -5.867299055079107 1.5845657466077547 183 183 186
-5.059106914799437 -5.867299055079107 1.5845657466077547 183 183 186
-4.933296886538592 -5.8702642276880495 1.5295075799500275 182 182 185
-4.930640050568597 -5.888284137657308 1.618290238799106 193 195 196
-4.930640050568597 -5.888284137657308 1.618290238799106 193 195 196
-4.919808040811006 -5.786313814520372 1.1925517531623144 173 174 175
-4.928299292080852 -5.956564561058466 1.827185499150154 236 236 239
-4.910069201979243 -5.823182785733329 1.3903395796241316 189 190 192
-4.83398055570256 -6.165530223168594 2.6596340999955417 193 193 193
-4.2695982635327 -5.19063003086605 0.4934865257001427 58 83 46
-4.040297649179963 -5.889531001376197 1.7473980632466994 198 198 200
-2.911932383259353 -0.5089998799911956 -1.9562621329479188 67 85 35
-3.5016535342659183 -5.258918910041041 1.3124932856104559 132 165 39
-2.5928110286290647 -0.23319012460969066 -1.4127689727467907 130 158 92
-2.391841440667877 1.444651177324063 -1.8479311116764097 99 116 79
-3.013545097883291 -4.885360102108111 1.138014954047261 61 92 14
-2.3644183347448546 0.0525951384922665 -1.0998591822765516 113 134 73
-3.1434942176469836 -5.969396973005891 2.091712784177411 199 199 201
-2.460501471514866 -1.3233050856122273 -0.8577625868963505 82 110 14
-2.152473524151545 1.9718041978369316 -1.6582513229329185 119 141 69
-2.435448275906749 -2.2838234701105167 -1.0179037139470206 73 100 56
-2.172635655215586 1.2877594015055311 -1.39427450602541 77 99 39
-2.172635655215586 1.2877594015055311 -1.39427450602541 77 99 39
-2.3840313285562105 -2.244909177937378 -0.9807619355263356 29 56 14
-2.9223460958969523 -5.449970341627136 1.7281460548184084 97 132 63
-2.0331904707655992 2.1229985572634074 -1.329821747362668 120 141 83
-2.0751098214553925 1.2270331368843883 -1.1835856243775325 50 76 33
-2.2553744717346986 -0.7088494504310161 -0.3359290630581753 154 167 97
-2.196123625719672 -1.134993730660146 -0.6986864812646272 26 51 6
-2.1213963730432575 0.07499876290642249 -0.5087871675177555 37 72 4
-2.1728186893561663 -0.8069742432596863 -0.3022464652547241 158 161 114
-2.069256804413014 -1.1688223901540615 -0.908213172497156 82 105 63
-2.0425859115407556 -2.2761603923207163 -1.0558177489854195 19 42 11
-2.4445807239057413 -4.114800142858363 1.0746673210646913 112 148 76
-1.637035356216712 2.503111440271918 -1.2888935822314258 59 93 35
-2.4108430514801023 -5.005564892470139 0.9516774760785548 68 101 28
-2.3652107827206437 -5.107890128289499 0.8969886984029519 121 146 89
-1.9116167612681467 -2.80164243502396 0.1215125721620551 68 108 8
-1.7526263834297235 -2.5290791015011322 -0.43207907617494457 138 168 62
-2.0857058230526473 -5.179245901483187 0.9612447955209336 136 162 111
-1.741474589966275 0.6021619110107 0.8552671486126693 145 94 86
-1.741474589966275 0.6021619110107 0.8552671486126693 145 94 86
-1.6987022222085775 -0.18207945911533965 0.6649583483239271 217 211 197
-1.0285510083954537 2.887179276905956 -1.3769865692935388 100 126 79
-1.7999113334410943 -3.268868648766762 0.7756819193058492 72 116 20
-1.0836031595814246 4.766421384861859 -0.47985136961547553 12 8 2
-1.474340569783191 0.697001414632972 0.7451744998457847 117 68 59
-1.033607223502891 4.937652858246558 -0.1598312909599706 175 169 154
-1.491084967237021 -2.9848255505422268 -0.08300863281380957 140 161 116
-1.0118134790284041 5.197627270722323 -0.10448287485054467 148 145 136
-0.9781815786778411 5.431153626677711 -0.14997427195633073 104 101 99
-1.4230508639513615 0.7514803233557408 0.7748544560932845 221 216 198
-1.5737705601085956 -3.410113904207704 0.42987496770239675 69 110 31
-0.9615410184518001 4.563044019570886 -0.29295261503600234 21 17 10
-1.048525514479457 -1.4686622714974806 -1.219669804993388 32 55 21
-2.314429072512917 -6.498004125624846 3.2481055738427864 177 177 175
-2.360880803687445 -6.3410034369552 3.530432569165507 177 177 175
-0.8959328048457267 5.4725221570954234 -0.04512608219799409 49 49 42
-0.8959328048457267 5.4725221570954234 -0.04512608219799409 49 49 42
-1.3550553489465293 0.2157477459054694 0.7383033271311684 120 90 80
-0.917085227675607 4.896121072163814 -0.03008330408283703 2 1 3
-1.4466858412305348 -3.458579986091875 0.3093665572019361 69 110 31
-0.8916148161006523 5.219912903438518 0.10554658053699639 12 10 15
-1.275154115747186 0.6313021433100399 0.7779016458280786 165 152 113
-0.8091845389536745 4.553069670494492 -0.216419568504163 125 119 103
-0.8153244151698585 5.507995021839718 0.06577661937107629 25 20 13
-1.5704656481538606 -4.6912728904125975 0.9134128221140738 197 228 167
-1.5704656481538606 -4.6912728904125975 0.9134128221140738 197 228 167
-1.0242771644067512 -2.565191747680807 -0.7091322300920951 53 72 37
-0.7735266716380037 4.679352713293041 -0.006045007801621295 100 99 90
-1.1999266317199881 0.757300926632239 0.9268000988828436 231 228 210
-0.7824626809024361 5.380619766230605 0.286409079406083 124 117 93
-0.9787218567756384 -1.8854053962505433 -0.5353524845651516 64 80 13
-0.7859591662883727 5.074821070617013 0.2904120152080203 11 9 12
-0.5789370792327679 2.832628780860085 -1.0653951552565275 77 83 30
-0.5789370792327679 2.832628780860085 -1.0653951552565275 77 83 30
-2.188660147457477 -6.355960809573727 3.663848930023801 173 173 171
-2.188660147457477 -6.355960809573727 3.663848930023801 173 173 171
-1.011848989264845 -0.9565286571308711 0.16592201354085634 32 58 13
-0.7402811056268863 4.930969214604065 0.39675144387094147 122 122 125
-0.4371410431590932 3.1317208026567998 -1.2478635398696118 165 163 133
-0.5450650762207039 5.924573627108409 -0.17595248881975514 39 35 25
-2.0270022215011942 -6.229034243945685 3.1854816570000204 175 175 175
-1.0758224520231754 0.7444309862345055 0.9411768156905684 230 231 201
-0.7139527243994817 4.916703691672753 0.4301443405194648 19 19 21
-1.130788717185724 0.7335232846037649 1.1858358592766496 230 231 201
-0.6813415074325211 4.899832802367515 0.4080097000073751 14 14 16
-0.6813415074325211 4.899832802367515 0.4080097000073751 14 14 16
-0.4705653747748152 6.085291830346187 -0.11834431511678267 147 137 115
-0.44248500563918747 6.036419537951771 -0.1900048870326111 21 17 20
-0.6308793740820161 5.2524554983065554 0.4082514397319273 129 126 123
-1.0467220335760483 0.6300903367160183 1.0532664630577186 197 199 140
-0.44340009264808633 6.045196027827724 -0.12184165837764022 18 13 9
-0.5887575547930932 5.318011682867236 0.36366000433370377 14 14 16
-2.0671171012091727 -6.382085341737525 3.6981165694123685 236 236 236
-0.6094054449730686 4.936835035864192 0.3948242523328194 127 127 124
-0.5766423606746893 4.9148682302227495 0.36114177711891826 16 13 15
-0.3270942506988211 6.427865075705362 -0.29198102568783946 58 53 50
-0.5664087615511321 5.4643733028584265 0.4578553572643964 163 158 144
-0.5099036136815698 5.2824472262712305 0.3810639635144205 12 11 16
-0.32818626151345215 6.090511007121774 -0.09164902098174402 89 89 90
-0.657263731700579 -1.883566196867941 -0.4908613733910484 210 207 187
-1.551902499902768 -5.922164679462517 2.104440848760216 197 197 197
-0.5156499480328891 4.966996108287525 0.5024267986972513 173 172 156
-0.1825466797768284 6.539070148381756 -0.3135909910128927 37 30 24
-0.7230891160451152 0.4185275692688312 0.4624815770617832 62 98 14
-0.4161360282001215 5.553802236833035 0.4283121905763605 22 19 13
-0.48030651073388714 -1.792859962641247 -0.7943279020643476 174 166 144
-0.9447052307192572 -4.124981330095963 0.5938260830509857 63 89 26
-0.4263529288853724 0.002009521004363585 -0.46690297462944647 45 80 9
-1.2279248006423882 -5.243373444194613 1.4700231844452984 132 155 81
-0.4116925166952139 5.230784482396589 0.5727951225185176 136 134 109
-0.05148177905490862 1.4292220726003195 -1.5223633805947587 252 250 242
-0.3670570560031738 5.321048047864507 0.4781333631429417 33 33 29
-0.37569939660467594 -1.745233463086119 -0.9179602559554917 124 138 50
-0.3723363531529909 5.436083745333278 0.5776656158017354 58 49 21
-0.36309061775767076 4.883512740563371 0.4779712830417882 139 137 130
-0.3597589238209686 0.05930456937886654 -0.5243976217306526 49 84 14
-0.1785023141720279 6.111271982320802 0.03240226026361223 61 56 41
-0.3549656247342631 4.815709740032662 0.4484265850593163 189 186 177
-1.849710253015641 -6.379433144513014 3.763676089620019 168 168 165
-0.25333406960875937 5.69485380060684 0.3452548160115409 34 29 24
-0.8429666790235106 -4.105251680212757 0.5448666852312001 128 154 98
-0.2605670760313824 4.231363044199294 0.10150156485757339 233 230 223
-0.3475295696574906 4.8923259374736565 0.5756943060856857 10 10 5
-0.07188587609295964 6.292681789387991 0.01425067659396286 140 130 104
-1.071417165178073 -5.213694584619829 1.4258068747466943 29 60 5
-0.2303784510261996 5.477174349765668 0.54850751449041 147 147 144
0.17307314556196138 6.914452681258411 -0.6149055101198095 78 72 64
-0.03824190718839096 6.223528469722512 0.019631422565097523 16 14 15
0.05104382561865139 6.536800217321032 -0.2029188336786948 23 21 20
0.1253793546430867 2.832911560195236 -1.1760317128774145 148 138 95
-0.4377647275459571 -2.8622946785747936 -0.26108936462835036 47 78 28
-0.16978829584802752 -1.6135825637521792 -0.9636531483904646 66 92 5
-0.0660562792593614 5.9292085370316165 0.16806362740922165 196 189 158
-1.7687529381571065 -6.399390601956154 3.859456980029893 236 236 231
-0.16348387011972404 5.465572742955424 0.5638783276103314 140 138 136
-1.7491475232531821 -6.414133213777432 3.9083747068570145 168 168 166
-0.12067027902415778 -1.7004895381987435 -0.8973944232984773 93 120 28
-0.02809328272284765 4.9065670732429725 0.06827619081494193 245 245 245
-0.15471269221537207 5.071298929951335 0.6282629754996883 11 8 15
-1.6994803462478154 -6.403113633237679 3.8707342834817324 191 191 187
0.0753733876588891 6.033598948864416 0.125210608462414 89 84 87
-0.08815916105883555 -1.4726886998021493 -0.7264589810927271 53 77 4
-0.09411895525174353 5.42027096561201 0.6799566198385539 202 193 166
-0.10353988674190898 -0.010848188578654031 -0.31091138788446887 112 145 57
-0.06976801707507958 5.42258729109132 0.6907607770513727 190 180 149
-0.02922040814434805 3.199246383635521 0.19431312186934604 192 177 160
0.003973341077996931 5.601932716852214 0.5510364309158192 14 12 9
-0.046725583156394544 4.840318680752387 0.5830411833766275 48 46 36
0.09018626098238688 -1.414233580699012 -1.0175327575199302 106 134 39
0.12192005179843864 5.828948625373522 0.31377864557400276 21 17 9
0.042577299947118306 5.278860196801046 0.6578456168903458 47 45 40
0.08385544630702738 5.631815391807203 0.5940446064005697 52 47 32
0.08649746774210279 3.473672841275089 0.24960921993760302 108 95 61
0.1587037522352668 5.74539232654999 0.47640058869187896 24 19 17
0.08367174266222015 5.369814329386561 0.682905715908475 32 26 14
-0.6848372650990912 -5.673471620208407 1.2292305876028553 124 124 117
0.1995087766186417 -0.6996628274620056 -0.6606020154487903 59 90 6
0.08443296858538929 5.130171045478137 0.7820881968101977 18 11 2
0.09116447360395127 5.139331000850611 0.758096014853455 18 11 2
0.39284732208755485 6.313299830106585 0.004614463660247825 138 138 134
0.11046842820746254 5.2047525540649175 0.7669663188233667 188 182 166
0.1916249524694847 5.60932791955527 0.5872676076896503 146 145 140
0.2487064675885161 5.751601329999768 0.4262743862450702 46 41 40
0.14675200240071673 4.411554762466237 0.5453669357691316 213 195 48
0.15391091664042342 4.523788096969143 0.5506971150633744 151 100 50
-1.4809039923743945 -6.447382185438838 3.8986800915211735 231 231 231
0.41350507238873496 6.24405805338934 0.04827715184334471 14 10 3
0.1759053251927246 4.603394623757332 0.5440935940494348 142 110 96
0.17454081947999134 4.60166300005519 0.5495776570843077 142 110 96
-1.4644681107168855 -6.424589762306527 3.9186740481044287 231 231 231
-0.6151642521749685 -5.715044577584338 1.3177444747935578 156 156 156
0.44967693766243994 6.149532197882119 0.024537197840590965 17 14 18
0.6632555400464198 6.6404085042297325 -0.4041942340219977 233 229 225
0.611755572448099 6.527197270649246 -0.2497220425028896 37 31 21
0.5318864546067735 6.1671200901881935 0.012899555659267916 18 13 10
0.29996807821269716 5.401471546027101 0.6639026334027746 128 127 128
0.2590524833254773 5.031642737475582 0.7331485345689311 9 6 12
0.2806140711030489 4.401459938368804 0.5522317487293233 218 215 205
0.27556206518031584 4.394224884673589 0.5705401934780204 218 215 205
0.2578888502293075 4.9553399181139035 0.7412148160138073 144 141 130
0.5971961812986893 6.361486365036784 -0.08192236981751531 49 46 33
0.2663532007187835 5.198285360377293 0.7662862417389377 196 189 162
0.6973509214089143 2.7455619469496906 -0.9657523721858006 208 203 178
0.42739380884948275 5.79919052327754 0.4162110143142984 29 22 2
0.6431872826469947 6.419786719359738 -0.10591915788532072 39 37 31
-0.02520494047254718 -3.623120431926653 0.30788950175025026 130 150 94
0.39648922428908523 3.2193162932004658 0.17710271268483435 214 200 184
0.349402711430204 5.35960118347218 0.6899301149471273 103 101 101
0.5075723005708129 -0.23961519891943847 -0.7455812100017043 33 64 9
0.6327594215133935 6.024291776987815 0.052129051798437735 135 132 123
-0.5006309388807134 -5.731547789383821 1.5768859974658338 179 179 179
0.46736759281417867 5.643575834682234 0.5446669923853371 158 153 155
0.4583006233004678 5.1692140417824834 0.7185564512589004 7 8 14
0.5417221421351731 5.534991870968377 0.5657102181925817 28 24 20
0.4951844561039939 5.317451895918209 0.7064600731167059 35 34 34
0.5498569985473469 4.952883685652468 0.5866015492794959 29 27 30
0.955715967109182 6.292756403032276 -0.393538048307439 40 33 21
0.5214540359006781 5.084733440270485 0.7042501614099821 32 30 26
0.5586758718802555 4.822227657827669 0.5625554134622044 66 64 58
0.5088680106172183 5.110314415145867 0.7774644921959152 11 5 0
-0.23531044092147124 -5.6546312981423315 1.257567383179881 199 199 195
1.0298422208328872 2.993244697957483 -1.102999463318459 70 80 24
1.0401498764062878 2.99909384059163 -1.136587250119639 70 80 24
-0.20139289730017104 -5.646508633917963 1.1680400686981696 103 102 98
0.6383518894584601 5.596794461732985 0.5502570820442494 66 59 36
0.2661708545778301 -3.374446884321203 0.34328762705725296 125 150 66
0.6144152577925903 5.133737214436568 0.7159809736468162 178 171 143
0.34217486168126776 -2.9844528978818374 0.24467107196308607 69 109 48
0.7566423251570473 5.611744247495299 0.44823670727592907 13 12 9
1.0918295525425212 2.4000086665212064 -0.970724166255461 69 79 22
1.1419917692086172 3.2371684860690086 -0.9354108281011034 169 163 114
0.9501280858456879 -1.5725237608740503 -0.989989953196707 118 137 98
0.45968366107010394 -3.0847275646677415 0.18287418427722835 47 74 12
0.7753660088986147 5.247376657108541 0.6046002332309194 208 199 163
1.0261167063449157 -1.623497499244046 -1.1192199368570412 122 148 65
1.1110563547559078 1.6760731004861138 -0.8281219437199961 86 95 35
-1.0824711690304778 -6.492319213822117 4.215421168456173 228 228 228
1.0108097004704302 0.5167704036192445 -0.6363784704798312 142 163 47
1.0131970983418843 -0.42832174403189643 -0.7677778318422447 73 108 35
1.069836359444151 -0.15497103037211815 -0.8175673422386314 83 121 45
0.9060054054665795 5.265885987666436 0.5243142119739794 45 38 23
0.9103025857416409 5.005962446356128 0.5020369250603126 193 182 112
0.934386407276071 4.890801267066349 0.46939833552031235 84 77 70
0.948162781192746 5.179491227173354 0.5098714596304796 202 194 165
1.3043767776459116 4.355759155950972 -0.5781351006231891 204 196 170
1.183901029971861 -1.0464519329067206 -1.0673448880515037 56 88 33
0.943782246177057 4.95295640593751 0.5271241016700041 201 189 141
0.9412306633501324 4.947719675795732 0.5350981744605545 201 189 141
0.9878367026232924 5.032248028903418 0.45570458210389236 38 29 7
0.28287245539581346 -4.7164604774732775 0.9690162125840013 72 100 57
0.29628815455035235 -4.525708725349285 1.0154456285073532 67 99 34
1.0598815885255866 2.8579433835374335 0.022377937346879852 218 216 210
1.0742496485094504 5.077567975943652 0.34742204361682993 64 54 43
-0.25979114656045144 -5.976316362236809 2.3805437863161893 185 185 185
1.2300431326359726 -1.2170426964313585 -0.9907163317611782 22 47 15
1.2264556843202925 2.910821075172605 -0.30049718482359944 218 216 210
1.136806768201933 5.135030596198452 0.34394953199291795 198 184 139
0.16380884031429915 -5.742056281181035 1.3916792009747714 172 172 172
1.3097126479271568 -0.8844304197237322 -1.0135878594576522 41 74 17
0.16409954273326163 -5.6730771083974165 1.4225292856870884 226 226 226
1.3196887131358563 1.4448673533179417 -0.6673934449548471 52 81 25
0.14018323685233852 -5.778674345142734 1.5267056829413452 187 187 187
0.15712759575927485 -5.743967728842019 1.5456182228141861 231 231 231
1.3956434231050818 1.5722436594171898 -0.7145007531789137 30 60 15
1.6129853941984864 2.5622072178371735 -1.1565310036190364 246 255 220
1.4269681147706683 -0.7680367367380273 -1.0882878442088282 45 79 22
1.4489479632197544 -0.423877440079057 -1.0302012030426926 164 188 93
0.1790664440785828 -5.726140994424162 1.6301693365685885 181 181 181
0.19454562478408466 -5.781191263972296 1.5839597159591206 230 230 230
1.3421013895608025 -1.3335019795355014 -0.779717292827389 54 85 15
0.7663804013501904 -3.0482740567521303 0.5073442049284163 73 103 38
0.7903085017453282 -3.885793300390534 0.8042297291189942 109 143 38
0.8125358764401094 -3.7773243212102985 0.7666154183187442 113 148 54
0.857926683036177 -3.5891581261188046 0.6865636297844241 128 163 74
1.3955069563363403 -1.9401345622905357 -0.4658480636911303 194 196 164
0.3114588949625865 -5.80603971607329 1.8324445964082328 172 172 172
0.3114588949625865 -5.80603971607329 1.8324445964082328 172 172 172
0.8990517424718248 -3.284686627872239 0.7535467891595382 46 64 5
1.6608520928044601 1.0491164661567158 -0.5460900905544874 117 145 56
2.15822961483632 3.7767581745634526 -1.344834290608252 229 226 223
0.38941678699727394 -5.878245211457931 1.9783323753621846 183 183 183
1.1925357993393624 -3.5707100114660846 0.28335554025766707 80 100 54
1.5534661972871717 -1.6814792474797937 -0.3102093291849464 146 173 99
1.676253571250754 -1.3029599631214783 -0.48028449956036573 155 179 99
1.7662342415339107 0.6549465318912029 -0.39294579015850356 164 186 89
1.599591979758592 -1.7799296868397483 -0.28770194912711217 166 191 137
0.4482181768714067 -5.864736458380427 2.0744118893712393 167 168 167
1.8401200872996377 -1.1811312560039515 -0.7159454942886488 149 170 87
1.88793358812226 0.40968153701896287 -0.5858272767048623 99 128 48
0.40663750342058747 -5.9317057976082745 2.2780826172826325 232 232 232
2.0965354771957623 -0.9073049180778174 -0.9269886633847698 73 116 52
1.7430154690095587 -1.870819802395352 -0.15905354028278176 116 152 82
2.102240307651481 -0.056469300567077836 -0.7246290200158908 58 91 20
0.8550726445183692 -5.760707083675697 1.6894973443528667 194 194 194
0.8550726445183692 -5.760707083675697 1.6894973443528667 194 194 194
2.063659194418883 -1.4590570380403198 -0.588003572670209 198 219 153
2.0198814620226146 -1.172865344384 -0.40312953675356855 186 205 131
2.1881259341339385 -1.1409095752040488 -0.6334797320946 46 86 15
2.0693159882184475 -2.292425262291677 -0.40204041605646 80 108 45
2.4595201780625233 -0.1149726805075302 -0.8476901938758253 147 170 75
2.514497205541256 -0.3955897891378505 -1.0050185362052102 130 156 52
1.3757860486174158 -5.085094321335284 1.204195783453204 58 91 40
0.8866527305619063 -5.897994746017899 2.2855392462039426 194 194 197
2.719607813929261 -0.08529397544548124 -1.092759195449242 86 117 39
2.247256928043453 -3.775520574229712 -0.2063619060722988 147 171 73
1.4920538005426915 -5.412124012852769 1.3735223278442148 41 63 36
2.894533086657863 -0.7001287587773275 -1.105714312421084 63 98 18
2.0477415781642456 -3.1893017258465113 0.5770031803637753 53 70 18
1.19487634905038 -5.878833483758055 2.130932429754061 195 195 198
1.19487634905038 -5.878833483758055 2.130932429754061 195 195 198
2.952002229259286 -0.5825270047936162 -0.963140907018227 149 172 86
3.0202800765427726 -1.4059017704023402 -1.1530294737136182 158 174 128
0.8010708356257966 -6.122274520566217 3.1990126550342675 170 170 170
3.1220520293243204 -1.8431294819396788 -1.18890352664283 102 131 25
0.8536357268852749 -6.145227334594863 3.1151387065847023 227 227 227
0.863522711112443 -6.175464258486184 3.110325168141033 166 166 166
2.850804183603086 -0.5750667946449296 -0.2978994300279976 158 165 124
3.2759073627979634 -0.6415813794465727 -1.1900415248218967 158 165 124
1.3096201272099588 -5.961894480298815 2.4479586729518394 187 187 189
3.1388336105738617 -2.413430991879679 -0.8244690709872918 164 184 120
0.593897446266992 -6.4128040535461865 4.026732190140863 194 194 194
1.4003125500572953 -5.997496659586904 2.546023887558773 192 192 194
1.440998449317007 -5.969792861285317 2.468891579960077 190 190 192
2.7417146130075256 -2.9014525067234986 0.46182204595877113 144 156 117
2.4401837129075563 -3.3715422425847477 1.1548815764265634 44 76 28
2.4428607878274042 -3.4699868883409697 1.3151776886167013 140 166 100
2.290465656541716 -5.127829398363202 1.5756170417597448 161 181 128
2.5405638704859386 -3.605851577998745 1.257580423897093 139 167 80
2.702539809234565 -3.6824464471701774 1.3723516423063473 116 141 96
2.731596127044891 -3.724081979160919 1.4622289089209328 110 135 91
3.9493056560251936 -2.8878912661532836 -0.07094803816608848 170 190 125
3.0999684841485413 -4.090041360790837 1.584317350043067 118 144 97
3.6663838549364884 -2.6734737669255715 0.7422248726949237 221 216 210
4.198836695950741 -2.8705121121598283 -0.16542925655683383 221 216 210
3.0150609771567813 -5.277684093764666 1.8305301703000174 41 71 28
3.0538893978231805 -5.352043833905371 1.905791721607916 36 68 25
-5.757400215409519 -5.251127475461208 -0.8526084447677593 231 231 234
-5.754050407992567 -5.24922382355776 -0.9249377089253699 177 177 179
-5.600476710940152 -5.35262931348652 -0.3983681918881436 166 166 169
-5.501745711973984 -5.375306385565996 -0.2834841947455925 177 177 179
-5.452085830719523 -5.434233035698259 -0.03464901145582235 159 159 161
-5.471048185261588 -5.348525344867758 -0.23859124003113452 189 189 191
-5.378240534629832 -5.509763553408038 0.24180971901270187 185 185 188
-5.128685181170356 -5.8210437573581935 1.4859084121124995 180 180 182
-4.873317623038234 -6.136977245876341 2.623329234005906 204 204 206
-4.934432951929692 -5.937907622457368 1.9125620849226856 172 172 175
-4.933634699959376 -5.938542680360777 1.916420976655296 172 172 175
-4.828246860782918 -6.153027993196006 2.686557784387812 185 185 188
-4.908279276388778 -5.818199188888934 1.3986894060748472 174 174 176
-4.788117603437756 -5.9980732584172465 2.08771507553067 179 179 181
-4.782913062081954 -5.98613646206542 2.1179897214461167 179 179 181
-4.993425635622936 -4.860692556015895 -2.2709114834401416 175 175 177
-4.984391199766088 -4.841986230929342 -2.2155889656816243 175 175 177
-4.68658943483973 -5.319817397685712 -0.4609045393139787 203 203 205
-4.456285827244608 -5.560073746989012 0.47586218153138954 187 187 189
-4.273973748963617 -5.463645444842486 0.7893928026644693 201 203 197
-4.040812223576669 -5.890709411214745 1.7459931499100534 203 203 205
-3.912207605615789 -6.154738232604058 2.790673415814327 191 191 193
-3.9083283997096903 -5.879864297642044 1.7458428046217545 190 192 193
-3.9075862978759086 -5.876062743040636 1.7533778173152004 190 192 193
-3.8443140216775924 -6.21366770538829 2.9575891498997646 200 200 202
-3.8443140216775924 -6.21366770538829 2.9575891498997646 200 200 202
-3.434804047220557 -3.121295821275714 -2.130987099905342 229 229 231
-3.230919413832526 -3.5532153657187258 1.1343455382648966 148 176 71
-3.2998532241756635 -5.498059446536676 1.7438360092969434 38 63 23
-3.2190486517717734 -5.956312327213675 2.1072158611984064 206 206 208
-3.1729767930121544 -6.371197257779799 3.655637112164489 192 192 194
-2.862829977226616 -5.251680645061393 1.1804315859801593 122 153 72
-2.766477762456336 -5.286777875788481 1.742445415873297 47 80 41
-2.534085131048113 -2.571416152972671 -0.34147384865142405 140 157 89
-2.4339953130563408 -0.9198309371248985 -0.3711687717773193 54 87 13
-2.6271144134288917 -4.628517598953908 1.091497722924296 91 124 62
-2.361279997399039 -0.10037801674015821 -0.37433399289324837 61 94 54
-2.3437298978616834 -0.23698405384595886 -0.3379092532111274 50 78 45
-2.3877270422546073 -1.446381803189504 -0.5331336644737403 105 136 59
-2.5573818084039672 -4.828697972076457 0.9818827328009369 63 92 22
-2.2861522293657064 -0.8242462980454643 -0.2983290446984787 59 89 9
-2.4572194182435703 -4.913012307773353 1.0456450942202007 58 88 22
-2.1437819105586 -0.32523499088783137 0.39938954754143763 151 161 96
-2.4073242356251052 -5.320927577948658 1.8953919959563652 75 117 64
-2.335303650775379 -5.113865681754994 1.0698967641757677 46 80 34
-2.0601101932933616 0.10717402946433448 0.7104118170299991 54 79 20
-2.326421842212095 -5.020032256111065 1.4075248228916069 48 80 25
-2.0019263707811783 -1.6701195993028681 -1.2402328695075664 27 55 16
-2.268174883479721 -5.069059557725393 1.0001888911539156 58 87 40
-2.249086149054377 -4.783797088751953 2.0119794531343036 48 80 25
-1.8768758020959948 -1.1039513326249248 -0.8061642452380257 34 53 16
-1.988617634971154 -2.7985564647557077 0.07909480828628658 80 119 23
-1.8783733547714179 0.9627889794506043 0.9680754300353644 96 114 43
-1.8878325207161628 0.5329086391753701 0.9446797859910576 213 197 179
-1.8731432140925293 0.7410357720349496 1.0538714531781108 128 80 66
-1.6894941246213029 1.632736813501599 -0.9363077511009926 116 140 77
-1.8364842354747117 -0.06086550363580379 0.823025839630719 207 188 175
-1.706140282911663 -2.3458215704924292 -1.0582088142424164 119 147 72
-1.6657507895874595 -1.4179941463452856 -0.8894301091380785 25 57 2
-1.836701588101446 -2.78466401638826 0.5631234690684457 128 159 93
-1.703940800992666 0.5742051141616659 0.7537921552435989 224 210 195
-1.710000668848279 0.6400749611618375 0.8893974993328914 211 186 174
-1.6555735519513257 -1.4543500192968262 -0.8122170511166937 84 113 63
-1.9489377529806065 -4.576187837460208 1.1349733190718185 132 159 99
-1.694381780264446 0.6153550993475732 0.8485726883642555 128 87 76
-1.6366843144376941 -1.2411632762075167 -0.7721907285935752 108 137 70
-1.9198402192089083 -5.147304644019019 1.0392000492726898 120 144 108
-1.270295301054614 2.903223681365335 -1.5914177168925432 217 215 211
-1.513379984444972 -0.9835307638617119 -0.6803067762821092 36 65 17
-1.3497654708947984 2.03535609588265 -0.9218856729158611 116 150 58
-1.3524739104147265 1.772638973572224 -0.7218791228762191 97 128 27
-1.3504203136065995 1.684336883063947 -0.695002742803944 102 135 47
-1.8609807689987734 -5.570778166316115 1.624698602154428 44 72 26
-1.5520206503492524 -0.1809205522256235 0.7978351294906512 143 97 95
-1.5018800697313786 0.9710510103006377 0.8933653274840834 213 204 184
-2.027029692774528 -6.232948860590441 3.178095848823142 177 177 177
-1.4821865946569552 0.03216400520372189 0.35857660182336243 208 198 193
-1.482242748572051 0.6872558032956397 0.8206673651747453 121 71 60
-1.4751344550917806 1.1320133289471475 1.006411374001592 208 201 176
-1.47062354946129 1.0533744931121973 0.9291378934171216 202 200 156
-1.4344749145796591 -0.021314834321782217 0.7002326772699571 217 206 195
-1.6416338244882778 -4.617561047581353 0.8801283757982459 35 72 11
-1.0533923160028822 5.524404102771451 -0.4863358939800752 224 221 216
-1.9731608472592292 -6.347576087406708 3.622097810676359 237 237 237
-1.035879114037921 4.516901086905511 -0.9185330987964034 176 173 159
-1.332640216486046 -2.4691942060588694 -0.6652073005269593 66 100 47
-1.3107148682004337 -2.7539194243881315 -0.4663710658433894 141 170 47
-0.9457497839931445 4.387583417947841 -1.0319084440171495 110 101 74
-1.0153826955645668 4.852633538542415 -0.15306415690650513 96 94 93
-1.0153826955645668 4.852633538542415 -0.15306415690650513 96 94 93
-1.1056228802217571 1.1039948248509115 -0.6793049567965046 94 127 75
-0.9801609339869111 4.553833302748268 -0.33947600938426886 109 106 97
-1.0907124906330892 1.0265746110674416 -0.6606804923841549 98 130 77
-0.9609250888009485 5.227097119222419 -0.12424198538520019 96 93 95
-0.9082255197141653 4.268007319801077 -0.9281436624188341 176 171 154
-0.9653307136506801 5.048150356860667 0.0036549120877348434 169 162 140
-0.9591975990529898 4.658982980394595 -0.1566245170876849 23 21 21
-0.9328846271048956 5.157433481764438 -0.0239288931776012 21 19 23
-0.9434537859323127 5.265588737834667 0.11107325966548129 31 31 36
-0.8586109178215335 4.3770781614725225 -0.5332656015797166 4 5 2
-0.8852539724093125 4.609308639053617 -0.19694786770599404 4 4 6
-0.8609921363050035 5.504123392778099 -0.0577179373832031 125 125 122
-0.8995695159990763 4.965830047962417 0.08821646184820808 19 17 18
-1.0443916686961061 1.141020079697661 -0.009016402560078726 73 109 20
-0.7922993944176523 4.098386048721993 -0.8627089553769989 127 118 92
-0.7922993944176523 4.098386048721993 -0.8627089553769989 127 118 92
-0.7986619604418672 4.294355086519302 -0.6335514641912943 104 95 68
-0.8357549254678605 5.524464881863358 0.12431310646799273 137 124 88
-0.8298453902055447 5.419061980654854 0.09883490125381841 20 18 14
-0.8266080532329521 4.746689292894812 0.015057609353042465 8 8 8
-1.3670628875975859 -4.84350679813617 1.200236376610203 137 165 96
-0.8223758427245873 5.00275081352911 0.14522654478717748 8 8 10
-0.7943438199562523 5.480163270109314 0.1500577139942674 35 32 25
-0.8131849871240179 4.825195077003966 0.18310373550117903 16 15 16
-0.7854585512445275 4.991161718823675 0.19105555656136142 75 75 75
-1.0853648291570532 0.5090616403469488 1.1163609943102322 238 235 224
-0.7805598647856742 4.895487114219646 0.23029756106406474 2 2 4
-1.0338324041551963 -0.3204624318420355 0.5398907845457177 71 98 12
-0.744690567045049 4.433348501669193 -0.17781528690165022 180 176 161
-0.7579583635893172 5.063780447177693 0.21718584068998775 7 7 12
-1.6999292924861016 -6.408808410150201 3.8606115995122523 205 205 205
-0.738760360731608 5.3518276799186655 0.29768399451395033 10 8 2
-0.7179392361176313 5.386621619975975 0.31749073304933745 44 42 37
-0.6274417626338968 3.3049246207918364 -0.9481985355742087 147 141 112
-0.6366570668247482 2.694202235230943 -0.9775661976481886 83 84 39
-0.611780008536103 2.8793893717515413 -1.0984806000593015 165 170 118
-0.5824218768882963 5.92294138289326 -0.20498024270564055 22 19 18
-0.5349022271546172 3.144418546926479 -1.3019029992873676 53 64 22
-0.7874329685061997 -1.7784895450441198 -0.7824462339090962 220 219 205
-0.6338158691359423 5.345695064394657 0.29475268822986644 74 72 75
-0.6338775308864975 5.344652304336439 0.29566992391954466 74 72 75
-0.4405983692845791 6.523011376927936 -0.599842583028555 225 220 208
-0.8212765208255786 -0.23996031831282658 0.18154445469509914 119 153 57
-0.405184768364432 6.526603453493216 -0.5764386039740719 88 76 54
-0.6782689242744495 -1.0804116560047932 -0.7954090387146728 73 102 26
-0.6782689242744495 -1.0804116560047932 -0.7954090387146728 73 102 26
-0.5829087041585101 4.497021451054469 0.1648163728124869 198 194 184
-0.4498061687186787 6.245857366321044 -0.265047439460535 46 43 49
-0.5447404783590448 5.674846582640345 0.2639668238350534 138 135 131
-0.5756761234418489 4.876623096774956 0.353676201768857 101 98 86
-0.5681978757866165 5.462865565023029 0.46707473840653974 156 152 125
-0.49484456241202174 5.760604697757348 0.12708047896242877 22 20 23
-0.49484456241202174 5.760604697757348 0.12708047896242877 22 20 23
-1.125808645008655 -5.217539724242416 1.4334515073351113 142 164 92
-0.5514999152216798 3.9514224442371484 0.06636764713540383 181 175 164
-0.5569068218933567 4.47462091345214 0.36407652954558517 188 183 174
-0.3850218126094458 6.278463802366568 -0.22844166166486987 30 27 18
-0.3567826155507275 6.225800935183175 -0.367673965583678 85 80 74
-0.3577014652000272 6.216394789556405 -0.20947749491460504 29 27 30
-0.3481875039701795 6.313389632007436 -0.22933818800728675 160 155 145
-1.0382808908234311 -5.180904677022303 1.4553410235570576 97 129 76
-0.5671880557568338 -0.16447353585868996 -0.27103064833498414 42 70 35
-0.43238080552166186 4.948830112731973 0.32314148419500127 26 24 27
-0.4248313610528603 5.457816167928377 0.4717202547879442 136 134 129
-0.4248313610528603 5.457816167928377 0.4717202547879442 136 134 129
-0.5093627900377805 -1.7015722035987542 -0.8614477750454477 123 140 44
-0.2767957521871848 6.330701702808438 -0.11573363513824293 43 38 27
-0.3964461134748076 5.105025830958926 0.49908545811401256 22 19 23
-0.367775283126899 5.579084922304585 0.47947034164942376 46 41 38
-0.4534828644606045 -0.621348447456167 -0.4667670816495737 94 128 23
-0.3274978677598516 5.650887852997604 0.3916297470523386 32 30 26
-0.3792078896249141 0.05892307632194252 -0.716897941431045 64 102 14
-0.9105374835976724 -5.97373723088842 1.1120884168900327 226 229 230
-0.3715418866164244 5.2372158525263535 0.62922250917196 153 148 143
-0.3611765024613158 5.014173044595536 0.6104341722733506 33 31 34
-0.8955655769581518 -5.152554450202422 1.4686347247587404 50 82 21
-0.2693086730152418 5.631156377277806 0.4123840073801717 140 136 133
-0.13099054386057193 6.532843754726075 -0.21886620355719477 184 178 159
-0.30807121391223363 5.037288187870067 0.5726316063450161 45 42 36
-0.7108614032042235 -4.614961238176004 0.7082657229096262 149 169 112
-0.26871860553118937 3.6554565070959395 0.08089832847347966 210 207 196
-0.27293147811012586 5.253657313535859 0.5118148554131127 131 128 118
-0.11986449044278256 6.39590151174464 -0.09285622508371462 53 48 49
-0.7589180970668289 -5.623528104372638 1.0627145557671758 43 51 40
-0.18650079503281183 4.559532018110643 0.1044452416632332 53 56 52
-0.2310956363157658 4.89866863719883 0.5018635464533587 65 62 57
-0.2246561404368825 4.810077795264524 0.4484711723315247 187 184 171
-0.10252234808461358 6.071700348511685 0.03459040177603312 87 85 86
-0.20010042509630463 5.441359184901767 0.5761121035434881 140 138 134
-0.22873733111991856 0.22606561303777548 -0.4862890570943157 52 95 18
-0.06079359060958488 6.382860880310315 0.018298899437758972 93 88 71
-0.1381681490682954 4.513680362523152 0.05828027850584245 205 204 201
-0.2222600697236252 -1.5584639822166504 -0.8888863244338353 154 168 87
0.0921345405781465 6.912776817298077 -0.6236631012811155 233 229 226
-0.0341389498941305 6.32120796296378 0.007134880339337508 46 37 10
-0.20325682835578326 -1.1254157862056529 -0.75890091278383 112 142 21
-0.0694209888181348 5.92430358749255 0.1855810175850162 189 183 145
-0.13818042437410696 5.526334805345616 0.5192286551000347 11 11 14
-0.17461402870677778 -1.5279544805594527 -0.9188652016827213 144 165 71
-0.1714762079236426 5.2175987823208 0.7110649341539867 74 66 39
-0.10708902117203137 5.6688887719956025 0.4560907157950853 156 151 137
-0.16366248082474255 0.2517361412608099 -0.4611008047097134 111 146 75
-0.15753011202178427 4.86532361968309 0.5880347243418922 108 105 96
-0.6883696819665075 -5.698500802278336 1.2327540371590047 210 212 211
-0.3104967529381897 -2.1011688230579333 -0.11419234513407339 158 154 118
-0.06868989966565095 5.787642868634405 0.3439984700943251 35 31 31
-0.06868989966565095 5.787642868634405 0.3439984700943251 35 31 31
-0.1342398766356981 3.2080800512817733 0.129487834429595 198 194 180
-0.08541483165844851 5.635731660212747 0.46864747125151557 10 6 2
-0.1475954878195585 5.149623226791224 0.7318006156282455 28 27 18
-0.12157345150151733 5.3177659446693335 0.6421961240801352 15 13 14
-0.14426696135738087 -1.4456194299319665 -0.764508490962888 133 154 60
-0.06620085289372826 4.748482670545972 0.2206494654289786 219 215 209
0.008465417696345259 6.21818570004897 0.14982512218572172 27 22 15
0.16590917773144667 5.847747965031817 -0.7297348003414417 35 33 25
-0.05520680003480253 5.595509342152094 0.5030875785936703 124 122 118
-0.08049177582808655 5.456727136945518 0.6664395839660562 93 89 66
-0.03253510064689699 5.635950236485912 0.45810088620931216 116 114 113
-0.04600173572572355 3.992757500451172 0.18098834416863493 139 133 115
-0.08737423756557204 5.196481058344523 0.6965777861492032 120 117 115
-0.08737423756557204 5.196481058344523 0.6965777861492032 120 117 115
0.04916146430378856 6.06105371973371 0.13368545176235958 25 23 4
-0.09604995318160292 0.026725645940106655 -0.40918338125656606 48 80 12
-0.058370174652062005 5.396220904894543 0.6703624328787742 60 56 33
-0.020862981416692464 5.661799987262761 0.5236430941648715 31 29 32
-0.6226856609364502 -4.637924020282341 1.6036445574100344 162 186 94
0.10177569585338242 6.333323622603316 -0.0011948808953184868 132 129 123
-0.0647916600851465 5.170181492446174 0.6950986248185006 15 15 8
-0.037798117095819324 0.3703954616393173 -0.43638640736033324 58 96 45
-0.03737767015508046 4.158866389824196 0.43720764037371984 162 155 124
-0.020261484426191557 4.907272413809513 0.5298508503439 61 61 55
-0.040969203387156664 4.97177318609971 0.6803643703572669 24 17 0
-0.008627954931789491 3.371755460210086 0.23961760447108016 202 196 187
-0.03650183860726112 -0.8757063458427168 -0.5040344379633035 106 138 21
0.08915867985701052 5.823381786834761 0.2832439457598154 136 134 136
0.2614058803404843 6.816105867254618 -0.40674606275748537 103 97 88
-0.007254197352560239 -0.148889957669326 -0.3803686632719804 119 150 49
0.02712963078656504 5.406165207980795 0.6170326840305962 36 33 27
0.047961866956446116 5.3770098788244445 0.5333777741501551 10 8 9
0.020974568152270695 4.864134780176325 0.5953977065487458 46 43 36
0.008573478416438966 5.137729314168918 0.7814955418010671 30 24 16
0.1769888580785321 6.249941645424655 0.10925269635397164 196 187 158
0.1769888580785321 6.249941645424655 0.10925269635397164 196 187 158
0.15400642271849677 5.87847864979314 0.2321749987489904 172 165 146
0.07386060110771862 -1.1555306696714738 -0.8138594753597216 51 81 5
0.1726935452145846 5.9341600578621545 0.16650077880979294 81 71 24
0.06707740628464165 3.2654635732059267 0.2634930381594389 138 60 44
0.34463236311874895 6.829207753052704 -0.40051707108591544 232 230 226
0.2300718035310058 6.287372894664157 0.14240570315738169 196 188 139
0.08191036882817068 4.496691987520763 0.6292299633423218 219 197 177
0.08928376098512289 5.038993220860078 0.7161836861007128 12 8 16
0.09751463949659418 5.052378982583314 0.665615073838142 12 8 16
0.08928376098512289 5.038993220860078 0.7161836861007128 12 8 16
0.3315061784374079 6.56454910584737 -0.20152925690397822 29 25 20
0.10363898954269528 5.0858756124173965 0.7375854891647319 24 23 9
-0.1851006986099131 -3.720309708113988 0.4680678410952648 139 165 103
0.12501115779059502 5.169011897358832 0.7455845892630132 175 172 154
0.29517209180357323 6.17141989428019 0.08008265557977848 21 16 15
0.14327324069442285 4.405275678005064 0.5706584727866864 220 203 43
0.15029246543094596 4.517630147496264 0.5770018586962828 158 113 55
0.3336232591911485 6.117931627776393 0.011731265391878881 127 121 113
0.348628536735465 6.361284922114529 -0.013112080867171604 40 35 36
0.3917063108444582 6.456046915535546 -0.14086141117246212 117 113 106
0.4882955880892612 6.780816727079639 -0.5372004893130021 36 32 22
0.2794539249874901 5.824168115372478 0.3438362318045617 151 147 138
0.23520801680268058 -0.64989736974353 -0.7154155388427372 58 90 7
0.188961227405956 4.979299660984344 0.7782258673957775 206 202 168
0.2728161109983397 -0.4360246009659525 -0.6836329880014247 18 46 1
0.4314814767210903 6.400090814666518 -0.037917276872504894 88 83 83
0.27668526781797687 0.3538327250652081 -0.4435202087547098 94 131 40
0.2324252673425913 5.100507243806419 0.742200048201054 16 12 20
0.2975621980864197 5.611772550702783 0.5584963526072544 174 167 138
0.248713613845109 3.281781494914043 0.36203459055198683 171 102 78
0.27910584281141343 5.359167747537091 0.696737490672528 37 35 34
0.2643471771268268 4.846526370039436 0.6870111949531094 93 90 80
0.33881644889825085 0.0837808051670357 -0.5893174675588114 54 96 20
0.2810782267974081 4.404883167260446 0.5311253764897235 217 213 206
-0.1792840503277308 -5.677825901679175 0.899022459110881 176 179 175
0.4616637883295489 6.266188288604124 0.0691731926535695 80 74 51
0.30823501966920186 5.345908340760637 0.6577798152554865 81 81 84
0.30823501966920186 5.345908340760637 0.6577798152554865 81 81 84
0.4229392528787414 5.89773233595894 0.23009341735472957 209 202 171
0.3336024914576549 5.603497034966042 0.6156243117940471 74 65 40
-0.20178825467065498 -4.808406855727377 1.2617778647471019 152 174 99
0.5872379144318722 6.635220303529985 -0.36739807720580914 87 82 78
0.31048106396080605 5.206100874427846 0.7494364329355446 64 57 36
0.3500606237733115 3.182105904643511 0.18841035502726566 186 153 131
0.010005391031487587 -4.057580164955023 0.5122191688101912 117 138 95
0.3336311697421128 4.36450487659431 0.5959098683906707 42 35 32
0.3336311697421128 4.36450487659431 0.5959098683906707 42 35 32
0.43437985859430756 5.811320568355276 0.38447623555789956 34 27 2
0.3471155535463664 3.36342883440018 0.3494584463115667 224 219 205
0.40712117419304206 3.9782672198644464 0.2538918563487958 41 35 26
0.39617085398536706 3.2171374755176414 0.18562755941016126 213 204 184
0.5505750649408241 6.237268640224648 0.030866567618271105 57 47 20
-0.028681545690665198 -4.445633629845875 0.850973749751449 54 82 38
0.38773557428210587 5.3829881486812114 0.7341930075040589 195 189 167
0.40904407594544734 5.355516022681167 0.6461619081283575 4 2 1
0.3224492894835007 -2.7753904510174148 -0.42695135529230804 55 73 16
0.4092637500676798 5.443831147923609 0.7075645919596203 201 196 159
-0.048786701234683774 -5.57645783301441 0.9460709151067777 178 183 177
0.4183481666469711 5.393579039232828 0.738525890356729 36 27 0
0.4183481666469711 5.393579039232828 0.738525890356729 36 27 0
0.5939872202756575 5.991441228069286 0.05857342322999626 25 18 13
0.4767947941300627 3.2859997115465522 0.13867634142251015 167 126 100
0.47619861945361647 3.2824278621606227 0.14534417657793605 167 126 100
0.49515045809631564 4.010678462798753 0.2508261495854715 173 167 151
0.44704094217342677 5.400613500000557 0.7510905216344449 162 155 130
0.43912701321307535 5.079306906584899 0.7547604214282265 72 72 72
0.4733104289172368 5.373957673232039 0.6590074482629359 172 163 146
0.6395114501499403 5.98250850886921 0.03910415248595413 36 32 26
0.2020745070951715 -2.711694728720691 0.5704361542504784 139 172 33
0.3415525794343909 -2.8364119111842023 -0.1086061907063649 139 172 33
0.5522335901607653 4.1227894293980984 0.15846365417933536 248 246 239
-0.27355404000601397 -5.960784334669288 2.3137125206976736 170 170 170
-0.27355404000601397 -5.960784334669288 2.3137125206976736 170 170 170
0.7345753214165286 6.156612023814894 -0.16431054065841327 132 128 116
0.7004625469416521 5.971754176262262 -0.016345565100751268 148 143 125
0.5197899097479654 5.167657917442807 0.7602423562481099 193 187 171
0.5862485786551396 5.620880389478117 0.5501035810137654 58 50 22
0.5983938431162643 5.588382039370031 0.5111974923066056 166 158 136
0.8250746918277546 6.2872962308147065 -0.3822424473895211 48 44 36
0.7707232152726206 6.200385402288007 -0.16671119332433004 48 43 38
0.7484370167503852 6.049140829534302 -0.06875149710744884 16 12 9
0.6566756477190551 -1.482736623683998 -0.944256337761074 145 170 91
0.6566756477190551 -1.482736623683998 -0.944256337761074 145 170 91
0.5705685470666844 5.338010556868793 0.6536307915445411 78 78 83
0.5707161961910449 4.979266341343702 0.6261028196640317 65 64 67
0.5624154878347655 5.218109512874573 0.7326506391892168 196 188 155
0.623968731392729 5.638259236579192 0.5472100336072283 195 186 153
0.8866917848312624 2.9457824201377414 -1.070232357975775 155 157 100
0.1946763129205385 -4.180448661107106 0.8193358683776782 99 139 6
0.17898023522349038 -5.472854782009109 0.6779804825736931 78 90 74
0.7556308921111418 0.46090037348634927 -0.8487935994769086 106 124 48
0.9101956818495733 6.480879914913733 -0.5047103291860239 238 234 230
0.6600198637309328 5.563379507278019 0.4665399689414716 24 21 19
0.6632102742284122 5.66926392869742 0.5249490525034823 62 53 28
0.7263474997689433 0.22422248060691607 -0.6073889836290747 72 114 22
0.8835293573911879 4.757627163124917 -0.5257658066032886 51 51 47
0.10523961531183368 -5.59306192441151 1.2161431135626763 225 228 229
0.6997077691352324 5.598471784182932 0.4801957319659327 103 101 97
0.7543082181695192 -1.6541643128957644 -0.9424879669033732 43 75 24
0.2965204717552886 -4.1001567837708155 0.718813252367237 151 174 76
0.7671510562375257 5.738824182011167 0.31812939065110407 24 21 10
0.7366904235909203 5.655247132584964 0.44775109468667024 124 119 113
0.672785401223432 5.151553436006142 0.6648180180694694 26 22 20
0.6840725649618751 5.335131513193313 0.6472992194615538 178 168 133
-0.5635320833810278 -6.740991389506653 4.1110461473120505 235 235 235
0.937791098826424 6.251888819782138 -0.28421209165258426 30 22 11
-0.6245885572709313 -6.568687216388994 4.408100673636547 235 235 235
0.9368568715699584 6.045963422523288 -0.22884054136151508 15 10 1
0.7368270747072304 3.959213079461611 0.33927406756111106 183 176 148
0.7205895782642553 5.340423240256376 0.6696618922144068 188 178 150
0.1597977506934942 -5.66915431324761 1.399053608111131 232 233 232
0.7790927055390606 5.49753720115801 0.5742677694900865 52 50 47
1.0765241331814763 6.340895088074165 -0.5294567057599854 235 232 226
0.8276800722856842 4.467773944920083 0.20730336411058234 231 225 214
-0.13127127128117358 -6.0840753593885335 2.663361402265808 179 179 179
0.8287996278227007 4.511019192598249 0.3097652815332543 49 45 32
0.8287996278227007 4.511019192598249 0.3097652815332543 49 45 32
0.7715899436324863 5.188318285959173 0.6733668597976502 90 80 41
0.7715899436324863 5.188318285959173 0.6733668597976502 90 80 41
0.8097148158164594 5.3529319290308175 0.5568366572352558 90 88 87
0.8093500899061987 5.35290875324336 0.5573706607693752 90 88 87
0.3234886610392911 -4.610350517500053 1.0479564477861343 67 103 51
0.8108121502283315 5.337834614030938 0.5853101466660341 84 81 81
0.36782587380625564 -4.577308893470882 0.8862038569066503 56 96 34
1.0604470468677218 2.699961392718304 -0.8848734556129035 126 144 60
0.7984961986862585 5.205276059611871 0.6238967643706009 153 142 105
0.8120789378564993 4.886811924233848 0.547447516495676 35 34 34
0.8355148433616842 4.9798877910824215 0.49876030966005264 17 12 4
-0.5485364415279026 -6.552183203490327 4.521151259132594 234 234 234
0.8960370812965697 4.445970709096829 0.23493139444028668 229 225 212
1.1475824327083128 3.2387661925262727 -0.9564795604742774 169 163 118
1.0180690463522926 -1.552091752809161 -1.1002050315821958 114 134 100
0.8820896227111648 5.122586090938512 0.5080501533715126 6 6 10
0.8820896227111648 5.122586090938512 0.5080501533715126 6 6 10
0.8733535877904388 4.978918683045003 0.5625836245427263 212 200 141
0.8733535877904388 4.978918683045003 0.5625836245427263 212 200 141
0.43780662671255755 -4.72998404943318 0.869798348909105 88 127 49
0.9044440613534286 5.1040736295333 0.4738065910320371 15 10 6
1.0052552084217632 -1.221994925102433 -0.8926565338609024 150 182 105
0.9845198979153648 -1.6039562493982897 -0.8497141121374009 132 156 70
0.8935314276263208 4.9496136216863045 0.5583379477777248 31 18 1
0.8927662435427136 4.950597205426826 0.5631940597547812 31 18 1
0.9005001699329306 5.205857705753046 0.5701433453296544 68 65 48
0.9190009415093174 5.358956775899658 0.5546596949491631 53 40 4
0.4360620150059034 -5.1459729285135305 0.9816040789036787 30 48 29
1.111752217579821 -1.1330351279641873 -1.147094414805854 52 87 20
1.0642975827614178 -0.44033637259762726 -0.8414909499502352 62 100 18
0.9454277507395601 5.2201331663134685 0.5236409800694417 179 173 144
1.2491438683517517 3.2189420102533615 -0.9472967065648084 172 168 145
1.0842851835571021 0.90077555162733 -0.5398201037388701 150 180 63
0.999678677246177 4.913232544752207 0.4082026463840714 12 8 2
1.0067340847236677 5.098569418754382 0.47085008716673105 72 56 20
1.1411599986828571 4.565896469438382 -0.09425540200436573 39 37 30
1.2018836046713652 2.1403176787786835 -0.6835607653074485 139 164 75
1.1282496331170488 4.723849753657557 0.05595558992004087 33 30 32
0.5951252100424913 -5.544231616534049 0.7088732385525105 189 192 193
0.9516924598920872 -2.5096762308566634 -0.27258687192427195 99 128 71
1.087324373590892 5.184788330013128 0.4034342575333528 63 60 42
1.1064850669953088 5.0763944693485 0.3180000429086249 44 32 1
1.2054600227940826 -1.4069481240289865 -0.9807270561084933 108 134 78
1.119826964067844 5.17123167425139 0.37668818411993393 213 210 191
0.924550343461762 -2.5601142651071767 0.14256204692293142 83 134 38
1.2395474258729386 4.851636304457082 0.12700684712151267 194 189 167
1.037290783960683 -2.4621416697943643 -0.11964412823350422 204 210 169
1.3238166656294676 0.07826159685440309 -0.8422023145431128 59 92 8
1.3068740577064588 5.467086711602192 0.01227485711591946 83 80 79
1.2938720401922181 4.962981642816171 0.0685553229653364 122 116 110
0.7818633548872737 -4.028575056292093 0.7763103974310023 116 151 50
0.9294987538962283 -3.0634397590647273 0.37993896714334 175 194 128
0.9369711509416332 -3.049186137768577 0.4608152711948953 172 185 107
1.5609518110492002 4.542702917510945 -0.8403189826135294 177 173 158
0.7981550435539804 -4.49568183998034 0.7813685433637052 38 64 11
1.1300997195780134 -1.7095306660034204 0.13259422597060996 128 138 71
1.482773688374397 -1.2347823052920417 -1.1107861467946032 128 149 90
1.279379784131968 -1.7837431630896685 -0.41487710975492004 128 138 71
0.9263858224093604 -4.758343838192744 0.5514443344788152 153 170 127
1.1690282120983946 -2.5600930018770556 -0.015423745379327286 205 212 148
1.5931957019535012 4.957737334907247 -0.4829931428372154 229 226 223
0.7593016876775045 -5.674601408639145 1.1951090853966624 185 187 188
0.23469527177344915 -6.190386516536805 3.0851609717216686 193 193 193
1.7287163278238122 2.6530393107644525 -1.223580501751769 140 166 107
1.7287163278238122 2.6530393107644525 -1.223580501751769 140 166 107
0.4496497517184455 -5.9530918717145065 2.35593188809647 238 238 238
0.47656571877657466 -5.9628508492847505 2.2648745320012127 155 155 155
0.4857075836672941 -5.98329925052702 2.2235481379837716 155 155 155
0.509110174305554 -5.9862884162691765 2.273355011281965 164 164 164
0.509110174305554 -5.9862884162691765 2.273355011281965 164 164 164
0.25992800324050036 -6.200126954826798 3.188256778513318 175 175 175
0.8240767874243187 -5.714653500864267 1.4840353318375101 178 178 178
1.721554628214987 1.8850226509952388 -0.6381194039082984 66 102 51
1.5601040020828651 -1.5322617154832945 -0.46036779532378946 77 113 61
1.2304685884381117 -3.6756308664233157 0.46063749883802907 123 142 101
1.587353321179774 -1.5710001041237271 -0.4010965255039799 72 110 59
1.2649144883650316 -3.893540938664218 0.4581689441838432 76 102 51
1.5690538548961366 -2.3031513795423892 -0.39424179651570446 71 88 28
0.711011938226738 -5.965573084471588 2.324131322657924 190 190 190
1.7659902429923209 0.9382908517123898 -0.41977578537730764 147 174 80
1.7957574231024824 1.096422648040339 -0.49352173216163703 78 116 13
1.6267356748784618 -2.50506729736362 -0.2054679434273224 221 221 198
1.8786250333105199 0.09736956943994497 -0.6831012846681668 163 182 106
1.851719069261561 0.5410252728514685 -0.47370568530161467 155 178 94
1.8685333087842397 -1.381488279502675 -0.7387901156396259 160 183 99
2.0439778529639283 2.142992838781015 -0.8890340631322053 151 173 75
1.8980264927387285 -0.01951410409612012 -0.6590129578915033 107 136 56
1.7432379159877314 -1.6472220350824165 -0.3290707190826495 157 179 101
1.4142063476915425 -4.632047185248945 0.46077126528907375 109 138 83
1.4109664550594396 -3.8085913468074204 0.6282371413226011 133 160 78
0.6958748245484718 -6.085048213287197 2.748372871204561 152 152 152
0.08247817846855765 -6.659867065366026 4.758723078311627 172 172 172
0.08247817846855765 -6.659867065366026 4.758723078311627 172 172 172
1.736980966580658 -2.061260575844274 -0.19122063810261278 182 199 144
1.4553211509343773 -4.01625458863187 0.5794360921549779 63 94 31
2.015790185956027 1.540832645561597 -0.6041692657946189 160 186 100
2.3409225755736367 2.3440283703876985 -1.5026813431713928 72 109 38
1.9634566799812498 -2.2371829120979108 -0.36125648010506467 109 138 69
2.1606828200040367 0.3580483544110651 -0.666142102752466 149 174 86
2.1944464786993443 -0.24736110753613277 -0.8325315672610847 122 151 45
1.1248187523999755 -5.885883959271028 1.970926533232869 201 201 201
1.1248187523999755 -5.885883959271028 1.970926533232869 201 201 201
2.1693537275465 0.6243498437275486 -0.5580613087573255 140 164 57
2.0822127081602217 -2.253695131809286 -0.5518417006461089 73 107 49
0.8200985715042793 -6.167854652386201 3.0238415619102414 158 158 158
0.8200985715042793 -6.167854652386201 3.0238415619102414 158 158 158
2.2139828273958684 0.274536742507498 -0.6173524123311944 150 172 69
2.4950289245584587 1.8373373039689624 -1.2147247855999366 198 222 134
1.122617558039906 -5.970047895406014 2.3000107865834774 197 197 197
2.055949069930443 -2.3788307956611443 -0.19845398304195677 142 156 111
0.825383003227567 -6.18984223337609 3.2321033400048353 166 166 166
0.825383003227567 -6.18984223337609 3.2321033400048353 166 166 166
2.284272103482673 -1.451237184408641 -0.570449922058682 113 146 20
1.5879905241504577 -5.11394246686068 1.2393367737550327 91 126 75
2.1059983501946538 -2.443532865211154 -0.05016694717328319 236 234 219
2.396215067378333 -1.0956056321402723 -0.7522625031865547 124 158 100
1.2874965593763221 -5.964721940811709 2.3866613384098945 183 183 183
2.214238857516705 -2.464081035546573 0.03852147163376503 79 114 69
2.6150297143764965 0.505284846348231 -0.7499240970790789 92 126 71
2.679792727013871 -0.5473323252819469 -0.9186818438582972 42 72 18
2.679792727013871 -0.5473323252819469 -0.9186818438582972 42 72 18
1.3266079961829125 -5.984827010301027 2.5461550761499514 167 167 167
0.7165883120280615 -6.498515226805172 4.30580126733635 171 171 171
0.7165883120280615 -6.498515226805172 4.30580126733635 171 171 171
2.183975602333628 -2.4244759521557877 0.43174968461225255 64 92 43
2.785025804546592 -0.2921463217533281 -1.0465287844984161 150 175 61
2.858933938168812 0.06083376464059195 -1.1274092487322702 60 90 35
2.293690290972452 -2.6809677296841605 0.31435563160215335 233 232 217
2.7662167383666754 -1.125516058972433 -0.7672069898282673 55 91 9
2.321895966896941 -2.775356019844194 0.38923867526164696 81 112 23
1.0850785660551066 -6.357829493497193 3.8483635707117014 168 168 168
3.2552256191767115 -0.9132679811541713 -1.1813614232241958 71 103 34
2.4952916740663627 -3.0169513035517586 0.8547149797457168 151 175 76
1.2148281400312375 -6.392469415723091 3.953518810526633 183 183 183
1.2148281400312375 -6.392469415723091 3.953518810526633 183 183 183
1.209060282276944 -6.465126240501823 4.164383560302772 172 172 172
2.5585173379020034 -3.2403746004844867 0.9517372233918899 51 89 25
2.5678408665354646 -3.5831650912363737 1.2923845494852315 137 163 99
3.726588865103091 -2.2976713250785683 -1.392572953251767 219 216 208
2.694952979241932 -3.5548924538961906 1.2313190153123017 48 79 29
2.830140086095911 -3.7883604655116208 1.3113231358340431 129 150 111
2.7778313120805467 -5.1079611040328246 1.529624840225626 148 170 93
2.994766616554348 -3.5252987866640826 1.1407585302429055 63 94 33
2.9726880260077824 -3.927508065489052 1.3669274640513394 124 143 103
3.845838077591 -2.856180323052566 -0.17641202853774246 160 176 116
2.867630966944098 -5.152645358463705 1.9222830467934189 113 147 94
2.971668234434856 -5.206824748076923 1.6955323561012359 70 97 39
3.011560647386781 -5.222507143991424 1.7134160664811555 61 89 37
3.0557507135310407 -5.221954089030605 1.700554168318646 140 161 112
1.9247686959644164 -6.575038173031068 4.604084610051952 200 200 200
2.0945198252807886 -6.533788511585775 4.515920624643235 188 188 188
3.5218386579711565 -4.426572991808928 1.629989228936036 144 169 110
2.2945615731894504 -6.497098117004928 4.47529407128649 196 194 195
2.2945615731894504 -6.497098117004928 4.47529407128649 196 194 195
2.347533588331817 -6.526952567446441 4.394957187541824 196 196 196
3.845859324196094 -4.641202774281932 1.507303092523841 66 100 35
-5.0683259902741895 -6.039191417585995 2.4999258557229473 199 199 201
-5.0683259902741895 -6.039191417585995 2.4999258557229473 199 199 201
-5.0811751510629914 -6.036845016373313 2.3886222627307694 193 193 196
-6.024003779697184 -5.0444725994379285 -1.711919932261472 191 191 194
-5.753274404143443 -5.32091734700203 -0.6196535754686714 189 189 191
-5.896819051209901 -5.1011009195404835 -1.2601554148822487 231 234 235
-6.015655491749174 -4.97248572925103 -1.7693023469846674 178 178 180
-5.688002166888853 -5.3343511377426 -0.3943438571244962 197 197 199
-5.889703368902909 -5.079930366305688 -1.3111887174487653 171 174 175
-5.889703368902909 -5.079930366305688 -1.3111887174487653 171 174 175
-4.955001549878724 -6.0685311101487125 2.680427882626788 237 237 238
-5.829336402730171 -5.128116472279299 -1.1367779150729185 187 187 189
-5.280412509014402 -5.724362746484453 1.0791920286982828 198 198 201
-5.688924464791319 -5.230307761615147 -0.7518409734014049 163 163 166
-5.5920260270405615 -5.3426344107062205 -0.3676647820838924 162 164 166
-5.121542411802616 -5.81206535319689 1.5088383394232319 186 186 188
-5.514356827603665 -5.340422664128904 -0.32036126916405094 231 234 235
-5.483927891887756 -5.367247268153002 -0.2974834703380802 189 190 192
-5.476166070133505 -5.225611212032102 -0.7574318157995225 178 178 181
-4.91507046437424 -5.834849952749284 1.6231855368543322 181 181 184
-4.91507046437424 -5.834849952749284 1.6231855368543322 181 181 184
-4.906596470575494 -5.756063601384903 1.273560669454704 177 177 180
-4.36723642549805 -6.247169338170413 3.2439686819078704 205 205 205
-5.228565845879864 -4.901316500672048 -1.8930088082928926 200 202 203
-4.682241086137398 -5.53283583126725 0.39424103781145275 199 199 202
-4.454242345272926 -5.553771071217429 0.4865741635997868 181 183 185
-3.9193897249818987 -6.267037221587934 3.1988438091013953 201 201 204
-4.221441966160983 -5.748408687816548 1.2540997228097162 195 195 197
-4.244786673535836 -5.243684428366141 0.6332381526256106 62 91 50
-3.724208645114212 -6.7349661096728655 3.8944608210126135 72 61 51
-3.823365178334894 -4.7974254307706605 0.4793031081994888 43 67 26
-3.6183181766108783 -5.823591876798876 1.5449530580774296 158 160 159
-3.67573097411336 -4.3064902254103625 0.4543532404515349 158 170 138
-3.6241471047466685 -5.928066762416102 1.2698621840138085 199 200 197
-3.560334956786733 -3.7256571638211806 0.7245038112701351 94 118 21
-3.0060255691050926 -6.866711492837295 4.199059283987958 200 195 183
-3.1461904534197846 -5.978582487791111 2.0711617396529416 201 201 204
-3.0144908188567916 -5.317016196946741 0.008050061898924639 65 96 17
-2.8816815078827935 -0.4390171794917981 -1.799845345005253 73 89 43
-2.8787836080570655 -1.5165642411924718 -1.3055517843796944 66 87 30
-2.759716378816069 -2.656397449203958 -0.633181712797907 155 170 125
-2.706847143276274 -5.143171131241459 1.0664597320496678 49 79 36
-2.6222201441804898 -4.790997236900773 1.019156021212537 131 153 82
-2.5931255516119323 -4.944063599614896 1.088711772391553 117 149 54
-2.5807330749690927 -4.737361095869196 1.0021568871475386 57 88 20
-2.5859731591296002 -1.7493271252548965 -0.8820672706715046 104 134 39
-2.539269388418055 -5.019639621824263 0.8591743660452675 157 181 111
-2.538980607412197 -5.024254198365158 0.8640701791996592 157 181 111
-2.4784447861899546 -4.005897311717434 1.1440158655084038 110 147 82
-2.42287765513116 1.3395093877262165 -1.8093471199533093 91 105 71
-2.3783312544442543 -6.4194672711116665 3.3965992004201038 174 174 174
-2.398212355813533 -4.1685453629799705 1.0939751765582748 109 146 74
-2.432537302630987 -2.2616610480647656 -0.978503722923044 83 112 67
-2.408521374496995 -4.993745836065136 0.9714239444877143 62 95 22
-2.358009741604519 -2.157787764360817 -0.911110371094075 118 146 91
-2.261549187679089 -0.7143269909126245 -0.24963834000316476 150 163 90
-2.21936630473429 1.9436423972408812 -1.611227282444247 214 217 203
-2.2051435008970337 -1.014479580384617 -0.6224209988106527 33 58 10
-2.1797168802180993 -0.8082224253521825 -0.24329059780811182 163 168 122
-2.1120446971207443 -1.9343376633850229 -0.8495012934488674 71 106 36
-2.1233727911008535 -4.442426271794066 0.97301730774003 34 68 19
-2.081330166888367 -2.813838126106595 0.2839052470070741 135 171 88
-2.0468041447677128 -2.252252068414496 -0.8659288503367365 19 42 11
-2.0177937606289995 -2.851343900435893 0.10748372376706727 142 172 100
-1.8744685501441152 0.5070734503244281 0.9723424219719345 129 94 81
-1.8355545737181382 1.9248319123828914 -0.23184082280603766 110 134 52
-1.853466149975102 2.0094433091082227 -1.097789498196419 110 134 52
-1.9849936661761114 -2.781332578923147 0.17446908677878153 59 102 0
-1.9711826659746619 -2.2325961253502826 -0.9188766544874561 24 49 12
-1.9250511348917085 -3.277656833137351 0.6636845554203651 102 144 76
-1.9150308095701782 -2.7932342381604554 0.17872905582220439 59 102 0
-1.7375047900736074 0.591458457409197 0.9151567974952568 142 88 82
-1.7296969590089586 1.664939303385973 -0.9294335436436266 77 104 27
-1.8555716780267255 -2.2926330514724853 -0.9765404009044724 51 84 22
-1.685903020865058 0.9752824855888959 1.0675863193006314 127 65 53
-1.6936749627613212 0.7487027882581072 0.9167614088724224 135 100 83
-1.7132037689371475 -0.18774939439537502 0.813927366877484 212 209 196
-1.7666588629998905 -2.8746058704220148 0.21131491700821828 129 166 100
-1.6687154211469397 -1.4228296933809326 -0.9367526041917668 25 57 0
-1.679186251299645 -2.062944484628316 -1.1252864345757554 18 40 4
-1.673445832868218 -2.8802082319939086 0.25802799480505445 129 160 110
-1.4698909355245355 2.3402433497173454 -1.1293026470086256 128 153 74
-1.4993999107940152 0.8795448720502219 0.9617092868741607 212 178 159
-1.4931935460844472 0.8563981112694954 0.8526208823517244 147 104 85
-1.4966585128049128 0.7083247614866751 0.8816416868908701 209 188 174
-1.4840916624142553 0.7766671534471066 0.8548014140623025 205 198 178
-1.484330722431146 0.6845941177819383 0.8001423196957367 125 70 60
-1.6026048802344266 -2.8680921189063966 0.3713900088841762 129 160 110
-1.4593025389786103 0.13250813662290586 0.9481975331548662 198 164 164
-1.3711949023202583 2.661212266587816 -1.4445267361673533 150 167 119
-1.43239714025658 0.6898076056955106 0.823657247766957 207 201 188
-1.4404396583755732 0.07282767959153427 0.718007724135715 210 179 178
-1.6101723219653985 -5.434582161584083 1.6198221226153298 60 92 49
-1.3913385127558322 0.14914866156841017 1.065761788534909 235 227 222
-1.5329083761976734 -4.140735906612801 0.6733023634801215 147 168 104
-1.3864871903907885 0.0939229263740926 0.9369285940416004 126 73 77
-1.5025713654463946 -4.745053110525728 0.756343113153586 134 165 97
-1.5056556453685275 -4.864798471370512 1.0388038452225936 142 166 78
-1.5208589497224512 -5.223971369869572 1.6556319141530236 59 97 36
-1.0858843361999186 5.008413393343953 -0.33108518480231697 41 36 29
-1.2081528186385797 -1.6668773154794199 -1.015052447600777 87 116 18
-1.1193914400187606 0.6580199377851161 1.0890312533787287 194 107 95
-1.2009156819796358 -2.988730300301138 -0.08682346842490428 48 82 32
-0.946595039656949 4.842520992904461 0.06554876018125788 21 19 21
-0.9114742803680848 4.352622705276221 -0.7383208586420964 148 144 124
-1.0497278809015493 0.6251235567484519 1.0676668059101675 208 203 179
-0.8517042538928501 4.464397140246655 -0.39509658942461484 7 7 8
-0.8104223485563439 5.105516426755924 0.26199684055319067 16 12 16
-0.7945865084385075 4.468194848361743 -0.34972073064695575 153 148 134
-0.7751198915505707 5.452351788991048 0.0801690781643082 111 107 103
-0.771285608050723 4.684392636180025 -0.023641245102093714 97 94 84
-0.7294673383684315 5.574488947541519 0.11047160690944025 45 43 40
-0.749503941742498 4.300327108528838 -0.33328544427817103 119 114 92
-0.7093619450258882 5.7228374074686705 -0.03819564325019664 41 33 19
-0.7486506847699553 3.2050583691321255 -0.9858311274130418 166 164 112
-0.7367518103505873 5.072924934611305 0.33030310224204923 10 10 14
-0.7265466171937526 5.302753176902085 0.2696937273703324 4 2 4
-0.9063456443689536 -1.7960801557620558 -0.5531990980662032 74 92 17
-0.7245692153019745 4.826185963243547 0.25965216180501677 10 8 7
-1.0898272654015324 -5.632970478985925 1.2259990072489533 78 91 73
-0.9020662924310036 -1.866870267242313 -0.3715713914053452 205 205 182
-1.0422613032335053 -4.937647489905317 0.953084489076407 134 153 95
-0.691611662287953 5.136004716558358 0.452173766345202 38 35 28
-0.7609033321210641 1.6443036853707023 -0.5388969886573736 212 231 164
-0.6469878155140747 5.524152805452594 0.21965883842525855 35 31 28
-0.6931133354683396 2.0946697975838013 -0.7815776042641257 88 91 28
-0.5661087918018908 6.311769625826497 -0.5321235391226999 76 69 46
-0.6943541301888847 2.0203076365203345 -0.6961666720072788 111 114 52
-0.6943541301888847 2.0203076365203345 -0.6961666720072788 111 114 52
-0.6041362376910869 5.531931612086496 0.3604418714245982 26 20 12
-0.6105942512183763 5.07523914905829 0.39527224814105355 4 2 8
-0.9394864157864588 -4.731628535836553 0.9981864596940089 70 100 56
-0.5544870252386969 5.416577945116538 0.4381448470472729 24 19 15
-0.5309266968013393 5.625406608724133 0.26676978462207535 30 30 27
-0.4776020990903598 6.2775197078882226 -0.25574440570893 43 38 29
-0.5383999647865089 5.338659653862271 0.44206014131587823 17 14 22
-0.6166715729687079 1.0825065039015058 -0.5746596044119813 183 195 106
-0.5224200250023744 2.9318854116103266 -1.1465229797408165 169 169 136
-0.499067384033514 5.721215333543675 0.23021334971143861 20 18 19
-0.4049226639447969 6.534766817520281 -0.5983922585620401 98 91 65
-0.8381571280597425 -4.944234771672774 1.0998698526210757 157 183 120
-0.49482821004561334 5.0062226454345975 0.5038385944324053 157 155 145
-0.634524300150889 -1.9532921643959955 -0.3640543241415737 230 216 199
-0.5748328087882544 -0.270282461697138 -0.3499026989031139 32 69 11
-0.36960280371278803 6.2235066395866445 -0.29357880050618024 74 72 73
-1.0162451523308813 -6.55265105908244 4.219695125053169 169 169 168
-0.427683759065847 5.349520033367358 0.46469627369475025 76 76 81
-0.42174928953165863 2.903853755759184 -0.967483697602087 190 189 170
-0.3699846159413027 6.028091991911647 -0.10316108392139466 16 14 11
-0.3144463698593133 6.750944494419729 -0.5531752479231165 231 229 225
-0.342752803909808 6.167427948500209 -0.18288138642579824 117 115 113
-0.3200933380333854 6.4473433462956 -0.28668652830166363 61 56 42
-0.5169512111742468 -1.7635639810000392 -0.7700685421351073 216 216 188
-0.35274603690308304 4.838344938496985 0.45737293174029303 180 176 166
-0.35274603690308304 4.838344938496985 0.45737293174029303 180 176 166
-0.273436673022373 6.000746903774455 -0.0030585978121510683 189 183 155
-0.27517506703326483 5.983814487151463 0.04086349664771677 189 183 155
-0.4134269636896193 -0.9104168118635344 -0.7507057009714259 30 56 17
-0.31207178275177694 5.104120171975264 0.5796465375402123 13 12 15
-0.2905676893073132 5.345382783725349 0.568077412101532 8 6 13
-0.26887998144073594 5.591756588223206 0.4259920380853805 114 109 104
-0.2808596002443958 5.433541835876812 0.5786035854253964 47 45 41
-0.2571218656423605 4.914498671945148 0.647012332517461 31 29 27
-0.1640416327991516 6.1704245627930945 -0.009935287801589178 125 124 110
-0.1640416327991516 6.1704245627930945 -0.009935287801589178 125 124 110
-0.31999216604667724 -0.2311343624506172 -0.4426745518687684 53 85 13
-0.16224806777043765 6.011296928854477 0.0640525696938707 17 14 14
-0.26771712115956636 0.5717339599892988 -0.7264706117870637 202 208 154
-0.4155885651538475 -2.7578184129716217 -0.06686928754706718 58 92 11
-0.3868845554426888 -1.8176915192845773 -0.054492770742155444 144 79 58
-0.3862200901426211 -0.4655905188517002 0.883072691083738 96 131 17
-0.13377562764408465 5.889129552509471 0.1461608042009569 140 139 124
-0.18848982611298568 5.125880510158175 0.6422790827069732 80 76 63
-0.27088049195396174 -1.5712175978990113 -0.7688545930436292 161 172 90
-0.14764279753098558 5.596383895123377 0.524694940819749 23 19 11
-0.17219222118139246 5.2169129157900755 0.714005095090723 99 90 59
-0.1402891777391218 5.67639959401571 0.4898796911959907 109 103 85
-0.1436292931878132 5.682287343593114 0.5445017002850231 186 181 164
-0.14281711794742455 5.686601044945676 0.5280725625704238 186 181 164
-0.13844574971930926 5.636645443487571 0.5101145018849956 141 135 116
-0.503025266212323 -5.007030242024819 1.5122438071034516 70 106 62
0.020101856430411253 6.8290123844381725 -0.49192932646278814 125 119 104
0.020101856430411253 6.8290123844381725 -0.49192932646278814 125 119 104
-0.13271448335777628 3.259454037331717 0.21396459756821662 119 92 70
-0.125814114570425 3.280981068370948 0.09077310787445982 119 92 70
0.039781101737887556 6.7811679751137195 -0.48839424491728595 54 48 33
-0.24862009107713043 -1.9187145886529897 -0.06387157940939175 201 169 145
-0.004358979451073664 6.319444256733576 0.06400600089077835 56 53 32
-0.08368206968287635 5.350679973872663 0.6918178786088661 177 165 136
-0.47186383449779934 -5.779941518776862 1.5938266621732258 180 183 184
-0.24165833637476783 -2.457545069649718 0.05898024167329198 32 52 16
-0.18719444309726488 -2.572819838720556 -0.622139309754773 32 52 16
0.08207988421232705 6.804986788455091 -0.4930885244982924 74 68 54
-0.053432213403164716 5.0905184986339815 0.8036873205303678 15 12 14
-0.18887808691090333 -1.9256568955800024 -0.011938516335551376 142 50 37
0.011286241937688556 5.800062738104177 0.31901233275241864 46 42 38
-0.08323617310403122 0.15875891283673713 -0.32815423890888573 46 84 32
-0.3438065842477722 -5.587849922698222 1.0142429171711118 60 86 54
0.0730841954124518 5.998361038242254 0.12133209572953046 9 6 6
-0.0334842226453529 -1.362806228381213 -0.8384191356276889 70 98 5
0.02485127809058722 5.089827596413474 0.775912143657596 92 89 88
0.07332967731110408 5.574848340469649 0.5624727833113111 24 21 13
0.12177592096651599 5.841439796514521 0.2861508568259279 34 31 22
0.0017033813270721254 -1.5490887562596318 -0.6878567426494804 145 175 78
0.21905452665909475 6.773171198280117 -0.43001033907497116 49 44 36
0.07466856382806333 4.869480482530852 0.6153227340086654 93 90 86
0.06621166564880983 5.0865180523962525 0.7523594266041351 96 90 76
-0.6138440171522285 -6.580732450734283 4.618818463604241 163 163 161
0.22350944390035762 6.654555657830166 -0.3121671763398305 44 40 34
0.07547076867954264 3.466942620263069 0.3257846393953918 119 105 66
-0.6065570218453875 -6.66127840431249 4.568232659819225 233 233 232
0.10991141020794078 3.379982955979615 0.2004076461794009 210 202 188
-0.32844506267041207 -5.905694453388761 2.066083258777689 175 175 177
0.21046368592273837 6.109010943048558 0.10747786737691951 27 27 30
0.14018192729224446 5.1369991211498185 0.7426355935849842 31 28 21
0.11843858323436506 -1.621595368680342 -0.9653155122103106 98 130 43
0.31725531350105574 6.779053249453063 -0.4221062490274139 53 47 37
0.16051502150731448 3.22702610582848 0.21698413595381488 173 100 88
0.2011399240048397 5.631135025823499 0.5449672429671895 137 135 126
0.19675596285634997 5.000117934429844 0.7070162514969748 201 197 164
0.18557092171297782 3.6437627654055427 0.4405340551700992 237 234 220
0.20404651928647388 2.978605491594841 0.11082295432100277 204 200 186
0.3207865654512298 6.317189629930935 -0.0031444124502181545 115 111 96
0.21622166012335697 4.952727248458421 0.7457814850542854 16 12 0
0.2151045365977752 4.371962311129373 0.5622552663159935 146 94 62
-0.2574930847789405 -5.981063859172455 2.35220399184827 175 176 176
0.37917243244115384 6.6155136296411605 -0.2337288984052751 55 49 42
0.3124207493701872 5.937665253551123 0.22622481093897032 29 25 20
0.22387007948536325 3.72146418507502 0.4891500393460409 228 221 204
0.3653764110553407 6.267300873250552 0.013319891967456839 121 117 113
-0.019649035841225286 -4.49622438533418 0.9117529403175478 97 130 47
0.011534785878339013 -4.438363008964664 0.8627921414696478 110 142 92
0.3034515384515215 3.1979815776222664 0.22817187923763732 230 177 156
0.4289030408726498 6.365002200780586 -0.001841202045808559 36 30 38
0.32680820821415574 0.4062013765923908 -0.5276113776332034 104 140 30
0.33701800405676513 5.2581161519545985 0.682131481605149 186 180 169
0.03122406651337982 -5.505103163656154 0.8263985176397558 86 103 81
0.370072366271093 5.063273129768161 0.7280291698386839 32 28 31
0.38255542932963993 5.484764961550078 0.779619816898047 25 23 17
0.5082822721451313 6.390332633141436 -0.08222453989948343 62 58 49
0.5219138943050193 6.450160049789628 -0.1515382980336806 130 129 122
0.3998276665270346 -0.9205031400877677 -0.8690571149721386 48 80 37
0.3998276665270346 -0.9205031400877677 -0.8690571149721386 48 80 37
0.5096070283692655 5.998911768852794 0.09263648208218271 58 53 46
0.41865780287341653 0.28950790467781545 -0.4057427006490963 163 194 125
0.41865780287341653 0.28950790467781545 -0.4057427006490963 163 194 125
-0.3549168406857685 -6.645044067991081 4.636992843611735 166 166 166
0.4543442301770541 0.03270071429245098 -0.6409323315067691 115 146 32
0.5811609966558234 6.359923838239505 -0.11137715040379693 32 27 16
0.2455462820169912 -3.6183209929383544 0.45176660912304617 84 112 54
0.6240706569228386 6.451604916177453 -0.20539226975863695 99 98 89
0.5397530387144535 5.542276804297606 0.5460019728811809 18 14 22
0.6102253403189725 5.867698858839026 0.12940702282963332 128 124 117
0.6102253403189725 5.867698858839026 0.12940702282963332 128 124 117
0.12207270914472663 -5.75458612456579 1.5559399316427662 188 190 189
0.7165579765874517 6.697628450072249 -0.5436008126575276 231 229 225
0.1473828097689957 -5.731823365687296 1.3653692327476863 175 177 176
0.1473828097689957 -5.731823365687296 1.3653692327476863 175 177 176
0.5315890669140806 5.258147010561088 0.699455271282135 172 167 150
0.6872428687773404 6.498907980121831 -0.18693279862404488 62 56 43
0.58589043797577 4.855067961137245 0.4609844040263653 61 58 55
0.5781077716919212 5.312671295444723 0.6327204460516388 51 46 45
0.6923288560394629 6.204016629609898 -0.07411049547997538 20 18 23
0.5786856066406478 5.16173749157396 0.7344277037641039 57 46 21
0.6281776042319442 -1.0525048961179972 -0.8243963604911644 112 150 23
0.2024544328912163 -5.754728935299797 1.5401271156556373 175 177 176
0.7730507722661983 6.510543014387375 -0.30220802558079546 92 88 78
0.3392258303234123 -5.477113609168941 0.5818678750653177 143 148 146
0.6091855599244379 5.222718741254931 0.7327945565784814 216 209 183
0.6932210565576096 5.805771010286595 0.2244819880113472 193 186 160
0.613595602649308 5.137005706240403 0.7152527869018267 172 162 133
0.45292463452735493 -3.1405441092459507 0.20654690088802824 134 154 105
0.3279335232126281 -4.501167023467062 0.9605902684020408 116 156 83
0.766588209312476 6.282364741756007 -0.11642151481040106 180 173 150
0.7750370559824772 5.994979336658356 -0.08468996268207271 34 28 22
0.7990245624936131 6.160421877581627 -0.1530689677343449 190 184 166
0.8319845938492062 6.419668357374197 -0.28398647969343666 30 24 17
0.5522934784312926 -2.7117469297007144 -0.008688181737769184 75 103 61
0.431712468048592 -3.9469658345180623 0.6958509336155807 148 182 70
0.8147515790710914 6.039420072145414 -0.07238152632220458 24 17 14
0.40616103743011794 -4.9850838254423815 0.8347558775108702 12 36 0
0.7169222587563914 5.315380265603504 0.6247527174807483 55 47 32
0.7206459816461253 5.052067715232123 0.5722308106378015 157 149 123
0.40065506971775805 -5.630085428980068 0.8244277931534283 220 224 225
0.4364215857577268 -5.479571651939529 0.6481357358996988 150 155 154
0.7910048203991018 5.536997999074494 0.4478059290050295 47 42 42
0.4713411502846299 -4.849642370392896 0.8538279284262646 53 83 21
0.9882710792781055 3.131162030678642 -1.2025935630317286 64 72 29
0.8262593074239519 5.6448266226146995 0.49369300471300437 199 194 174
0.9375246541810976 6.04121369414832 -0.21053466355390857 26 20 9
0.9702719032408258 2.7375263827947807 -1.0360335738518531 44 57 15
1.0064773093694357 6.256960583117909 -0.48008806043073937 43 36 33
1.011903913812475 2.9154675776704777 -1.0882183479712215 101 105 49
0.7495291643021854 -2.582532553679543 -0.22906705476860337 78 107 31
0.8804167219607202 -1.4450123662886067 -0.9303655090877464 107 143 87
0.8185083771764706 4.459343698145415 0.6187523186137008 194 188 176
0.8531613686948955 5.290981451228945 0.5725375952057526 120 108 84
0.9057747827185166 3.839754648206383 -0.051975016214361514 223 217 203
0.881742365110654 5.566314606611388 0.46447723019486514 77 70 46
0.8826270450041631 5.597592793638731 0.46917300800485606 189 182 159
1.029798007909338 2.93126972366619 -1.050566027060174 123 130 73
0.9957803065865767 6.020052275410453 -0.23969824201790552 50 41 27
1.0658819697443225 6.23851848679132 -0.567184905531541 234 231 226
1.0562040397390433 2.8192809478971825 -1.0417143202847274 119 132 62
0.9492628886958495 0.5885394381173367 -0.6007635126778493 170 185 82
0.6806557713448033 -3.997033303587443 0.6217414631889743 62 99 37
0.20598222807014852 -6.269405000061757 3.492517677405035 198 198 198
0.20598222807014852 -6.269405000061757 3.492517677405035 198 198 198
0.9677452635409551 5.083267967214275 0.4941484463759043 152 135 91
0.4627907006705063 -5.87980518013716 2.010916398273947 177 177 177
0.4627907006705063 -5.87980518013716 2.010916398273947 177 177 177
1.2012740423664166 3.1546869375307867 -1.3149562369355579 205 202 194
0.9808544168616014 5.17660587366726 0.5134612519768963 100 84 20
0.42215771324272416 -5.970230906364247 2.374316337600481 190 190 190
0.4240406294518601 -5.978562658966222 2.356604091003128 190 190 190
0.9956151646745957 4.90546571218996 0.443685519287924 6 5 0
0.7219455601310424 -4.284593732567058 0.7447103960137342 117 152 49
1.0559637962551267 -0.15998239858162852 -0.7431372294247668 78 123 26
1.0222450088909774 5.0836696691859515 0.42126297539783747 148 133 112
1.1052670864591474 -0.668497063869783 -1.0337504594581384 116 149 27
1.1210313120583661 -0.680981900143395 -1.16133816219004 116 149 27
1.1436072511857105 2.2286744078519503 -0.7192920079795666 114 138 40
1.2176729527295287 3.4064938264309967 -0.9900924150490844 218 215 198
1.0847256132020788 -0.309169946542499 -0.7119574250145714 60 100 25
1.0595152967595856 5.297313783566122 0.40550501955038315 39 33 24
1.1053466925055946 -1.1462784241116226 -0.9376307154792956 125 161 85
1.1053466925055946 -1.1462784241116226 -0.9376307154792956 125 161 85
0.9865753182418321 -2.408779604673328 -0.2988705376242305 105 126 54
1.1814181459811548 4.591810089072588 -0.10804686670050674 25 23 22
1.134049949964417 5.3846059582591765 0.3754517140763796 178 168 147
0.8731801087570605 -3.3824054962746173 0.6489860839263437 140 174 86
1.2514520005150325 4.413395506153486 -0.38366368506636994 72 70 66
1.1908646519430597 -1.357771125134251 -0.909675596189289 114 129 106
1.1669619243873603 5.1230779786540825 0.34832682660942627 83 64 4
1.1838166021952614 5.010750922053202 0.22158434404292085 22 20 21
0.8152171497506009 -4.963563168483767 1.1817060795459677 71 106 12
1.2999331910256027 4.538396406565823 -0.18260165822573973 64 56 39
1.3135418806565349 4.587357754672024 -0.2309272170622433 115 108 96
1.2994117277015624 5.475146084615014 0.0025497603598246656 100 97 93
0.9643308215685246 -4.776506981310432 0.5448540395055753 146 159 112
1.0243380388028849 -3.4969466579264488 0.4957831481648198 42 62 25
1.3090276447912614 4.841972887389776 0.03765953250799128 51 46 40
1.1516660975618838 -2.4834152897470525 -0.07382250828827541 163 183 60
1.1506955583447238 -2.4784595095917643 -0.05731940399601706 163 183 60
1.174707932478903 -2.3006087181117256 -0.1116241191129466 151 162 79
1.348754361896049 4.870326488056312 -0.05171006255807656 42 32 10
1.3851855166596794 1.5714464620536408 -0.6957341527107749 46 76 31
1.3884057028736962 4.843600536525884 -0.12000375284640508 116 108 92
1.4056124284095985 4.910436277463988 -0.08166132652906512 176 165 129
1.4330936774334022 4.994682060043932 -0.1967025163357603 41 39 31
0.8757763117615436 -5.793173396665769 1.5914461506756477 199 199 199
1.4322155718437348 5.159237373508898 -0.052591952309302026 64 55 41
1.4997953885460131 5.105404016727282 -0.30932030434365654 111 105 100
1.5496842924731387 4.795379889617991 -0.5753069850614904 27 23 17
1.4008480286564742 -1.4252371688442236 -0.5052571168278959 137 169 78
0.5323507758994596 -6.375530759837902 3.785966675855239 190 190 190
1.6484893433771737 2.608387336946083 -1.1346001124752996 88 124 73
1.567859861789532 -0.8537583350761768 -1.099179503651113 90 125 53
1.4176314093155926 -2.1332706495287455 -0.40300789789769487 192 190 164
1.7460304205422585 2.8483071919547407 -1.526784521451807 141 154 100
1.6729366587093726 2.346366510602613 -0.9201016797557371 74 104 56
1.6125872192035031 -0.8764839159434391 -0.9777020447461139 77 109 59
0.9170119489863144 -5.938430171542539 2.1938999144457147 200 201 200
1.6684589731077428 -0.979467803137765 -1.1367663202336695 35 58 26
1.1880506469384922 -5.053570932676461 1.077688707479821 76 112 61
1.7672998549728993 2.577361439095914 -1.0282550689106862 90 122 40
1.549868892085204 -2.430487866260222 -0.5030147241250396 71 83 34
1.6134894914420168 0.3768631907317791 -0.4643166735191936 120 148 50
1.2133051875804854 -4.773192450368472 1.0920202899192837 141 163 90
1.5462902557006004 -1.8119203661255725 -0.27733723019402623 110 148 68
0.6250800517569332 -6.466356785922374 4.0372197887317185 200 201 201
1.7159430750054612 -0.19916431571996146 -0.8367203472567251 102 140 20
1.693311261216184 0.8226224349960859 -0.4996872944845129 71 102 10
1.693311261216184 0.8226224349960859 -0.4996872944845129 71 102 10
0.8662996273765229 -6.172693109934284 3.0632891841965013 232 232 232
1.713838212680422 0.5378619621734604 -0.4993497142408917 75 98 11
1.7410883215373545 0.2625247093580853 -0.5225437364489609 80 114 8
1.7410883215373545 0.2625247093580853 -0.5225437364489609 80 114 8
1.6426521109870862 -1.7065465029514122 -0.25249510063407815 50 91 45
1.678244160345751 -2.403086210041492 -0.43892447745907875 67 74 30
1.8454539918376165 -0.554361890710794 -0.9089416801886875 21 46 10
0.8988610411781164 -6.2416913866691495 3.267926022276896 171 171 171
0.8988610411781164 -6.2416913866691495 3.267926022276896 171 171 171
1.723902160192447 -2.119278794184549 -0.2976740346981921 136 145 69
1.856445253210876 0.008256126037673409 -0.6266928756697147 73 103 3
1.898051818258951 0.24069981188835812 -0.7721141153027898 159 188 108
1.885835043771279 0.3073006913614662 -0.6969506448886819 127 157 76
1.9213522068174296 1.5114432745473374 -0.6727293919649585 96 126 82
1.795916406781044 -1.9226057325206898 -0.33995313631671953 51 91 28
1.783354588587405 -1.9417541729086192 -0.23530463574197819 59 95 42
1.5817509818843163 -3.4868741781313317 0.5890609352703713 158 175 95
1.807097274151933 -2.1881830799663766 -0.3512163959422504 187 189 149
1.576085290027386 -3.4627699822160287 0.6737006065831042 153 171 86
1.5808780040590833 -4.140059869423387 0.6776108705111383 129 153 101
1.9677365962529745 0.8653496158453682 -0.5109498855010299 49 73 40
1.6562638154569351 -4.658802206858942 0.7072040673054983 102 134 84
1.3259420837774496 -5.986247066867471 2.3883787144995714 189 189 189
1.056206378620493 -6.3423983414944205 3.74157844536146 171 172 171
2.3794426366831303 2.132092013774185 -1.3061501371691648 80 116 39
2.217500016686981 0.9179621500115156 -0.6394225093142543 174 191 121
1.0925841237125895 -6.3792390042127325 3.811921134067194 174 174 174
1.4107021777396453 -6.024016222343317 2.489766742082587 186 186 186
2.4149279258096525 -1.1396943127489445 -1.4054061164123 108 144 83
2.383441634476576 1.5883307851112314 -1.0040988134582995 133 166 102
1.4554813917757994 -5.989471330894428 2.420876333551119 190 190 190
2.345031159666265 -1.037245059744553 -0.8971027796928435 46 81 26
2.401091896790643 0.10514928912147513 -0.9498646421437653 50 79 13
2.445398512509549 0.8071479569727524 -0.9208998423215266 164 186 87
2.5152417496714987 0.46180171204802284 -0.9503261110392821 138 162 66
1.2259552601149075 -6.425604086549414 3.9014948727221825 193 193 193
1.1865515397118642 -6.4544631843006055 4.072313817124626 183 183 183
1.1865515397118642 -6.4544631843006055 4.072313817124626 183 183 183
2.302317913121767 -2.298207325993128 -0.05804726806332743 85 128 60
2.146368099684857 -3.109647383669341 0.6171715897974684 38 62 12
1.9880458265564225 -4.946365406866648 1.1257381060021636 125 146 92
2.331055767480788 -2.1091760217579902 -0.027971866246241924 213 235 151
2.208717763909694 -2.616491121645885 0.4462896469355614 227 226 209
1.9061968642470872 -5.111072483051656 1.5223329278744395 34 69 23
2.17187526671152 -2.855341317117752 0.6420317925457075 230 229 218
2.7564751750373304 -2.118308478383892 -1.5803708630679956 98 130 38
2.3479810926034417 -2.5540699101543685 0.06646045720968859 52 78 16
2.3123381688880182 -2.6144670613992513 0.2538059701883507 129 137 102
2.56941663106409 -1.1101570867785482 -0.5573281881424877 48 86 19
2.683422527646084 -1.1590171920296106 -1.0006562161707828 48 86 19
2.26843404518651 -3.0031975698419506 0.6338147605133461 65 93 15
1.179235785908823 -6.606158093003199 4.751292748530879 195 195 195
2.8141533981769666 0.833081093039624 -1.0908445311299386 85 119 47
2.0337284516428227 -5.084585580129294 1.5473061278123204 144 165 105
2.6871824622359597 -1.4055830418170017 -0.6662434513220484 97 132 14
2.3374419179056667 -2.9372512201750562 0.5923888736497869 97 125 42
2.3277017791836405 -3.1062533668220187 0.642939431023118 161 181 99
2.6992628600468564 -1.3090452803857824 -0.6784340716470069 147 179 85
2.084128955013058 -5.297931493456559 1.6807983217360756 90 120 81
2.903465968655924 -0.7481032067713899 -0.9646250907053691 143 173 115
2.970189973211396 -0.5886512427700463 -0.9560742304716621 153 178 79
2.498889766625166 -2.8506193724588518 0.8513140942259035 129 162 57
3.1505007026705587 -0.4306154598138974 -1.1799854641161442 162 191 90
2.338663113539399 -5.1481803745738 1.4912767292914866 142 170 78
2.9893107000473487 -1.604618118096222 -0.6366517975580342 143 167 115
2.40243606067608 -4.198290082868799 1.3833726620840852 58 85 31
2.488616975774576 -3.4869281559576435 1.200633224090252 155 182 109
3.288880333705313 -1.525640293990474 -1.580200577939735 109 131 79
3.275803125238197 -0.7633919078777275 -1.2410777110241993 107 132 33
2.6453885227982723 -3.3506843372600796 1.0026568199513153 119 153 100
1.6929838148783654 -6.564572820322143 4.581850000840743 208 208 208
2.7394982102230294 -5.144521750089872 1.590969196768635 130 156 47
2.7394982102230294 -5.144521750089872 1.590969196768635 130 156 47
3.185203142183608 -2.905596679272588 0.49555554083055053 77 119 50
1.878568109796396 -6.617404102049579 4.616443855047838 211 211 211
2.9276559168982876 -3.921197960504116 1.4036387753428896 78 113 42
3.0983056475315323 -3.5867911666101753 1.373404861995594 124 156 95
3.3692190791958754 -2.875771129233249 0.6057544556948395 76 119 46
3.007051222860689 -5.193881588557096 1.660710659938672 145 166 109
3.0170264809358596 -5.336236475349839 1.6461740639706794 38 73 28
2.21572336149025 -6.562292408287374 4.429849065436329 199 199 199
3.27098262012832 -3.9594362166628354 1.4648302143696414 168 191 112
2.425231353152155 -6.531391504734612 4.348111607347447 194 192 193
3.7007274763958597 -5.121542914839241 1.1765644571861549 41 69 15
3.598633007023797 -4.463916211212589 1.627036561507709 131 157 101
3.699797119832088 -4.466812389026044 1.4830475353162738 77 105 62
3.757339460636921 -3.99630717068852 1.6753931220205076 51 83 39
3.958932413440213 -3.56102103050635 1.3629486930306 145 170 108
3.1787369446697786 -6.218460941722078 3.3839732971545695 171 171 171
3.0917091213298606 -6.310536959770873 3.647767426256473 194 194 194
3.1801120893610553 -6.2350653691672635 3.4214402335865732 233 233 233
4.005433832537594 -4.727919657092651 1.3251968058726904 65 100 33
4.005433832537594 -4.727919657092651 1.3251968058726904 65 100 33
3.212233217048684 -6.232686932435659 3.3927289157801783 201 201 201
3.2026118255544445 -6.250229275182545 3.434824165189765 178 176 177
3.2245544064119342 -6.247147123656531 3.400950183985383 176 176 176
3.182392067395557 -6.259206502448173 3.526914783234543 188 188 188
3.182392067395557 -6.259206502448173 3.526914783234543 188 188 188
3.1744828491246566 -6.285932435486562 3.5830973751602015 198 198 198
-6.109326194119933 -5.322526484187775 -0.43565649017715263 163 163 165
-5.128963365133523 -5.967454978792753 2.0148429984790317 199 199 201
-4.823121017135375 -6.166803953535238 2.698773297135253 203 203 205
-5.828764982342986 -5.273664117782953 -0.6001497480900593 199 199 201
-4.84609282381301 -6.105827690416248 2.442538991866455 190 190 193
-5.236131502827466 -5.7414003096570125 1.186478554972971 177 177 180
-4.875775338271026 -6.029740078541029 2.211456971673421 184 184 186
-4.898276049231331 -6.007218840889943 2.1364171567485584 191 191 193
-4.931887079669242 -5.942001960794285 1.922753109012648 172 172 174
-5.811981574081811 -5.111287808933171 -1.0924069426697915 187 189 190
-5.475902051293855 -5.384633223378547 -0.18914709926735246 227 230 231
-5.359331590575649 -5.3170524420108265 -0.3011342634381716 190 191 194
-4.935662656967801 -5.7233580311328245 1.0968478392366778 168 168 170
-4.8125065210280775 -5.48116085621306 0.23661644395869497 161 164 164
-4.8125065210280775 -5.48116085621306 0.23661644395869497 161 164 164
-4.737299959651647 -5.4575377689075415 0.19106753100063847 179 181 182
-3.919713991702537 -6.173468592811214 2.76618529979939 200 200 202
-4.288223075134434 -5.360186265878896 0.7429230321087382 198 204 198
-3.8082025736092597 -5.965388221047889 1.9746141871303216 200 200 203
-3.8082025736092597 -5.965388221047889 1.9746141871303216 200 200 203
-3.6788438210807457 -5.98318701530191 2.1690715571570833 197 198 200
-3.8412947030567755 -4.761696848771941 0.4717608859185183 124 144 102
-3.7751785165473675 -4.638362276749865 0.47283298362399256 147 162 116
-3.5305957187353494 -5.385926198378237 0.970092390002211 140 168 55
-3.2795140674590315 -5.541908642461424 1.6966511077539614 112 136 95
-2.921561079748154 -5.323730496008596 1.6420343566639266 51 77 45
-2.912840049464236 -3.88087090257458 1.28791331327188 52 91 24
-2.3393476801909983 -6.307245254829451 3.448251797558715 166 166 168
-2.354348401346383 -6.339739897655539 3.3931648664931218 166 166 168
-2.625935275390591 -4.638754834176986 1.0284592628066875 104 134 75
-2.625935275390591 -4.638754834176986 1.0284592628066875 104 134 75
-2.5940053448670573 -4.706522312423407 1.0087986610116073 55 87 19
-2.5601953838515117 -4.861726768530203 1.0380086693118162 134 157 81
-2.7024360337137616 -1.6185087174058523 -0.9478937746463574 121 143 64
-2.5092132357004546 -5.143314905354973 1.0071873210795357 41 77 19
-2.691430149273123 -2.73908546540226 -0.8678605086725631 137 153 88
-2.464531264319455 -5.042496895860202 1.0336409877566262 145 176 104
-2.43671881606746 -4.899855878213646 1.076016984627547 63 95 19
-2.5173195861178286 -2.8422679818752385 0.044850876507233 80 134 30
-2.108956419408143 -6.332711717879853 3.5889630026823696 175 175 178
-2.0993779079489934 -6.355134458552626 3.522012093654743 235 236 238
-2.4813107780883255 -2.314313418647704 -0.8545162110568906 55 82 36
-2.2807759735046833 -4.361985401269586 1.0551414201439344 120 151 75
-2.3798679386450186 -1.5414255667191143 -0.5047646353508465 116 145 75
-2.257469031821929 -5.08366951715212 1.055763235492744 114 143 101
-2.1754414514981457 -4.366262415263619 1.103857974609199 103 139 83
-2.151710185923626 -5.136463818806223 1.0117222709382971 134 161 119
-2.241391448963199 1.6861354410101923 -1.4514204750413537 118 136 66
-2.2037764088362586 1.7879056068882582 -1.4497367684177214 118 137 73
-2.193148012240396 1.893373307869381 -1.6005963641365735 123 140 79
-2.0671860156621555 -5.354010117242209 1.1142387907083187 132 166 58
-2.147262341091363 1.9319838476938114 -1.519967106696331 114 132 71
-1.8935535267547028 0.5314895709772911 0.9591747360723051 211 191 171
-1.8721367090530328 0.73352195939458 1.080233013214236 126 67 56
-1.9693628642069132 -3.35335393342553 0.3903741488826895 105 145 80
-1.8110649993989298 -0.11687100206276399 0.8056883686447479 212 202 192
-2.063913683809656 -2.2788706772085696 -1.0192346858682888 17 40 4
-1.7502510530009856 0.5907399481130393 0.8391452539124423 117 61 52
-1.5935369874234073 -6.458955252641421 3.9504566246241652 171 173 172
-1.7006510863117883 0.5733805738701525 0.901242435893929 229 206 192
-1.5814930173131567 -6.473485556056062 4.038141174358389 238 238 236
-1.6948674037006444 0.6115601022928357 0.8754382680437159 123 84 75
-1.5244382475330793 -6.4843954028531945 4.014843296955708 170 170 170
-1.887997007596925 -2.3810175871883374 -0.9946672398572759 120 154 67
-1.6308251993577934 -0.46795074590352675 0.7748936086611473 141 76 70
-1.727732253020557 1.7367328765398855 -0.9234665485477815 70 93 25
-1.5807129308945251 0.11166264915715823 0.7860323751386762 206 186 172
-1.6819716763949972 1.7822260053640533 -0.9253250388039436 115 136 82
-1.7435355437747018 -2.53466347339441 -0.3377328029075593 141 168 60
-1.5509177534702927 -0.1866236364577631 0.8187984021662653 135 92 88
-1.4577576741067333 0.8421003604674524 0.8407639689051598 196 194 150
-1.5448070344911273 -5.301925211409279 1.6063372413127555 60 98 33
-1.5587320962333888 -5.1118526165195854 1.1157936642865287 109 131 86
-1.549370611241014 -4.921906834385473 1.0623137247603422 48 81 13
-1.4956403259769604 -5.300793280139575 1.6109138795108355 125 163 84
-1.5199126628815753 -4.726904388811577 0.9366301556136911 53 94 32
-1.4552007002824228 -2.8470304973536407 0.5759846412886863 129 154 111
-1.3799214092735923 3.498777897831572 -1.1739818385927898 218 216 212
-1.287643012082682 0.6055970343627631 0.9819163269742515 165 154 123
-1.4310754547174613 -1.4767332069433425 -1.1977280849671976 18 38 3
-1.240680917411072 1.7106315820367102 -0.6655732268620279 59 93 34
-1.2509258248637734 2.844382729880851 -1.3692205234316752 216 216 211
-1.2149729003745773 2.613327558164204 -1.1564537511852664 54 78 39
-1.2678729754364035 -3.05084784904979 -0.10440346672038715 144 169 118
-1.211149707195402 -5.218643056829791 1.5144947785548184 138 166 79
-1.0895524356627804 0.5009699927552926 1.0622928706127248 236 234 224
-1.10575902290023 4.601458358128527 -1.1243134281984637 212 210 203
-1.0202562526275343 -6.56923306947766 4.201659044865561 172 172 172
-0.8554009215304198 4.901734330033929 0.13439463700815163 114 111 105
-0.8322661100269134 5.326611552696994 0.1476427402178512 123 121 122
-0.8307797401689718 5.1609722036056205 0.25220442478175836 89 86 87
-0.8085253319009088 5.100820577717312 0.2808430668196155 17 15 16
-0.945618041809327 0.5517263565660849 -0.6407141657030385 92 124 77
-0.7844500275361277 5.191217446812243 0.2077810286885613 56 54 55
-0.7790430534506062 4.974119074969465 0.26720646125664116 76 74 74
-0.9640949678323303 -4.96842212777973 1.455406313230129 60 101 45
-0.7381342974408488 5.0852729203510085 0.28752763615649296 12 10 14
-0.7236459865280614 5.301707937094453 0.294109975081519 12 10 10
-0.7759360268322025 4.249842076318532 -0.43884854083377883 107 98 72
-0.9314578048211624 -4.127227370370751 0.5593333514991985 62 85 29
-0.9408686935900331 -5.900817573948851 1.3314568113994796 226 229 230
-0.832649570221896 3.083647782216891 -1.332548697353156 217 217 212
-0.9037410540797041 -1.946070905721656 -0.3721936514508441 183 183 151
-0.6812951204848056 4.905167941899665 0.35131933553259764 12 12 17
-0.6605200579463173 5.189647819112449 0.4310625028051589 133 129 111
-0.6479136808827355 4.953128681562329 0.4078178197326032 32 32 30
-0.6390101273494794 5.378338186603606 0.33161509980290227 10 8 12
-0.8583632358022737 -4.102914124050527 0.5391776271066763 132 163 100
-0.6553963265327747 4.7482705245052905 0.18127428732697715 148 143 126
-0.5843388478756054 5.598818485994789 0.2943535393162024 156 154 144
-0.6382603442404869 3.9644171873028027 -0.2340566943757539 192 187 171
-0.8017872603484137 -5.653382609034023 1.0639856068377187 154 158 153
-0.7075056928679367 -6.620630082746803 4.548297394485379 235 235 235
-0.539154832276976 5.349726393040831 0.4166232420809384 15 13 17
-0.5413913995235511 6.211099855830748 -0.408735648234007 33 28 27
-0.5445010964444722 6.184689624250325 -0.5108416205652051 51 46 41
-0.5192087582004999 4.9434701603119295 0.5846800082190254 149 148 136
-0.6257188426517886 1.3840539809842207 -0.5427555816072117 114 119 59
-0.6307682480994787 0.13339101418194865 -0.4414433694136783 122 161 61
-0.46993987338651877 6.091907930514688 -0.15162907095040837 155 151 141
-0.712246425172525 -5.707361037268385 0.9420405683196538 144 149 144
-0.6387757885213123 -1.2366360495627515 -0.8094718145012997 22 48 12
-0.574816669111203 0.9085809873253894 -0.5045177250244718 191 200 124
-0.6798522762565963 -5.664568425219794 1.2212730985856888 118 120 116
-0.6167696747008753 -1.9807219654875645 -0.33010314209785757 145 120 107
-0.43902392884006053 4.747460367549783 0.23033886256761196 197 194 181
-0.41392432349877106 5.604755154424819 0.4415607690650404 33 26 6
-0.5830249812132694 -1.9826751958508055 -0.3194016700486782 223 210 193
-0.6076068176422362 -4.657932014818642 1.0826499316356892 37 70 23
-0.5064540257831714 0.38613653465904985 -0.5670887692375959 54 96 16
-0.5924058570371726 -4.574093663512079 0.6444307349854407 126 146 99
-0.5553497937389879 -2.202386981943062 -0.2529632929700531 64 76 36
-0.5494314554695324 -1.9782957109334862 -0.20306842090902552 218 215 195
-0.3600099669967011 4.87997577873922 0.47841624857555914 142 140 134
-0.34849876353365217 5.176701077179 0.6099859835850711 17 14 15
-0.29129386542435515 5.001800601311283 0.5438706571003705 201 200 181
-0.41641254543651207 -0.008131488395170139 -0.4628580937151749 57 94 19
-0.28234896581070856 5.187857146474089 0.7234439427398962 119 115 114
-0.29457638750316434 4.1454240492122665 0.17102605934964069 252 250 244
-0.2654029869271072 4.2319116546573925 0.07532487455319084 236 233 229
-0.3608955566694231 -0.1784085557416716 -0.47859172149943624 21 54 7
-0.3608955566694231 -0.1784085557416716 -0.47859172149943624 21 54 7
-0.3868119471190167 -1.8177469086431055 -0.03885332756311792 149 79 56
-0.19999882479427356 5.1414143556156615 0.7135519516363824 31 26 11
-0.19091992927851928 5.18803439543356 0.7220235533659438 210 203 173
-0.15556150085759002 6.597648001475901 -0.5067902823560845 85 79 66
-0.173396117482776 5.223476380278646 0.6945989492385138 106 99 67
-0.1543389842159157 6.377162918708611 -0.16446052420420237 138 133 120
-0.11934102907108834 6.797555031948487 -0.6345117050683207 230 228 224
-0.3751019100094658 -5.879033320587646 1.935372539999621 186 189 190
-0.3751019100094658 -5.879033320587646 1.935372539999621 186 189 190
-0.2323701277222733 0.22348286132588718 -0.3203623523296132 59 102 17
-0.10280810649944049 6.072216226948305 0.03500719327984542 72 70 71
-0.26659011460531457 -1.8576978447626729 -0.7937242275086838 135 117 90
-0.26659011460531457 -1.8576978447626729 -0.7937242275086838 135 117 90
-0.09172022401485265 5.410172545044873 0.7092669447961366 205 197 169
-0.07272163999299412 6.277059597602314 0.03760386460684245 118 111 87
-0.14440710318325897 2.9779135473194986 -0.7288992671530685 160 154 112
-0.14440710318325897 2.9779135473194986 -0.7288992671530685 160 154 112
-0.2721649793913206 -3.168872275096556 0.1428616294806779 85 124 74
-0.2008010032257736 -0.10626542186841756 -0.399284320649364 39 74 8
-0.08034734977084748 5.205334776790202 0.6722326741909023 87 87 84
-0.061071171280530114 5.822938046413748 0.23276678630742406 31 25 24
-0.21776829549004617 -1.7982022456832283 -0.8846678231537534 117 135 53
-0.21645183341107244 -1.8531988653042712 -0.835592559671848 208 210 175
-0.16748095004189284 0.24408053804820173 -0.4061855247410186 108 146 74
-0.06254734074408429 5.169390942399692 0.6876586362567936 11 11 10
-0.10570413788863542 3.09604238778809 -0.0568391060409488 192 186 172
-0.22931276122171715 -4.263125597524165 0.6939673165607708 111 131 97
-0.18518537874055616 -3.33374210089477 0.4475838494725198 200 217 171
0.003680875105494001 5.580550643005966 0.5749371380930363 22 17 13
0.010363827496423676 5.779163743701009 0.3747780392053244 60 57 56
-0.2107136590346534 -4.916236586861064 1.0044340869194042 128 159 52
0.04206854077572603 6.761362725764951 -0.4367377147370402 55 49 38
0.009460146042568472 5.169040079047083 0.7506080017012606 39 32 10
-0.026229700289293542 3.1908824658976966 0.20214101135842816 197 185 169
-0.2312232705207827 -5.985092691038252 2.4619136842364897 181 183 182
-0.20798181140622007 -5.691005887117305 0.8604389790007043 181 183 177
0.05630502250163076 6.568904207648886 -0.1720962034723398 126 120 114
0.059217792877723406 6.215282866235496 0.038139469896620815 25 22 28
0.04107167918460989 5.432694715405901 0.643520754087735 160 158 153
-0.18950424864474627 -5.648720091403971 1.1253800529137015 130 135 131
0.06674139698553055 6.2899828803069635 0.015344353230622028 25 20 15
0.06822412521761347 6.034531606427927 0.11155598017683357 92 90 82
-0.07491351013876149 -1.5034860472864504 -0.9635845110593598 48 69 5
-0.1530391835088036 -4.650550417142046 0.9370175845350603 141 163 87
0.07446811117438593 5.972282233360486 0.1797354098955701 15 12 13
0.09342472218779055 6.211858474919251 -0.007342847940374391 105 103 104
-0.20504271676883612 -6.7261657097875585 4.850109423777233 232 232 232
-0.005807169383733216 0.24551716001824278 -0.3381196649325851 66 104 36
0.08713276399658806 5.137672520151677 0.7701908619018935 24 16 4
0.02213276331246968 0.5032180413738456 -0.6553091726745386 222 224 195
0.169709829743888 6.887618402320337 -0.5381079753992686 89 80 66
0.13709829068867488 5.629396879583807 0.5971819002357368 162 160 150
0.18119925922099617 6.819600743815909 -0.4537082912849095 137 130 118
0.173225701879574 6.56360015797917 -0.136780608907983 175 172 163
0.1553044148801319 5.837807638530328 0.35963344474414183 164 158 130
0.022952894428486966 -1.7510814358624947 -0.8313681607252863 58 91 30
0.1764327508917577 6.2465943327751186 0.09559835026528778 188 179 154
0.15135470605582188 5.427474096766027 0.7597468856020202 211 203 165
-0.04354273218765059 -4.48959880224271 0.8662686712493823 106 137 83
0.07191615093288374 0.19603320231100213 -0.427693185892132 191 207 164
0.018428089274802318 -2.1960842235860127 -0.13103488341700453 126 123 86
0.2184202833520053 6.7740678511964925 -0.4365931874267605 42 38 36
0.20475684222691115 5.923720239439588 0.2165978875406909 200 191 147
0.20468615948910454 5.914256988600021 0.24027119209314962 200 191 147
0.18774927317029602 5.165801755997029 0.7658525487344493 90 89 88
-0.12260538038470693 -6.696636885910307 4.83153951574665 230 230 228
0.1705749948073719 3.9695620222592813 0.39715633084087704 225 222 207
0.08843635197620249 -1.1548262432488148 -0.8498619212596502 52 81 7
0.22169417080644 6.225889478411557 0.18429941511119466 58 44 14
0.19360461744412888 5.083925989392112 0.7022793310721788 58 58 61
0.0064903198740513795 -4.229613827235674 0.9037908582777787 192 215 158
0.19738361363354473 4.999853508407531 0.7105826416404486 207 204 178
0.2616468572361179 6.8050446095452095 -0.5125769342187577 30 25 22
0.21795452178498967 5.414847391527102 0.7141223249719828 46 41 29
0.22200980761209732 5.509043874022929 0.6330771339446557 20 20 22
0.25538474296902647 6.485093373819261 -0.07892095217859434 46 43 45
0.19923086760541803 1.418639597914617 -0.7150432391336077 222 218 203
0.19923086760541803 1.418639597914617 -0.7150432391336077 222 218 203
0.19923086760541803 1.418639597914617 -0.7150432391336077 222 218 203
0.22335849448498496 3.752475815650353 0.43472645379052677 230 224 208
0.1696824783486631 0.1711255271477991 -0.37771720867809666 87 123 21
0.06158686748123888 -4.099391820802575 0.7402598314813409 115 145 32
0.2537231434319405 4.989350721253367 0.7436358959124156 34 33 25
0.26289205940840954 5.204702276153486 0.7623504601355048 199 192 163
0.2623556442913751 4.953137159483695 0.7358497166391915 132 131 123
0.2623556442913751 4.953137159483695 0.7358497166391915 132 131 123
0.2737898837457 5.02361668662098 0.7188002447900205 17 15 19
0.2897146384726811 5.623929105793699 0.6043162248857878 94 87 55
0.29381997215382694 5.506967215766688 0.6333900834839247 17 18 24
0.34939838420488983 6.365932110226887 -0.0334500087509538 40 35 38
0.22914302366767836 -1.6376838885837668 -1.1241537897650444 98 131 37
0.24347995491648877 -0.2675293377916106 -0.5767861532682048 98 134 52
0.29550588719088944 3.2717819018193994 0.21579296282057914 162 82 57
0.33197686684564376 5.644266643166143 0.6122865344894741 209 202 168
0.3316970540490706 5.629616685184262 0.652079154441445 209 202 168
0.35661695037085706 5.9822858717181 0.07059698388526053 11 6 3
0.3796058303916682 6.6067540965578475 -0.21772048423164297 33 28 16
0.251030214628369 -1.0326203044531823 -0.7768409432705742 38 74 13
0.3088404321411562 3.153491496185733 0.27214232390939797 168 120 93
0.21477322049308922 -2.8256503783742226 -0.4081712178683452 60 80 36
0.17815985980853946 -4.171026543645698 0.8300210450555805 107 144 16
0.17448714394003578 -5.444599316763717 0.6941439427906222 61 74 58
0.4184886039343693 6.261275560448988 0.13212298367586925 135 131 123
0.4279880340495071 5.9091815678473 0.19531942812560665 186 179 147
0.2310706168175169 -4.233966431753599 0.7597950653166985 117 145 46
0.4185935927645923 5.2997821126358 0.6752536445832215 37 34 38
0.4354969873929745 5.1858142418288935 0.6883462253204574 91 89 90
0.4383234231501109 5.050313920136729 0.6635613943060801 77 77 79
0.2256683613808787 -5.599220260956472 1.0393351766905872 188 190 189
0.4439661992100438 5.156670853526026 0.6509442681831966 10 8 10
0.44750139671141387 5.395784116281976 0.7506126686560963 172 165 140
0.48877702035965664 6.041264248745055 0.0677025771709359 126 124 118
0.43687847655514594 4.725663146782583 0.9453866203337534 45 42 39
0.45563185255360744 4.843605571865001 0.5509829728977464 45 42 39
0.47489990853308656 5.641295238699822 0.5392277635320252 138 136 131
0.08694978780958268 -6.734739938627277 4.871035708052789 209 209 209
0.5169439536803772 6.275070668305022 0.056229931292491646 201 191 142
0.48546114833154985 5.337135647882135 0.6158389225317975 34 31 31
0.1004367922307177 -6.733677944390408 4.928175922462039 167 167 165
0.49034205103897355 5.223888319076884 0.6649451815954506 53 47 30
0.5376030014319397 6.209961528422482 0.023159076649689726 110 101 85
0.5409997369425595 6.176344008344442 -0.026953449369108234 30 27 23
0.5409997369425595 6.176344008344442 -0.026953449369108234 30 27 23
0.1180482760410936 -6.658470674473509 4.8148831580825 181 181 181
0.5567877491084311 6.2622151822076235 -0.025414077956905243 75 66 46
0.12461484400648225 -6.730414306474648 4.9008672703973355 225 225 225
0.589022567372097 6.6533302380608506 -0.40655455582091066 100 97 86
0.5566777972162703 5.907038599839552 0.10525280049179356 150 146 138
0.3362675877770184 -4.60977388167474 0.8937555124643781 75 113 61
0.529418064666529 5.254400464820904 0.7144833988295787 171 165 146
0.549026631215729 2.764672606574255 -0.8819878940547923 215 209 186
0.49007077512440783 -0.028821523899662405 -0.6301441272197262 62 98 21
0.57960665559209 6.092503274269746 -0.00634458375485437 108 104 86
0.57960665559209 6.092503274269746 -0.00634458375485437 108 104 86
0.5575955621873969 5.583587564524085 0.5890696429754406 155 148 130
0.5708631365780148 2.6591989080932694 -0.9480068000086638 229 222 198
0.5059236319308154 -1.4013547588394104 -0.9348159775685585 27 61 9
0.5334250947816533 0.30138418613507467 -0.5179566614459852 96 132 26
0.6358190980517191 6.513750777918682 -0.2134228541326204 172 167 151
0.5893698836044381 5.402759996502169 0.6621990516098846 54 51 43
0.5470802002596752 0.001144370860905316 -0.6182279924871906 54 91 10
0.6553512210001292 5.950855377058644 0.019163856318223756 154 150 138
0.6713104614065357 6.363872759548187 -0.14627870597736228 142 138 132
0.6839100381544727 6.437907935384693 -0.22450428754811472 32 28 26
0.4939308194238254 -3.0365470259407954 0.2571312018804558 73 103 33
0.6368032663239642 5.354374872219353 0.6496485626457792 156 149 118
0.6986740273824351 6.0149658545278175 -0.015097883301005725 123 119 112
0.3884187257216562 -5.874213682307837 1.9624955465684988 176 178 179
0.3809636424396509 -5.945010247516017 2.228242445844586 191 194 195
0.7212805936944662 6.352507893219872 -0.13478818626691327 118 115 103
0.5711378462610117 -2.6139662225444655 -0.24052157635068425 100 132 68
0.7234837158651746 6.255339831718419 -0.0710727656056938 21 14 2
0.6723459839913497 5.265223796701074 0.678409519574261 49 44 34
0.670947309653007 5.275426471066798 0.6389529746139406 49 44 34
0.6959351957106046 4.558958755355434 0.23470973343462412 67 67 66
0.417696402393837 -5.928351161564799 2.1590551705164938 163 166 167
0.7047484736233006 5.3642520322158465 0.664389340992608 52 39 4
0.7191159497915575 5.53948179785284 0.5695071372158766 104 102 99
0.7249653996984767 5.35954928830961 0.6052242997231624 187 178 146
0.8068256797107926 6.346731378435743 -0.5469786320717573 46 44 43
0.7761782638999644 6.009231059088526 -0.008687719216043705 53 50 49
0.7917541968680356 6.005272098006653 -0.035593080974372415 84 81 79
0.7919213976724575 6.007863462593886 -0.04497254550951363 84 81 79
0.5934187587755252 -4.788991665378485 0.8509036949662508 109 140 67
0.8436704073982857 6.139053110088847 -0.1653802697500254 160 154 143
0.4665937690694534 -6.124125114186882 2.8074462014707464 194 195 197
0.8068462446159069 4.460249856645439 0.339714081925882 224 219 215
0.8820903157848093 6.276917764559178 -0.23080595742346494 44 35 20
0.8871270375544589 6.184178402908462 -0.23002432737753944 16 12 10
0.6408850136612487 -4.532431316559207 0.8047315601420426 53 87 21
0.8470817851561012 5.631491261100696 0.4144074282685631 68 63 39
0.8324635829431244 4.984336262167913 0.5095266529082378 28 19 6
0.6799102295544424 -3.8281030467577537 0.6801031268787802 58 95 31
0.8588134583889927 5.148749926393428 0.565429543862176 54 46 29
0.5533701543463255 -5.9929049219559385 2.4267705277472156 182 182 184
0.9354931341979137 6.243868126470978 -0.2802513304788323 30 24 18
0.9494878022649029 6.439528692635158 -0.3947817021467806 231 229 225
0.8586013197996508 -1.675207372193528 -0.9125906708874978 143 163 85
0.891103593053964 0.5966080056969294 -0.7703514055199647 126 140 54
0.891103593053964 0.5966080056969294 -0.7703514055199647 126 140 54
0.8991071203425784 5.421679797255745 0.5519089432816731 216 205 142
0.9030661637339887 4.845306087888738 0.36339699508970436 77 72 60
0.9758959784177039 6.248508604168644 -0.29337849701566643 124 118 107
0.9279347680669404 5.647315717262459 0.35039328187431057 19 14 10
0.8984853793411769 -1.561003371309118 -0.9656878926823007 30 55 21
0.9345724687136956 5.603783067840692 0.3803081256323995 117 113 106
0.7915832577879905 -2.9854659557843544 0.4134651001281431 91 128 58
0.9255423925409083 5.133054550527292 0.5906660102728922 31 23 10
0.9919179393743641 3.389109590468766 -0.7663294958484294 125 118 68
0.9919179393743641 3.389109590468766 -0.7663294958484294 125 118 68
0.9407324716266049 -1.2964427044959541 -0.877880856797194 176 211 128
0.784347491428681 -4.739766265514906 0.6162691047264912 63 87 48
0.9667735601330053 4.878584524204394 0.41486654200406403 20 14 13
0.8478534116161378 -2.811743090450103 0.3422875177198133 90 138 51
0.7525462010861363 -5.651491435576498 1.2400940517473025 191 193 195
1.0861266327087546 6.346142476420743 -0.5667737239325829 232 230 226
1.0044555288306387 5.191735509356766 0.4910639007896703 164 151 74
1.0220338728636422 5.495548176327198 0.4272109244541685 66 62 59
1.0206716539811236 5.207197953111166 0.5071171095947125 183 171 110
1.0714411910506902 2.1718695563111785 -0.7697088097065972 105 110 54
0.9575302973051927 -2.4763758743576028 -0.19907517584668408 88 112 64
1.0461953572432185 4.892213141162601 0.4006974370463172 25 18 2
0.6952569927960097 -6.086200788220691 2.744217493769498 154 155 157
0.6016566659702833 -6.457534044504028 3.9591374372456345 189 189 189
1.1208288917490243 2.888021336334387 -0.9704300057804441 77 100 27
0.9918697039259072 -2.358788479894848 -0.2735660330577074 193 198 141
0.8128353467911571 -5.727423281099578 1.4914407561283893 233 235 236
1.0734227127595855 4.952770488813547 0.3708924098173674 83 68 29
1.0731774142467807 4.950626039006596 0.38443534367388094 83 68 29
1.0792026309093377 5.112789027235452 0.40749962868796485 46 42 35
1.0792026309093377 5.112789027235452 0.40749962868796485 46 42 35
1.0815133580441785 0.3470731243312584 -0.6117333749354329 111 149 60
0.8270591060534358 -5.710310441027282 1.4797673898568096 169 171 172
1.1119367161583378 5.622505852213105 0.14775090496215712 152 137 107
1.0900457526695388 4.964538084278611 0.34003025993934477 184 167 110
1.0874423725609104 4.859925520824741 0.3421551248689777 133 126 102
1.0925961689943833 4.896231600116548 0.33861498528157613 84 68 37
1.1085023613551057 5.371388271826828 0.22924474671945572 123 113 95
1.1066032864007211 4.382885547094745 0.09263413038481069 198 189 169
1.101242826972334 4.930852571128231 0.36263159793424304 212 196 138
1.1273342379049254 4.85830505214185 0.27545323150801243 31 24 18
1.148834922448019 1.881459535466953 -0.5775042310254224 116 138 46
1.1324507953024017 5.138621708412595 0.3555208761803779 215 203 160
1.2111185896129986 2.920750220456453 -0.9808043477369777 194 208 149
0.7771997237547613 -6.124088743438844 2.8382947642229186 154 154 156
1.1673656265009378 4.8097260585046095 0.21382852701259353 24 18 2
1.167581470246736 4.8096786001931795 0.2173371905119482 24 18 2
1.183770434652606 4.939751217931783 0.1812561440297777 120 113 96
1.175903784574261 4.8645792938682755 0.26844783734090766 200 194 160
1.201038649491009 4.686416890810219 0.004565639528128112 104 99 89
1.1879070732785213 5.07584253299031 0.24810440971397918 140 128 104
1.2031474808720397 -1.003886299014717 -0.9794885416809239 68 100 36
0.6931069983899888 -6.51269936527194 4.225500876989361 205 205 205
0.6931069983899888 -6.51269936527194 4.225500876989361 205 205 205
1.2256334000556788 5.360244945089804 0.13351925601493192 88 85 82
1.2355303191006135 4.684165165338049 0.03524036760933567 33 27 11
1.2320334958088242 4.835733094537642 0.1898838914904226 180 170 136
1.2790295102716724 5.453937588963879 -0.0224882600297908 22 17 10
0.8340409882516434 -6.181150030412376 3.0710561531884055 178 180 182
0.8447997534566349 -6.2036010151793075 3.098559235946731 235 237 236
0.8336314143267312 -6.1871597308829225 3.243261669773734 160 160 160
0.8336314143267312 -6.1871597308829225 3.243261669773734 160 160 160
1.3393872269574585 2.6718548702483558 -0.9066622697744702 56 88 28
1.2990289247870745 4.716357196087298 -0.05454867478313116 155 148 127
1.2990289247870745 4.716357196087298 -0.05454867478313116 155 148 127
1.293882086470427 4.968239043550732 0.054808570119447404 101 94 82
1.2963972669535162 5.065364963726484 0.08613558471211466 194 184 139
1.302536625583966 5.02114801861499 0.1288790581097461 38 20 0
1.309922760443905 5.292034592596224 0.1642578781395109 188 175 138
1.3857645876589808 4.330495120754799 -0.8286509530849449 210 203 183
1.28278059878776 -1.5321157067178286 -0.5809446115253656 76 126 38
1.3388763367047203 4.753834156984767 -0.11179896894322049 16 16 14
1.4062922133269065 4.515912830557207 -0.6391491862425026 63 58 49
1.3639965254165485 5.302256325883886 0.05299206247119603 15 9 9
1.3882804908315696 4.843653740303238 -0.11703878341957547 107 98 77
0.7988641280465608 -6.593720636591585 4.400838885916784 180 180 180
0.7979261410003021 -6.583149513086168 4.421179915017716 180 180 180
1.4551027871439752 4.400651767890533 -0.7837250632562053 147 134 90
1.4067167147333433 5.458150926125169 -0.05717781931576784 160 147 103
1.2048438650960887 -4.701092489931226 0.6002179015994493 122 156 100
1.484368254874847 4.588689926562206 -0.7381142407312523 52 50 46
1.4985484710400674 4.683414239254976 -0.8550661436073073 56 54 55
1.4699920663655892 0.9100759422819856 -0.6539340146350359 112 143 27
1.1237027202747738 -5.860711208756758 2.021877557477188 202 202 204
1.4865008675638975 1.1790854425519381 -0.4946326010357801 127 155 37
1.6039055676061256 5.333540098241813 -0.6630099127606748 41 36 22
1.1017512102405054 -6.076499449727298 2.6867522126140715 189 192 193
1.1504121392003297 -6.037249372014386 2.570239582991428 197 197 200
1.0773199751658398 -6.387109165994745 3.7461095952476704 168 168 168
1.0777657329159773 -6.388525799743367 3.7408612196288447 168 168 168
1.0949577918457538 -6.3948383024821975 3.78821881989143 170 170 170
1.6410954726915181 -1.9876375142122638 -0.3144420626916221 184 194 132
1.7742703892974847 2.1762978907571124 -0.7729949110073668 81 116 57
1.3257038819744884 -5.9827314373667155 2.394770793248359 195 195 197
1.1502304664387162 -6.44169783661452 3.9540216320780375 167 167 167
1.8079736052996005 -0.6849587220034047 -0.9313029568958001 34 59 11
1.7772584602628196 1.102707002548155 -0.4043555754925509 80 117 22
1.3400714647793388 -6.008470257678469 2.489276905119418 175 175 178
1.7227863844163098 -2.4000517985986387 -0.21114787454941775 205 205 178
1.823009283590447 1.4330795267995906 -0.6261870784961715 66 102 49
1.3668926456494652 -6.023916473213193 2.5058330612230577 233 233 236
1.845363761618011 0.30502120658979853 -0.6473859371587911 132 162 66
1.6849741985686013 -2.7330945171997163 0.41756891038451605 235 234 221
1.8908938284571732 -0.38425778611867883 -0.8930734217540796 28 52 23
1.856029829075886 0.5355065547941519 -0.5099006780877302 139 164 66
1.8204220758596699 -1.896356668227675 -0.40680573210197746 130 168 89
1.4032944072299303 -5.993176520345911 2.5527666801940065 184 184 187
1.857721439275917 0.4183588775260994 -0.41517282957580276 115 146 38
1.2141403871530994 -6.491644671494315 4.131236249716905 169 169 169
1.904704689738827 -1.055661486722574 -0.7988416518564659 82 126 57
1.940643840630742 0.056393329026212406 -0.6793299608802092 37 68 11
1.9689096732299671 1.4800288212188597 -0.5980390182029635 63 101 20
1.1922879452771264 -6.679082618187755 4.642291661602506 197 197 197
1.906738098638031 -2.321691990492687 -0.22290608110590104 226 227 211
1.7279843252139984 -4.897916447796231 0.991976308517012 111 139 92
1.8312669213375283 -3.557480247071226 0.47876234211993024 151 175 70
1.753157382571706 -4.95242408906319 1.0020456313961181 76 112 54
2.103024852010035 -0.6804725316713592 -0.9869230216404431 54 80 10
2.1452738227784396 0.17732737730370385 -0.6665190726868861 149 183 84
2.181625879561441 -1.1433548844917332 -0.6023722894466033 52 92 16
2.243268540178023 0.13255986580386442 -0.7947036690979461 89 117 20
2.043430904897947 -3.2633601742262024 0.6544523164514721 187 196 133
2.335033350972208 -1.2222083903039824 -0.7879771763828495 86 128 31
1.9780795681644057 -4.471682274600358 1.345066424335325 81 117 57
1.9448832917375487 -5.179109303283305 1.5526669727143938 39 78 21
2.2373979147728225 -2.481078723610014 -0.03321314617473037 77 113 63
2.362470219725915 -1.2940443984185666 -0.4070927029932113 164 188 90
2.4284988113451695 0.15681063947893933 -0.7274088030175571 62 93 42
2.2745951427009214 -2.573546630667139 0.10777818515847334 239 238 223
2.0725215328457542 -5.02524040036936 1.385856324368497 77 114 54
2.310986539569866 -2.708725833033429 0.2646967914344195 228 229 212
2.5470250449184197 0.37816976393472557 -0.8883179820436529 79 108 52
2.096242433771343 -4.829667575924698 1.5829680851892056 133 152 96
2.0820935394194087 -4.632816909748371 1.9722472971234173 56 84 16
2.6896017581805634 0.20121112845191289 -1.0114651377309685 144 170 59
2.7051515370427333 -0.6782249462328798 -1.1308008784178218 64 96 48
1.7024176615467432 -6.6032839235027545 4.527154926477496 210 210 210
2.7078946789345286 -0.8598753103323891 -0.930535837735051 143 173 56
2.7078946789345286 -0.8598753103323891 -0.930535837735051 143 173 56
2.7122284141500916 0.585554018301058 -0.919941197877641 118 154 98
2.759825515915351 -1.9820640848259383 -0.9146132272991884 153 172 109
2.8839884081722005 -0.11282065784720754 -1.1973527102267691 197 213 180
2.4770338709552617 -3.3927306124384975 1.0698877851823065 49 85 27
2.9484730787263094 0.14444734382159014 -1.2196020755837107 80 112 47
2.6179147060558714 -2.8401459492155086 0.5339129705648118 50 84 33
3.023042071323141 0.685063504784264 -1.4236119695521465 136 157 88
2.8589721882579853 -1.594931511070577 -0.6098113339567086 144 176 90
2.7092692769600615 -2.7010363777461373 0.29528108071731685 140 165 69
2.5691057014139433 -3.5616767489435963 1.3470505199470733 127 157 82
3.0468061852895025 -0.8612994839788534 -0.8146577606022586 155 183 101
3.1436703389693577 -1.4893349791748582 -1.3211692014201586 146 162 123
3.138223918479453 -1.415402125151371 -1.283380912140377 47 74 20
2.4986951431660347 -5.39473010445521 1.9112762988037837 67 91 68
2.9874187324907893 -2.4290364815550096 -0.49698354640430525 142 167 68
2.9874187324907893 -2.4290364815550096 -0.49698354640430525 142 167 68
2.547706613941176 -5.3568930832545 1.7650428222033618 77 105 68
2.7507861044431148 -3.7916678094436107 1.177955246890037 87 116 53
2.7862094655266523 -3.433235031549665 1.0341244349255254 120 154 102
2.8122998484298605 -3.5323854763890927 1.0373308852347276 132 163 113
2.962815416968913 -3.2346195811967857 0.7625604697956947 167 189 121
2.9255517053507964 -3.9160930596827344 1.4179269832003139 84 113 59
3.136544981597749 -2.8066072488702263 0.5469313656748827 167 192 134
3.098106387275462 -3.773486461489664 1.4487051880360442 125 158 68
2.463262296223226 -6.564530021208544 4.278477975446131 191 191 191
3.424329138583253 -4.384911043167778 1.431516082676858 139 165 105
3.730247168346122 -2.771100420603902 0.38772938036967114 167 185 107
2.934290283185875 -6.386335187851034 3.794165193600611 208 208 208
4.097697278135245 -2.980302765103777 -0.12759686332446069 51 81 24
2.9471822561931917 -6.571497903768858 4.181237047506957 198 194 188
3.7207815797584356 -5.504345257366702 1.3516718938454273 83 120 76
3.192470895895449 -6.3224509955140835 3.5167097938678595 204 204 204
-6.062598556517905 -5.390159879432475 -0.21771896921250244 203 203 205
-6.099353163467844 -5.310274289329561 -0.49126097211034614 190 190 193
-5.429197248877043 -5.470122852209264 0.13136270526223856 203 203 206
-5.376067062704201 -5.502422895758514 0.26029502996795867 195 195 197
-5.5904741117963495 -5.34906155357118 -0.3611208234525997 171 173 174
-5.454428526442921 -5.431276539440404 -0.030395741982530897 169 171 172
-5.745606617125531 -5.22282511454668 -0.795976361634297 234 234 236
-5.709454914605555 -5.24114527440392 -0.795499495880963 165 165 168
-3.9331065266076783 -6.293982015721865 3.161141974351051 198 198 200
-3.9331065266076783 -6.293982015721865 3.161141974351051 198 198 200
-3.9181242155794305 -6.170970790758814 2.7706731453232076 194 194 196
-3.8426659423852283 -6.2148272346652975 2.973030418922164 197 197 200
-4.433616989654618 -5.621705188168831 0.7838679640976395 179 181 181
-4.148589534569901 -5.521901920237945 1.0913647419433106 200 202 200
-4.036153691052456 -5.4107059832729725 1.1805090986891307 52 82 33
-3.678312212667771 -5.983197720469312 2.1705294041438523 205 205 207
-4.223284440935281 -4.981564069103113 0.09564472260787792 116 132 81
-3.5224391385039837 -5.750807430780823 1.6711221303189523 193 195 190
-3.6075622867742085 -5.725551243561742 1.251822534498055 42 68 35
-2.419545604815778 -6.265189717880724 3.411361182144889 237 237 240
-2.3518196479639357 -6.341827370685185 3.549022254928227 175 175 175
-2.952737352096575 -3.437823256131739 1.0488307506143042 158 175 128
-2.1949057896987814 -6.365135058156377 3.650505555431248 176 176 176
-2.1949057896987814 -6.365135058156377 3.650505555431248 176 176 176
-2.2309735230208165 -6.347056087332764 3.4953875981674174 237 238 238
-2.11886151362451 -6.399816545356785 3.618626628481298 233 233 233
-2.507061264803379 -5.522769798584288 1.572082043416935 117 157 72
-2.8320886553826305 -2.622721867018746 0.009595875323960184 50 67 33
-3.093589711423419 -2.8078831518892726 -1.0301239853135609 50 67 33
-1.8536331931654788 -6.408800852598552 3.72547698217907 174 174 174
-2.411609472950093 -4.177035382608214 1.0382954016872055 121 156 93
-1.767805696520401 -6.419581227880031 3.8356614026232987 234 236 235
-1.7589785810184408 -6.461667695758051 3.845614322621226 172 172 172
-1.697680490841864 -6.420286429622736 3.8450398102910848 180 180 180
-1.697680490841864 -6.420286429622736 3.8450398102910848 180 180 180
-2.1957497373033688 -3.770221108187617 0.9179911234964533 145 179 99
-2.354927725078418 -1.60851994521347 -0.675220257689492 40 74 19
-2.283718459794295 -0.852981731221473 -0.4177764350605204 50 75 9
-1.8450323987649828 0.7248902056944868 0.9954685930299313 199 184 164
-1.8426455856584092 -0.1146661918379974 0.8280848009564108 134 90 86
-1.8494434058046723 -0.25100892060944496 0.5583743352226469 202 198 183
-2.0818038196543243 -1.194376479121427 -0.8993376042130385 91 117 66
-2.063090812083607 -1.3644279082521509 -0.8917177916339212 83 115 44
-1.716939836513893 -4.453714046827974 1.1336142433727059 58 91 39
-1.716939836513893 -4.453714046827974 1.1336142433727059 58 91 39
-1.641584651617196 0.9708877094809617 0.9976300999248005 201 184 167
-1.1573164416162418 -6.564342266913281 4.146603963921866 173 173 173
-1.6548117774383988 -5.0876554830522345 1.346181971221311 118 148 71
-1.0863766530861219 -6.518138131251118 4.184516749183519 237 237 237
-1.6069333970206163 -0.4900422870332065 0.7007535041826488 183 167 148
-1.5826355330350408 -0.16668065117149644 0.7715330874440252 210 195 186
-1.5239026458325071 -5.218467839239483 1.493705302320334 56 95 41
-1.5979940668831638 -4.639789052535062 0.9928645416791685 118 153 101
-1.573812875736066 -0.31391975287371754 0.7124663591958841 189 181 165
-1.5194364366585205 0.8816955372231817 0.839888470158554 212 190 171
-1.0258280317782027 -6.537113535772117 4.159590076651154 173 176 175
-1.4801774431320995 1.0878933248175453 0.9601557224807514 114 70 45
-0.9640112958446452 -6.543564457994687 4.178101249925791 237 237 239
-1.4261258975911701 0.7905233826063588 0.6967058671156622 84 96 35
-1.387855925961267 -4.99162531285031 1.38987481191996 121 148 97
-1.473356386696487 -4.878357773283256 0.8485375502606537 131 160 95
-1.6558636831765916 -1.46234330435374 -0.7753284645303166 79 107 65
-1.6558636831765916 -1.46234330435374 -0.7753284645303166 79 107 65
-1.6622398735896065 -1.5320904477876665 -0.9029663642759055 22 50 7
-1.5419073831536776 -3.381289068875216 -0.5106511896339617 159 184 68
-1.5269502408866134 -0.9045800293212333 -0.7625547590394536 43 70 19
-1.4515248112476404 -0.7688661921873203 -0.7372900770391757 52 79 18
-1.3327401561210963 -2.981466762539109 -0.11127460145934343 43 77 25
-1.3327401561210963 -2.981466762539109 -0.11127460145934343 43 77 25
-1.0934754718434976 -4.187885539579955 0.5076173727626377 138 161 90
-1.0077575663006728 -4.9014081706810755 0.9966153869980268 138 158 99
-0.9886399163877527 5.166301132130498 -0.08874522580478728 50 48 46
-0.4840516286315603 -6.690684090934475 4.565085599498486 172 172 169
-0.4840516286315603 -6.690684090934475 4.565085599498486 172 172 169
-0.9900913987538301 -4.1333442529427495 0.6634601134960136 145 166 100
-0.929715425553509 5.444859897321003 -0.05564762979546896 30 26 24
-0.8901306430202212 -4.666795376478318 0.7202440900828495 143 165 104
-0.7217390608988004 -4.996826123026886 1.5143826308147375 71 110 55
-0.8476090106538418 -1.9018973727745092 0.21785867503282008 45 68 10
-0.8549111369266148 4.476710470412603 -0.4664994816283355 7 6 4
-0.9195766391294995 -1.9906256868430328 -0.33833958534261577 45 68 10
-0.7315438603772924 4.77341632794201 0.12801366121709903 36 34 31
-0.9066534333652975 -1.8166037650736038 -0.6116889356616791 72 88 16
-0.6974766259046916 5.08949643325345 0.3338151050934492 79 77 80
-0.7169990515001167 -5.650543452805727 1.0602643367150144 149 153 148
-0.6332161317978906 5.246810418304436 0.4174845335471458 107 107 107
-0.6305271984937396 4.816492497706901 0.3330438427849066 39 37 27
-0.7533645212357569 -0.09195470302195582 -0.6269900027702938 32 60 15
-0.7533645212357569 -0.09195470302195582 -0.6269900027702938 32 60 15
-0.6687692227870747 -1.8566637703701367 -0.21124477112665516 213 211 194
-0.5181880961557093 4.486231376651612 0.2808457187460283 34 27 23
-0.5181880961557093 4.486231376651612 0.2808457187460283 34 27 23
-0.4761288932816683 3.9272993249834363 0.6309342800428936 186 183 164
-0.48283576400625045 -5.736937355712764 1.527194875807946 170 172 173
-0.48283576400625045 -5.736937355712764 1.527194875807946 170 172 173
-0.6341794933911217 -2.2084285591504234 -0.26490644862027474 63 79 29
-0.5263948100353814 4.054139954745763 0.11889628657923255 186 183 164
-0.10538387451549588 -6.696958237341493 4.879689889919655 184 184 182
-0.6958319744063534 -1.7381315035445213 -0.9072275344852279 100 128 31
-0.5111804968017584 3.992416249718773 0.056902522718096774 42 33 18
-0.6272635790391284 -2.129032062297325 -0.37217326213347707 169 173 127
-0.6668491131383999 -1.0958030005673953 -0.8596616808748522 69 98 24
-0.441198853615628 5.240940973556991 0.4849919898165586 158 154 133
-0.441198853615628 5.240940973556991 0.4849919898165586 158 154 133
-0.43538064888792305 4.911410391500806 0.48504668559876335 22 21 22
-0.6584558884352788 3.06093465282298 -1.3636395870015972 124 126 96
-0.46603075391213017 4.0155346374607594 0.15267901609205517 158 149 120
-0.40866977275632244 4.89075735415317 0.4395707246642145 32 29 25
-0.3821425160871607 5.259722670966623 0.5779576537145777 132 130 121
-0.3818525138328798 5.423396685953694 0.5493320204906333 58 49 38
-0.5807338222945596 2.8309971368570124 -1.0977050697954946 58 66 14
-0.576657727759845 2.836766304418027 -1.0855761485951758 58 66 14
-0.38739265546650553 5.640769192355295 0.34615855975710025 36 33 23
-0.329299399399767 -5.91018879794604 2.042496544260789 171 173 174
-0.30266608532160716 5.577827708863044 0.44551664065453705 57 54 47
-0.23350738077831568 4.880863190351569 0.6222329334130191 65 65 61
-0.21884750196324357 5.013603558922943 0.5247429230928284 16 13 19
-0.2678026054842581 -4.386415916452606 0.9837771199571441 137 167 67
-0.3418153834083747 -1.835633241540639 -0.14439521890393303 241 234 217
-0.18790699088519222 5.1965117802570235 0.7082443911333284 188 181 151
-0.18790699088519222 5.1965117802570235 0.7082443911333284 188 181 151
-0.1699945859343248 5.22010346512263 0.6866301768729925 129 122 90
0.10915843538540551 -6.696912909684715 4.89997031701516 171 171 171
-0.1688995679101232 5.5258875937101966 0.5687455190875712 29 27 26
-0.158722716951146 5.078074450246092 0.6202069919936376 17 17 19
-0.28653437825097566 -1.8072835915426755 -0.2915254973195803 220 218 199
-0.19262461030700206 6.22893318689984 -0.19272294008796917 112 110 106
-0.19262461030700206 6.22893318689984 -0.19272294008796917 112 110 106
-0.1519607170099193 5.990518465970218 0.11483489355067249 16 14 18
-0.2621390806369654 0.07654774233625784 -0.4328162945223242 114 148 70
-0.11653279185260153 4.778531119872476 0.5804396074469689 183 180 169
0.17355869198353582 -6.7297488521054065 4.896958344191388 231 231 231
0.173707444223531 -6.72771361013095 4.896824051042877 231 231 231
-0.2417820791689931 0.5102967219708372 -0.7568028656217428 140 163 74
-0.06310201652335777 5.399554098109962 0.6639536763724523 51 46 30
-0.058156631116721764 5.006061807333027 0.689627986471915 221 215 184
-0.12019009892817578 3.2858482548747445 0.10953494609415139 133 104 78
-0.25307864719841 -2.8205869567703217 -1.046642273746703 42 66 23
-0.12368185468245126 3.118356222966344 -0.18064765957441198 193 189 173
-0.03519747071348291 5.885721477302572 0.2634362380807833 162 157 131
-0.05850343530799481 -5.62113325708699 1.1141494329884098 204 207 206
-0.037874979512624925 6.220568018289764 0.01906351144740415 13 10 12
0.2457333386220571 -6.685594711694981 4.881704066569991 182 182 182
-0.11111885735706467 0.014656565465094046 -0.3954660287386472 29 66 4
-0.021363671916867517 3.2993401939968643 0.21751078204854304 177 151 131
-0.05271059266563661 -5.535804063451782 0.8305765782207797 64 84 57
-0.04170949425024748 -5.575789460025997 0.8982554731775092 178 182 174
-0.0092689153699362 3.381731167581958 0.26063451676889354 200 194 180
0.04910920282620344 5.1769508778000635 0.7751579989661135 178 169 126
0.038959914220321176 6.102400995319233 0.15197049113621067 172 170 138
-0.11031585736580576 -1.6969122428477372 -0.9366826477533631 106 136 37
-0.04815899605318611 0.028679981056873208 -0.41410817660607924 130 160 66
0.08006244340378511 4.867000469523877 0.730461985904246 24 23 22
0.08862442228182695 5.6543941380621074 0.5775569809830308 170 166 156
0.10249171654574889 5.21923757440519 0.6951942010651911 237 233 221
0.09307707384717968 -5.04835190712513 1.2400959103175886 60 96 49
0.11919813652360066 -5.549344183927709 1.650336496525617 229 231 230
0.0943212553426202 -5.689404384698298 1.2955194874551947 229 231 230
0.10632723216670349 6.31961602736095 0.04072980101125376 134 130 123
0.1496187200850945 5.505144682499342 0.6598916241839303 32 28 23
-0.005024619686992083 -2.670569957596504 -0.6390994192614726 78 97 60
0.17047256775697878 5.391149155152894 0.7314659280557375 49 42 10
0.17047256775697878 5.391149155152894 0.7314659280557375 49 42 10
0.1738140920599532 4.938060291423098 0.7392498120623595 138 133 117
0.17303407015358083 5.748115714129171 0.441863585934101 21 18 19
0.19625433997481861 5.35839039947216 0.7262654949261591 186 176 127
0.198588772722336 4.999370346658669 0.7168631162120184 198 194 164
0.2183760956716402 5.253859559958694 0.9165525425904563 45 33 6
0.1589798467585391 -5.713325947599037 1.2905931712648542 230 232 234
0.21556955330917427 5.443801652616771 0.7297316753244256 124 122 122
0.21813116320618925 3.7421604682269693 0.4346223415370158 228 220 205
0.0773534391414468 -1.4131121938623847 -0.941680603717917 103 135 34
0.21459475978847273 6.391006173191287 -0.01665992551040373 39 34 28
0.13516288263053122 0.10272504939771081 -0.474552865803646 76 112 5
0.20479596524295476 2.9808045654328637 0.1008668946932629 211 208 190
0.25297419239977575 5.709603017907865 0.52839097790681 24 21 11
0.25104828604399193 4.39519219288698 0.5348162274838963 231 224 220
0.18415213906404665 5.87891031894778 -0.7398752883778243 146 142 117
0.11447843259740115 -1.752701842081248 -1.0660115284247351 140 165 106
0.26825574443616923 3.497218323657278 0.35896051293213865 167 152 107
0.19566761368087662 -0.7644360637428665 -0.2243046224348549 66 96 4
0.16038638690662663 -0.8071924883224065 -0.7894656790484244 66 96 4
0.3133677775830023 5.178001873951177 0.8485674217934388 67 62 45
0.19320111475655735 0.21501261733634827 -0.4828290626614061 92 131 19
0.30048516582118645 4.2895062061495235 0.6891286296375498 220 218 212
0.30048516582118645 4.2895062061495235 0.6891286296375498 220 218 212
0.27916497345379027 6.308825827100017 0.10236122198487975 191 184 156
0.3090051100447926 5.064244964763598 0.7034451001953838 68 66 63
0.1712442557453959 -1.6389082777537753 -1.0508625843283828 88 123 25
0.4106073250548219 -6.3130939164977065 3.444388102923412 191 191 191
0.4106073250548219 -6.3130939164977065 3.444388102923412 191 191 191
0.3395571595579475 5.305386359225057 0.6767465222773702 22 22 25
0.18322415586396504 -1.767098795524788 -1.026998897104726 122 152 88
0.18461533286737425 -1.7676872854366283 -1.0143818844759125 122 152 88
0.31744504512524874 6.029284917355366 0.18215475900904002 185 180 163
0.2367038024704692 0.49211156229783104 -0.6525890117543336 217 226 189
0.33201124558528666 6.089686896302161 0.08026058048992031 159 158 147
0.36626438473491224 5.146871602983986 0.7711245309510021 58 54 40
0.3333319092296695 6.540191605964957 -0.14324390986696328 34 27 27
0.29811414857582264 -4.188064789576807 0.5994582981134069 134 164 47
0.3679745059784893 4.842372163557621 0.5860277343578134 140 138 130
0.38053655113855106 -5.949725202938459 2.2218324848580644 177 180 181
0.3149725335671586 -4.578853688650068 0.8335716608966453 56 93 24
0.349480103770104 6.363426162126198 -0.031203816458125748 34 32 35
0.3886402700746122 5.377764531900529 0.7323304506874597 176 169 141
0.3466832949490942 3.372560621745021 0.31550250420433745 221 215 202
0.39737877234577224 5.550128872042265 0.6672326352187705 92 89 85
0.38812029950952426 -5.87060702000181 1.9683424131940137 171 174 175
0.4021047253607669 5.729944683857624 0.40240843225679757 34 31 29
0.41708097767588787 5.389107456706666 0.7326456814980271 27 18 0
0.4213081898423781 -5.941107920472615 2.252411085352916 234 236 237
0.5007995067146864 -6.368038000151054 3.685686473083666 174 174 174
0.5012667170720416 -6.365235348366431 3.6900445737862655 174 174 174
0.3573313356227794 -3.4684781987538567 0.4902963058255013 82 120 50
0.46798859211340244 -6.112036758172617 2.8319962011846047 197 197 199
0.33893834458553806 -2.8414232763725344 -0.17764515171135165 134 167 36
0.44070289741257446 5.537158136595064 0.5735713680200788 105 103 101
0.4483993333004868 5.341443078214861 0.7240560036632698 118 110 92
0.44858181643774336 5.338592158550158 0.7275543591286848 118 110 92
0.41705818258466887 4.02267284762145 0.21766692404638413 168 160 148
0.3333586819680188 -1.5313484584976282 -0.6218988973532721 194 216 152
0.4108796633720215 6.635230906074316 -0.2605034393424067 133 129 121
0.4217975211041978 6.043651746340894 0.030596372053186195 44 41 38
0.41876000285604964 6.439300048512383 -0.15151395283938418 49 47 49
0.4181757726797226 3.256877575600251 0.2607242160077986 162 105 78
0.4181757726797226 3.256877575600251 0.2607242160077986 162 105 78
0.45898694761324493 -5.978417316770482 2.294585938651366 236 238 239
0.5326725238260261 -6.397533149504194 3.7597788062455915 187 187 187
0.4612951391710699 5.334794537080458 0.6573594485778452 24 19 15
0.3657947877956015 0.28040219105746883 -0.5353949124101265 86 133 61
0.4378672457128726 6.441772075323119 -0.09191398757186027 41 37 30
0.4603220735869837 5.882103755306858 0.2822054945082508 152 146 109
0.45097497983519924 6.215350488915794 0.06012140931401777 188 184 167
0.47248550075489965 5.650166420517446 0.5019827599629115 131 129 126
0.4320497397646746 -5.131376754240354 0.9426294299955441 22 39 21
0.4490883198688117 6.7052200201972125 -0.44325665182353535 46 44 38
0.4099822822003622 -2.9570494692863987 -0.042002922057410845 81 124 59
0.45428260382720625 6.76811405862581 -0.5101980439584084 62 59 50
0.40130544827101444 -1.535253423876578 -0.6674186623674367 194 216 152
0.5091165103104347 5.626894446915372 0.4964938034949374 19 15 9
0.5127457496865808 5.608523024149484 0.5463468712856775 19 15 9
0.5346842162648365 4.854004591771555 0.5511190438574403 84 82 78
0.5356681493338527 4.968510125557889 0.5627790292434572 34 32 33
0.5220220626094898 6.44832169632886 -0.14842178362892122 114 110 101
0.5553191726200468 5.166521389600279 0.7420135196405704 40 35 10
0.5552111080445419 5.343200580143463 0.7097179211611585 40 35 32
0.45715156686124975 -1.5416914843582035 -0.566197317893467 102 135 54
0.48311557147421946 -0.25860847918414037 -0.7640776862044889 29 63 16
0.6113592149753887 5.221514195564168 0.737799274070101 200 193 152
0.5874478985178453 4.109509186971448 0.3101323976623641 224 222 212
0.5983241238935437 5.980412154838088 0.06742571786223002 23 16 12
0.6002273925856558 6.284346329908701 -0.0413422165282489 139 135 131
0.5976485683279246 6.498408398357441 -0.20858931021990867 34 30 25
0.6306966906937362 5.269634776590596 0.6552035241743549 20 18 13
0.578472085000724 -4.673082574376439 0.8323397707177747 56 90 10
0.578472085000724 -4.673082574376439 0.8323397707177747 56 90 10
0.5356021616190522 -0.826420325442782 -0.8627363160771688 37 66 25
0.5357042425959692 -0.8231166186057363 -0.8714985421579509 37 66 25
0.6175380951136479 6.033967661984296 0.010413257483117186 135 129 114
0.6411780740540912 5.611671366140106 0.49957741543965833 26 19 7
0.5650533273341838 0.32412163210045525 -0.7493971107256641 95 130 16
0.7233107149416312 -6.527616690429313 4.272416198818484 184 184 184
0.6109887205397067 -4.6096695116381365 0.7640679032794506 51 84 12
0.6109887205397067 -4.6096695116381365 0.7640679032794506 51 84 12
0.6164032953187265 -3.943654240484958 0.7252946702161183 61 97 46
0.6646546775300168 5.719776251210544 0.40630156501313675 59 54 33
0.6687201380630516 5.27532038626078 0.6334024823067502 50 46 37
0.6004215330624606 -2.657645832921612 -0.32340569716992623 54 86 20
0.6944414082867011 -6.095096253104319 2.723883041832112 150 153 154
0.694479063327321 5.413282441505007 0.6996438888038162 216 209 167
0.6832743483804022 -5.920154343555254 2.192198105017055 198 199 199
0.69631429868992 4.566373408866647 0.23009140423844032 52 52 50
0.7132900758003197 -5.968589074409807 2.3048391419132996 173 173 176
0.657632260108784 0.4262121298315998 -0.8278067511980092 111 127 64
0.7450954091262186 5.171703003397578 0.6487891489631025 198 186 142
0.730351484954181 6.297682532572986 -0.11594818227634868 161 155 137
0.6917945661830267 2.773615465018168 -0.9888681033498792 204 200 176
0.7555161391014652 5.58741325518908 0.45457241257028946 24 21 12
0.7438350738358731 4.591538387373883 0.1838779658808779 249 248 244
0.7452164540818433 6.041306701499113 -0.06582436390900895 24 19 21
0.715398160746822 -4.276301542625898 0.7586203249611337 117 151 44
0.7704278655948099 5.422486362043325 0.539878754960041 151 148 149
0.7563967783943849 5.946570675852248 -0.019514151332683964 148 143 139
0.7880096856567664 5.144554864752547 0.6514754686994755 58 42 2
0.777319422412511 -5.9424201333227575 2.2193232451974736 174 174 176
0.7289528212824089 0.2268803805565866 -0.6919602340471267 72 114 17
0.7923599673552005 5.627872560869958 0.4720550162881144 58 50 29
0.7964861205470383 4.454821609882799 0.5493227650158142 66 64 61
0.7858080803669729 4.595876869900237 0.0138136769132967 66 64 61
0.7542057839098499 -2.6293762188356746 0.09354684882169813 130 159 56
0.7503015729353515 0.2706658038161075 -0.7183149428589063 68 109 20
0.8204862364039982 -6.1754589829096265 3.0097153918830957 154 155 157
0.7586934207158635 2.6612654560015443 -1.0812240315484036 232 232 206
0.7601895736351605 -1.6600785608352167 -0.8186601305119505 43 74 21
0.7815919192078932 2.974344100974571 -1.0275476500210061 182 177 144
0.8481240987902819 5.378767983888982 0.5696479201386416 40 33 7
0.8496052013647593 5.786290116842887 0.1847454364320831 37 34 28
0.8435615006711131 6.286882557318232 -0.20067549600099943 150 143 123
0.8114303644424725 -4.684838776063034 0.5333826153568799 109 124 88
0.8800982089880094 5.351271534515883 0.5433807022560961 182 168 121
0.896837261819965 -6.227271779670033 3.2901293484377283 166 166 166
0.8976497100209705 6.241027545290178 -0.30881820541211014 78 73 70
0.8697382615559924 -0.7242677265829595 -0.889786734282393 60 103 28
0.8921792715175031 2.5861106667227687 -1.1131286704355534 181 181 154
0.9326074841523828 -6.2904235849386145 3.3275969301091988 162 162 162
0.9053658698938987 -3.1380063385891264 0.5477331491884531 169 193 92
0.9497034613793568 5.120647766032797 0.5129624529824879 41 31 3
0.9114376985735408 3.035072822496661 -1.1666084820046085 85 87 32
0.9580986780894203 5.234316771035666 0.5145338004359143 169 159 131
0.9681433895441262 5.197184777600926 0.5327071038595221 74 62 24
0.9330296627024807 -2.4291412945674153 -0.2788523917374502 88 118 35
0.9753319539322816 6.327304044091613 -0.5780922648439204 57 51 36
0.9501781537776361 -2.8904452257396382 0.4305851217851707 192 202 133
0.9986475826260518 6.021704872029327 -0.2501944308691919 36 28 10
0.9752695621679867 -4.7725473520949455 0.6209742815994703 136 148 104
1.0119929588253118 5.120239404270859 0.5375009734458723 215 198 130
0.9748558808152455 -4.308625277098105 0.7342779510742109 110 138 77
0.9956234888961621 3.315057563840471 -1.0320862910627278 210 210 200
0.9770986259603767 -1.60735824561822 -0.7477340776004293 156 174 90
0.9822602346365394 -0.5044516202406637 -0.894356942416668 57 100 13
1.026875611376505 4.980391144061761 0.41288452566382516 33 27 5
1.0267047557219542 4.825846421880198 0.2238481766940299 91 88 76
1.0283302992583174 5.583684721871685 0.303909908089268 36 28 10
1.001832895831546 -2.4465645093080153 -0.26037481663476236 133 148 103
1.0113238043085335 -0.26359198584856963 -0.8596576493583126 94 137 44
1.0622708151229032 6.250371231585197 -0.606172528121857 232 230 224
1.0475854134467761 -2.385065806714953 -0.35499559843440875 134 145 67
1.0648955189524858 2.7200886828964226 -0.9150506847031212 129 150 63
1.0927308599554664 5.4349381152408816 0.31592090579634147 138 127 85
1.0537986897961962 -1.484214728672894 -0.9974246640471541 117 139 106
1.098067860776469 5.381520540745303 0.398038814882433 54 41 1
1.1087602936583025 5.287835883917196 0.3959043543061037 23 14 7
1.0771304736179852 -5.915271741820106 2.1417913829866446 206 209 210
1.1192525323921443 4.6406526495136085 0.01625255754785478 29 28 21
1.0886557321415327 -3.398026477187554 0.45626646266125837 108 127 76
1.090214596356496 -3.477929893698009 0.14016635040222752 108 127 76
1.0907680112078586 -3.8356278370796506 0.35249997877273687 61 79 44
1.1355080177881833 4.930251958186727 0.2319743888790757 27 23 18
1.105053032687185 -1.4506735966837085 -0.9795353746524028 108 133 96
1.1376262041542824 4.795316000993738 0.22291440957583888 117 110 90
1.1171831905915988 -3.939065705091548 0.5105894358054293 112 140 82
1.1519495232096046 3.2200281878867245 -0.9574343478169979 153 148 116
1.1715346034276608 3.5303546503130394 -1.141084011387084 216 212 198
1.181986640362896 5.456414789273927 0.1906896195827369 32 28 18
1.1908004928225953 5.178411235024558 0.24803938788869193 212 200 154
1.2034338123277308 4.680293243141909 0.05181841937981529 113 108 104
1.2089557186504203 4.906446930709273 0.14230702762768271 200 192 143
1.221557443175292 4.361931190612017 -0.5301026748121317 167 156 134
1.2366192366115933 5.009481709178134 0.14655999971361838 16 9 0
1.2459820963904655 5.128976096517813 0.2620876057220828 32 28 22
1.2129282889516764 -5.8871634567007325 2.0930803518797356 194 194 197
1.2121882173801406 -5.892263402688806 2.079565491570413 194 194 197
1.2599335537306837 5.482482099352919 0.12409420953484937 36 18 2
1.262168807818593 4.45093184627238 -0.3886678590950563 56 54 53
1.2208234895356418 -6.03563563115892 2.595906873800743 167 167 169
1.220406092214126 -6.04193406742229 2.5832165404149894 167 167 169
1.268632243430794 5.0239380645939615 0.15056745953699613 159 145 91
1.274890848528699 5.256475962286152 0.19298432567449775 53 42 18
1.246548369337375 -5.112968874954471 1.3661949462644716 130 161 61
1.246548369337375 -5.112968874954471 1.3661949462644716 130 161 61
1.2925460377448552 2.9781505953734446 -1.4056608054584934 42 64 18
1.2921258507468607 0.4290978749751294 -0.7622972189283577 83 118 36
1.289316295308005 -1.3075271795476668 -0.9656103749280552 99 118 86
1.3019655390720406 -4.628092326583041 0.8104763602842645 45 80 14
1.3022421894114597 -4.837585970936044 0.7326091073288657 54 90 25
1.2969644946945122 -5.983612795682662 2.3492245555041666 178 180 182
1.2951476140751637 -5.993499850713716 2.3264739186085133 178 180 182
1.3343785687002014 -3.4396146310731015 0.3029362809391687 135 152 79
1.3625096523038918 4.806712952810739 -0.11212817185807647 30 25 19
1.3736054542697858 4.414410331147414 -0.576820255438809 187 180 153
1.4070805323726772 4.911849734648193 -0.06883230177011443 203 192 154
1.4151849917022963 -1.433794269525533 -0.39444368464669644 129 157 69
1.4009758361185116 -4.561611814465169 0.7241478661821632 108 144 71
1.4009758361185116 -4.561611814465169 0.7241478661821632 108 144 71
1.4478215298032693 5.193033087375351 -0.06504509834387853 157 152 135
1.4633935735248371 4.741144164749463 -0.3763498739324251 103 97 90
1.4251883586630123 -4.851787619628966 0.8761566953059314 70 106 31
1.4524098999945987 -1.7682119488928758 -0.291439445168763 119 158 94
1.4764279338029138 4.828494825880086 -0.39879641250955356 16 11 10
1.4897308408110386 4.548117062281344 -0.7523478038658972 209 204 188
1.4367437055509564 -5.587129953541031 1.0801168994744834 162 166 162
1.4498356655080487 -4.016584525332507 0.5609801985686058 68 104 40
1.5326034497523706 -1.0152565780414207 -1.092340297721048 28 56 15
1.5296160368441365 -1.4790116384035086 -0.47354272648221596 72 113 63
1.5708611338778609 -0.4227307865874802 -1.090999065148084 50 79 10
1.5661616957650473 -2.3225463811469282 -0.4243274077957707 72 91 26
1.6240647167246467 -2.5343706720566987 -0.19188037264870966 224 223 205
1.6285447347225972 -2.5169585840498696 -0.1650934260960651 224 223 203
1.6715135248694262 -1.818181715623848 -0.40918693325258726 56 96 49
1.747037117844262 1.9579048174061446 -1.355688837908006 76 114 59
1.682801624925481 -4.8744022066548895 1.0676646681835975 68 100 50
1.7570708163437756 -1.6517935334141451 -0.400698484068226 146 170 77
1.771093363357187 0.6624035929656776 -0.5197227921442904 165 188 112
1.7898925182993108 0.8186285666873245 -0.5280593424356927 131 159 67
1.8190594633639787 -2.274757913725708 -0.3015577388380657 156 157 111
1.846499858272336 0.3007026060568701 -0.6905443262113743 135 165 72
1.8927563353869485 -0.02628691546388468 -0.6517636508983915 115 150 46
1.8191020604049042 -4.106603175742932 1.2481839191764719 90 116 69
1.954541336330076 1.2256869508788075 -0.6653727726132501 93 119 81
1.988175945808253 -0.4331202757319816 -0.8571477336023715 34 65 20
2.0238527476698454 1.438941793212341 -0.6212508673372404 147 175 81
2.0341379352612683 -2.217565699128254 -0.381221412317577 70 107 51
1.7789223393227311 -6.630422701225763 4.659918904714279 199 199 199
1.9449567659247133 -5.176647364638928 1.55511313787241 41 80 26
2.0545270072780166 -2.376121581626744 -0.21481359989460766 142 155 101
1.997487466825784 -5.239877598559042 1.5277216651559846 106 144 88
2.119943048350795 -1.1252572869134971 -0.6661531722528159 56 95 37
2.0367954651831277 -4.996900065604518 1.0045812488918193 121 142 92
2.024493948577556 -5.097598355815741 1.3236476428981745 137 161 97
2.110051891926027 -2.452890771469915 -0.09829993615186787 241 239 227
2.213649935064369 0.2747697927475145 -0.6732864783121765 147 172 84
2.23806653503407 -0.25515300004790287 -0.8998160780851002 71 105 4
2.266124443435045 -1.0450107023349784 -0.7052961638651649 128 162 102
2.2668890620216753 -1.4111018432668165 -0.2575981954972743 112 147 19
2.3165993386177814 1.6229049828328326 -0.9869805731673429 76 114 54
2.3165993386177814 1.6229049828328326 -0.9869805731673429 76 114 54
2.2319561875099962 -3.1865453239576182 0.6538483979347613 61 86 33
2.340814466167119 1.566117406550669 -1.0023551235661883 79 114 59
2.242169529498326 -3.2057519152963883 0.7425599774422171 152 170 116
2.374637547115624 -0.844535344577309 -1.07589421431713 163 184 125
2.3046622426350636 -2.6951328526313256 0.36298862164489065 231 231 213
2.3791539395199015 0.502451331934643 -0.7497432395976997 168 187 86
2.3221549610686134 -2.627420821800911 0.24394925816712593 123 131 83
2.39140431248503 -1.0368933667149647 -0.6757050587016608 46 84 39
2.355856838731565 -2.6567212766150914 0.33863511973657007 133 141 101
2.486589680741131 -2.8635298300782686 0.2482444509355768 65 99 38
2.415341216689859 -4.369197628474358 1.2705544529517623 48 84 33
2.409729327662637 -4.287050585211374 1.4130793029063036 178 209 164
2.5797993446244303 -1.442267784383501 -0.5480462495570448 167 191 95
2.5797993446244303 -1.442267784383501 -0.5480462495570448 167 191 95
2.6293712649567302 0.08899136221494967 -0.8632940931924787 141 164 68
2.6481603569347025 0.4836668675734875 -0.8921608239161911 92 124 71
2.213367077886587 -6.564590706943961 4.440113865222466 200 200 200
2.65268053334585 -1.850415490295687 -0.6491412443593053 108 137 30
2.717693003632278 -2.074307898167275 -1.1484252472154055 145 171 70
2.5777599823028465 -2.8902696506610908 0.5280330143658971 125 160 70
2.5421494010820864 -3.223730964204234 0.9604306901444721 56 97 24
2.5425775854915016 -4.740919695886048 1.327259368645853 89 118 32
2.6152594147586323 -3.4826451746820193 0.8998888845346509 79 116 63
2.3192872332575027 -6.565946759266676 4.3812532677160005 202 202 202
2.3192872332575027 -6.565946759266676 4.3812532677160005 202 202 202
2.8298540426021144 -0.6854151747957936 -0.9771602030066078 55 96 20
2.656714761026492 -4.945414526791962 1.2407662549132994 52 77 9
2.664506241576176 -4.962469552163115 1.171409004428256 52 77 9
2.661767070042477 -4.950684065625765 1.2081395474095191 52 77 9
2.866688004869154 -0.6079973576733747 -0.8880772918342755 185 209 131
3.1300800564819378 -1.5824576149077203 -1.1840447535228407 56 88 24
3.2090442279633367 -0.4807244101226217 -1.5675794069682243 85 123 46
3.1522366339927155 -1.6480215480205171 -0.9546191842674256 156 174 113
3.204423287793143 -1.6824521293101726 -1.2540386353675061 156 174 113
2.906996488569854 -3.8481312789991278 1.3963790523783395 124 144 105
2.9687268431348133 -3.4774856223136577 1.3298876406211624 60 98 28
2.9680341304211226 -5.2170525418390055 1.6659768660193244 65 99 30
3.003325513330618 -3.473279011684081 1.319562246832211 135 168 87
3.2748597440745715 -2.5699477430080813 -0.8274269094782851 160 175 105
3.069774466481831 -3.3603630839195904 1.3205691839893883 170 198 102
3.247889467795877 -2.7499737152287547 0.5754152064992657 75 114 18
3.1678752982547507 -3.64712793931424 1.3563633370300565 145 182 122
3.5482479410977636 -2.837116376756336 -0.8916419860302813 130 149 117
3.3724902033159574 -2.8777427638801343 0.5892223503711173 70 118 38
3.5432275523445966 -2.8264412532030962 0.2159588799112563 104 137 52
3.380551821516219 -4.609688490005627 1.4959292929126788 138 165 64
3.192790932329977 -6.246951759506875 3.336016771697589 172 172 172
3.1963245334444466 -6.271581125628334 3.357721549683331 232 232 232
3.1940970162362796 -6.278905029032766 3.492809232254949 186 186 186
3.1940970162362796 -6.278905029032766 3.492809232254949 186 186 186
3.1859727583048394 -6.300591324538742 3.564150381080246 197 197 197
3.258454881088271 -6.254433414222367 3.380433801674895 183 183 183
3.7838236300373724 -4.599431724337039 1.4046771028439482 117 151 90
-5.388638401391826 -5.5143301776386275 0.23756979988995303 204 204 206
-3.9000407421003613 -6.237945640300639 2.947031766130995 199 199 201
-6.005908223357845 -5.014262845432063 -1.6303331883601744 198 198 200
-5.983275470940896 -5.001508072875644 -1.5879290143827707 198 198 200
-3.9316006055263095 -5.898728872271767 1.7019595205763358 195 197 198
-5.220999153811071 -4.890424513285624 -1.8789259650112338 198 198 200
-3.701742592565861 -5.824321425426396 1.425792266316507 188 192 189
-4.156640386686388 -4.947819573239291 0.22244284695683675 120 140 70
-3.8461995451359092 -4.811480983133555 0.44630431908001045 44 69 18
-3.157962215837465 -5.981242701662255 2.0653599625498957 197 197 199
-3.157962215837465 -5.981242701662255 2.0653599625498957 197 197 199
-2.1591811933600864 -6.396384858533539 3.5173920093324256 234 234 237
-2.083828032307193 -6.4292879525317534 3.6354842066747564 236 236 236
-2.068642550055437 -6.429442144812241 3.6063053688416344 237 237 237
-3.0664433315126836 -5.3360356113107885 0.8976979501412806 118 152 70
-1.8699910197560752 -6.429625171889926 3.6892574224606745 172 172 172
-2.0435440950552373 -6.267394527999482 3.1192619501203844 189 189 191
-2.750983009546802 -5.104745957377768 0.952612902193833 39 70 16
-2.607851995120199 -4.9662126030859834 1.0392253983088366 118 153 59
-2.500261085993383 -4.9450860258125955 1.0474254975609356 130 156 84
-2.500261085993383 -4.9450860258125955 1.0474254975609356 130 156 84
-2.4141493498319178 -4.998118440838793 0.953280643776385 63 96 30
-2.411491623422627 -5.100043854353711 0.8760976496168728 119 145 88
-2.2168579997321864 -5.14243625464292 0.9313435996696834 121 144 108
-2.2061019681430922 -4.434229392708546 0.9320506982540191 106 140 92
-1.0908055815938986 -6.525933901452166 4.170450358551443 237 237 239
-2.1130283950442967 -5.174345077182693 0.9319683489259447 133 160 112
-2.0329521808062814 -3.91120919600973 1.0421015426931608 143 165 76
-1.035380514070651 -6.60416724904492 4.161585712004666 172 172 172
-1.966445283656234 -5.196384267168569 1.0562301385796926 144 164 109
-2.282586314468076 -0.7349853313266527 -0.32454927662781935 147 160 90
-1.858141962274529 0.5033325375350012 0.9967920128387173 106 66 54
-2.481048989101225 -2.486356209336813 -1.0312853561060746 53 81 46
-0.8528259787950404 -6.544197953529171 4.260171773243187 237 237 237
-2.1776198585860804 -0.8192089428336145 -0.25722197893924287 150 158 107
-1.8426546146701834 -0.07598243693737279 0.7964002414296395 199 173 162
-2.056085351382081 -2.857622957444142 0.10040615083375357 134 167 96
-2.352203855196916 -2.3482239095294184 -0.9436574333849728 30 62 12
-1.7631674180358428 -5.1447198488030415 1.0128631498867513 130 153 117
-1.5451379423150517 -5.28587100495871 1.5303161031191914 72 110 53
-1.7017658445608337 0.5701384282134844 0.8761051234051482 217 201 185
-1.9161520981336289 -2.805213413726188 0.16544516649917512 62 104 15
-1.5062556146330075 -5.317370370017201 1.5655552814952496 186 223 155
-1.7029613778043933 -0.009060489202735614 0.7927252561073687 141 90 88
-1.9323525071038858 -0.9141501515722471 -0.08972849396176447 161 168 116
-1.6496606871118136 0.34016822340607644 0.7330351414731541 222 218 208
-1.7710332814306355 -2.8921424206995368 0.31988956463622353 90 132 46
-1.4822813359705118 -4.931762070206986 1.085416391108301 39 74 14
-1.5556027869725926 -0.20299000572121592 0.781914444467039 128 78 76
-1.5227804130728555 0.9698808532900647 0.819525490009983 208 198 172
-1.5163078180596263 0.7098095103282206 0.778505289467379 205 188 169
-1.4952135454970528 0.8588125672378237 0.8403611403367314 132 72 53
-1.4737635113856613 0.7733910573804924 0.8539344552909123 203 195 174
-2.013530610068232 -2.2647691450827216 -1.0623715238186568 23 48 9
-1.4641167922041975 0.868350294668485 0.791471441173365 196 189 151
-1.8862223922670731 -1.100049154175272 -0.8224982275303884 31 50 13
-1.406906319602902 0.06863675812979386 0.7629994006062737 120 76 78
-1.8920110807273771 3.86350248843194 -1.1118808413961907 224 222 218
-1.3698485100996973 0.18441216431731325 0.7808144907148532 105 67 63
-1.1583211107424647 -5.221569128268931 1.5527209601092602 147 176 95
-1.367411447339345 0.11751138903904662 0.748142066418942 138 96 98
-1.2634337381172625 -4.66773124228242 1.0618606721940795 148 175 106
-1.3196669478970198 0.10240737340276058 0.7980405106131461 214 207 195
-1.3235712728437479 0.18722399773917175 0.7677141314877937 217 209 202
-0.21297538492539095 -6.746369470907969 4.830405945057541 233 233 232
-1.24888225378724 0.16207096167006385 0.8966235886523563 237 233 222
-1.717184067667959 1.4521200764225912 -0.9064615497653129 66 94 19
-1.292277950397543 -4.137543134179841 0.6616255961426353 54 83 25
-1.6333272629333646 1.1693041477069828 -0.8741176171303524 132 158 96
-1.63251194528362 -1.4929302579719157 -0.8814893409761979 25 51 8
-1.1254145592004348 0.6507812741410111 1.0650835460001256 204 124 117
-1.6697502234074608 -2.074287633536443 -1.153073111339497 13 32 2
-0.9832358392294777 -5.010181936050023 1.4328851151740722 55 93 40
-1.1250233188272198 -4.747378556634144 0.8776813456489659 192 215 159
-0.13464635657926394 -6.665060091792349 4.6960114179401105 233 233 233
-0.05090071203333432 -6.7398815367711995 4.903537719537563 235 235 235
-0.05090071203333432 -6.7398815367711995 4.903537719537563 235 235 235
-1.3786636958075908 -0.5570369888517412 -0.568455510852743 67 91 16
-1.3641210167478106 -0.46089136896614 -0.530268980882384 64 91 16
-1.4572710313810204 2.2510202840643334 -0.9842344429873283 141 161 92
-1.3776760860627648 -2.503968784824997 -0.8290293735380714 56 92 38
-0.9718974433635115 -4.665403122786474 0.7799573280332771 128 153 87
-1.2823903217242163 -2.4815727717916998 -0.7646641748883163 41 75 22
-0.9344771357908157 -4.164124435743822 0.5338833219705108 144 166 102
-0.6948918971202606 -4.776843524621313 1.3459807956726326 145 173 79
-1.2228277264422063 1.9557659288747933 -0.947401682893994 78 104 60
-0.6777904067644366 -4.601230694220723 0.9970840902373642 123 150 70
-1.0337837092307753 -0.2356754508831228 -0.6037176164765584 114 148 58
-1.2437560163684427 -0.26533942828676854 -1.5216094590993807 114 148 58
-0.5808430363231238 -4.756136698980689 1.128162589699477 132 161 67
-0.8129778309283813 5.367863122023713 0.1914699277779087 99 94 88
-1.0080986545220776 -0.27059180580727266 -0.7864455434163163 114 148 58
-0.9116398096472281 -1.892634196004067 -0.4525029397166978 212 212 194
-0.8502559945442721 -2.0175536136447603 -0.29798226465449185 34 53 1
-0.3937730203854266 -5.0082749578248515 1.553780297052482 66 102 51
-0.5046150016282442 -4.557060911019591 0.7721838645112982 131 159 63
-0.5076429505189475 -4.560878934283679 0.7614437060952679 131 159 63
-0.6229206048152847 5.2729870577549915 0.29116664660192604 87 87 90
0.21653358763637415 -6.441147025392219 3.9332514463290895 200 200 203
-0.5314608000331921 4.981715602850824 0.4735553492372588 150 148 145
-0.7188032421810207 1.5387871747434967 -0.5589522910055922 150 163 74
-0.5452468304342668 5.674632422603266 0.2503035146946695 159 152 147
-0.37767859540653215 5.083029738734378 0.6069347061072163 18 15 21
-0.5722461531990228 -0.28536142420560545 -0.5619476601367982 30 64 16
-0.4709136574195717 -3.090205863558071 -0.17901143286516163 132 167 37
0.13991763733765586 -6.121202510036586 2.809235054103972 202 202 205
-0.1770682171434867 -4.83885269382263 1.120917440138391 113 152 36
-0.1770682171434867 -4.83885269382263 1.120917440138391 113 152 36
-0.5019650540499283 -0.14118019836544834 -0.49788669735152197 108 138 88
-0.5019650540499283 -0.14118019836544834 -0.49788669735152197 108 138 88
0.22979431064974581 -6.203829716399615 3.055081037382204 194 194 196
0.22979431064974581 -6.203829716399615 3.055081037382204 194 194 196
-0.30051293645351507 5.372271119148346 0.6342280059957806 17 15 6
-0.28263013389960767 4.980471677411297 0.6312431598021593 159 156 137
-0.5226166477115824 -1.7793299062196921 -0.8307018966496854 215 215 175
-0.29589846603957465 5.511903852714461 0.5367648029447567 106 105 103
-0.3417271267536395 3.972804477704184 0.2367360302513438 37 31 21
-0.4515037863956164 6.252527510245716 -0.27333997320593895 52 47 47
-0.4439852153520676 -2.925316568584382 -0.5074259037128865 52 84 29
-0.5192452835505024 -1.7141752114883984 -0.9060486686611295 118 142 33
-0.25662514020072497 4.920854905533491 0.6432668095753976 14 12 5
-0.31126453258209447 4.003845992862022 0.29525718244374066 156 149 121
-0.4885747015585393 -1.808489251164228 -0.7983538153343139 161 151 133
-0.23256097503099224 4.811001582235835 0.47225187925126355 179 173 158
-0.285631520885009 4.157687599760066 0.14425220360143273 245 243 237
-0.3158066280376092 -2.1140711668079066 -0.21456783102743654 157 153 112
-0.35127713526620175 6.153109559315709 -0.16936384086522957 129 124 120
-0.26206096574069326 -1.9242830386714727 -0.08719322334612728 199 149 135
-0.13889788178832813 5.133823402763273 0.7625195225106688 39 35 28
-0.27644272517194246 5.982327555917702 0.040605458582838524 191 188 178
-0.24107966302238137 -2.0122597401925386 -0.10252909152157247 190 176 145
-0.038972934394946306 -5.5521823020302605 0.817509602533906 34 46 27
-0.3917476796325459 -1.7649984213994079 -1.0078913430903225 117 129 37
-0.1231284403013092 5.3995535892299165 0.6370076405684186 33 26 2
-0.27058138173615764 6.311311271757146 -0.16200398354471685 22 18 14
-0.19467688191546767 -1.944873435790001 -0.05063775310089303 146 57 52
-0.2974319133858706 0.29203046291748247 -0.5426296729132686 133 171 88
-0.10350184470310478 5.436596266093724 0.6449835363520703 196 191 161
-0.08304663164307005 4.950803084485676 0.7016443265575844 147 143 117
0.010426044305761205 -5.5589751165220065 0.8546091482509853 172 177 174
-0.0818975526424737 5.358502321935125 0.672913672925827 201 194 164
0.16980967369813174 -5.753915853359987 1.5932856761051877 232 234 235
-0.27810386595893033 -1.5979211112301444 -0.8337845697730866 163 171 95
-0.09023668357582937 5.638897083735125 0.46550367712119634 15 13 6
-0.27246959171812035 -1.8735263564715048 -0.8374213849608662 149 131 104
-0.03836378839570667 5.320068003597306 0.7167657396252236 19 17 6
0.1951027762024526 -5.773372967125046 1.5768986411314259 232 234 236
-0.0708327224660471 5.604628047474958 0.45931552633058015 118 116 113
0.6677966895606177 -6.5153192931297825 4.1594987122114 199 199 199
-0.017449153071551787 5.018375840157867 0.6479333136718463 39 34 21
-0.20367127837828608 -2.632275801372102 -0.7229443544113392 30 46 16
-0.021362962234241455 4.162023200824546 0.5170756932491367 154 147 117
-0.00485423956550863 5.401384753669877 0.6631802821090391 110 107 105
0.6986880649924115 -6.524341719163756 4.224659785386631 196 196 196
0.6986880649924115 -6.524341719163756 4.224659785386631 196 196 196
-0.0809189201410582 5.955942855902731 0.1826488776047764 16 11 12
0.04404177320587961 5.183313126026642 0.7532814373602102 167 157 115
0.37765031920934494 -5.949221579835654 2.2123920271378035 177 179 180
-0.11602947887831158 0.23399878546749045 -0.4120519701553436 68 105 58
0.2868611901689203 -5.805891477458184 1.652314100438415 161 163 164
0.3235032664082974 -5.813650118754258 1.7731612636904166 187 189 190
0.3235032664082974 -5.813650118754258 1.7731612636904166 187 189 190
0.4196893337348635 -5.985036679706577 2.330835606834552 193 193 195
0.421924773374203 -5.9849887640527735 2.3368163788200644 193 193 195
0.07476959792892121 5.209759781086668 0.7319786460505907 66 61 39
0.07476959792892121 5.209759781086668 0.7319786460505907 66 61 39
-0.04154167179079158 6.297224171557564 0.05728474182873986 39 32 10
0.41815134858864217 -5.95316827390826 2.2244233204518493 237 237 239
-0.037733278338637787 6.34696749706891 0.05426028420268005 193 187 162
-0.06818155713906457 6.492745753726132 -0.1429977583003061 49 46 38
0.11605360759424123 5.355981653213834 0.7289529122778243 151 144 126
-0.0496208935358512 0.3799169151091494 -0.5189118692579504 103 140 90
0.13243687960990605 5.047121657414287 0.7259450598462207 11 11 17
0.153866282342241 5.047097870557207 0.6641895069395017 44 42 28
0.05643035743905598 6.219878573565681 0.01583118511717933 28 24 35
0.45750078642783126 -5.861363389764481 1.8989835388282201 196 197 198
0.048991892069141264 6.461288547850487 -0.14037989736766776 148 146 144
0.29114066695250757 4.9433700200894375 0.8250374567893931 27 25 21
0.17426677701678617 6.1287607572825635 0.06051745257765568 73 75 78
0.15401943960301442 6.439172456705947 -0.05978619885319447 50 46 44
0.1539827648337044 6.4688738843142515 -0.10094612676455367 33 30 27
0.18913988221902361 6.095753778399232 0.06759673360907993 23 23 27
0.30766453460521304 5.077992148147196 0.7967455259378924 28 23 10
0.2827605797195736 5.584468527921238 0.6158014225174335 167 161 144
0.14437601374935125 -1.8927972996722555 -0.6855897974876825 226 224 207
0.29925261676752424 5.397613671780731 0.6600839553699798 143 141 145
0.32080189769474315 5.159218389606891 0.7721611812881282 191 185 151
0.9720704854062281 -7.436263720289039 4.319867654331244 220 215 203
0.2221948408486962 6.236994043323239 0.1279983493460962 84 68 28
0.2221948408486962 6.236994043323239 0.1279983493460962 84 68 28
0.1321988209228202 -1.7966384750213888 -1.035348025267298 82 111 55
0.28559307412970647 3.643386135208891 0.217977797723244 241 235 221
0.3291804387232396 5.594885641693114 0.6225169266592004 57 52 26
0.25732654747041805 6.183960657696391 0.15871049391177913 198 182 130
0.2604313699760925 6.261054965425256 0.14070561779631718 37 26 3
0.40221742715925235 -3.325653800474683 0.3919140619435417 88 130 51
0.3764082079102218 -3.1998466192080395 0.20864502807326596 137 163 101
0.1637634902142545 1.418343101554304 -0.9102815207383967 218 215 200
0.17938354821963107 1.4028692757534538 -0.8567377124564008 218 215 200
0.1572668550711264 5.930820917694197 -0.8679055697147195 23 21 22
0.3009273790193386 6.234394549615581 0.10893524457792973 45 38 17
0.40394069805731153 5.333723009642351 0.7005827339849212 11 8 2
0.3128808985015044 6.142713035145919 0.13452179981892362 14 12 12
0.32727106448206256 6.11456411070135 0.20953544359156087 14 12 12
0.22685919119252912 -1.7544432787759263 -1.0200578025181972 65 99 29
0.8923492008116369 -6.2493201749801734 3.252168826324146 167 167 170
0.866167135728988 -6.175945445178173 3.0467195281768666 232 232 234
0.2951861538118148 6.472633140149561 -0.12261449513526544 160 160 151
0.2515608759324482 6.822071012173258 -0.40784771067237807 101 96 83
0.281221227369414 6.597397000770094 -0.2298857282800433 112 109 100
0.4395704608259729 -3.149626587133263 0.20039267766338204 129 155 93
0.27337421661506583 6.745637103590839 -0.38057473900616606 31 24 23
0.44957544525120663 4.950584710323394 0.7050470642116692 211 209 210
0.46365874323948497 -3.0706460524128136 0.2773813274033392 60 96 32
0.4061551211611758 3.9901272209577194 0.27187326292976405 33 25 14
0.3031865125358761 -1.569980972681652 -0.8627726531980131 160 186 113
0.32241998567005037 0.39666754545257144 -0.5819092032601274 105 147 22
0.44887462428189534 4.84695502201016 0.5244348438274593 31 27 23
0.4298247519584162 5.803973133190502 0.38965124556749126 74 66 46
0.6542278277637517 -5.360835013845818 1.1778770542934658 188 193 196
0.5876840456489733 -5.542263659257841 0.6935345436534779 188 193 196
0.3687718104316279 6.440526723062713 -0.1256074702565638 163 163 159
0.34005925664864106 -0.40181540135918326 -0.7611747380760816 42 71 26
0.49599987246334176 5.2959782408083695 0.6673918049001832 25 24 25
0.409202442025447 6.226497104480354 0.0455886582264513 18 17 7
0.3632487371476951 6.665012530366159 -0.26173153687425327 181 175 159
0.4952314303167439 5.212987041965021 0.5821884595985186 208 206 182
0.38270678123473306 6.597324542290749 -0.19669070560257804 39 32 20
0.6179100539629024 -3.9156220006619886 0.6514069385380002 150 182 136
1.0584959347083995 -6.375438129561003 3.689881473113548 160 160 163
0.35262665185300995 6.838923909658553 -0.546485692453709 228 226 218
0.49662686786459354 5.759912228550572 0.3813808181948851 142 134 118
0.6606575017769224 -4.690976028075648 0.7417899346566605 89 120 58
0.6662871231601517 -4.711055360671127 0.7666280364086362 103 135 66
1.0941378766731178 -6.400420794736512 3.7869020378397233 167 167 167
1.0941378766731178 -6.400420794736512 3.7869020378397233 167 167 167
0.5757864004242426 5.161893100208948 0.7262864406785481 62 54 46
0.5472166208791707 5.504856716359031 0.5197679120703189 7 7 8
0.47865307982601035 6.238890353994533 0.028569903571904313 37 28 6
0.4481312972504366 -0.004610377346461199 -0.6536991915721093 110 143 40
1.1496633880291531 -6.448072995082871 3.9527706058297105 165 167 166
1.1496633880291531 -6.448072995082871 3.9527706058297105 165 167 166
0.5065448067051191 6.006741253054602 0.03378496204399853 34 32 27
0.6097910015130269 5.1318300640407255 0.7193111812799161 176 169 137
0.5828299162246856 5.653988019427686 0.558486872445972 203 197 163
0.9149891652166069 -5.935716871100397 2.1860183159923827 192 192 194
0.5291055186167741 6.206438884165679 0.014443461370242402 117 109 94
0.45416301096124606 6.76883846386477 -0.5109806332527513 53 46 44
1.188811029903086 -6.47334300375013 4.057130145627299 169 169 169
0.5383895485219634 6.230973562241518 0.03813380974546778 59 47 21
0.8675507680502054 -5.776996231402952 1.6103402027514444 187 190 191
0.5185722476060793 0.27079848577371873 -0.6180050860907997 87 125 11
0.6323774910441861 5.349223528846467 0.6635137784737382 176 167 146
0.6408665087976954 5.283219210764285 0.706755508730872 33 30 26
0.6408665087976954 5.283219210764285 0.706755508730872 33 30 26
0.5265415753860473 6.382668618045963 -0.10353472370124485 37 32 26
0.6188588609524118 5.638452731464861 0.5071579416031655 165 153 121
0.6188588609524118 5.638452731464861 0.5071579416031655 165 153 121
0.5113783637467365 6.522777345753351 -0.252908958499055 37 34 31
0.5634067537114957 6.133301527387079 -0.13747020207511465 113 109 87
0.6583231662086492 5.530280523836197 0.5378690925118905 28 26 24
0.8174510570394011 -4.884080521328213 0.848880943226585 81 116 39
0.6883656315045583 5.419480994458656 0.6620044667271718 177 169 128
0.602527872824704 6.230938023397305 -0.05878870006483919 101 98 95
0.7148101095679499 5.036491942523725 0.6211595802990533 179 172 144
0.6965438782330449 4.462942532269644 0.4044437313623386 224 222 217
0.7132207536047638 5.126890643912708 0.5859628145964801 26 18 8
0.6772798650605499 5.766503722009042 0.33560722203945675 204 196 171
0.640957764530818 5.983088470391186 0.031362091817971026 34 28 22
0.7029225203572379 5.606963809904193 0.42940490202272963 116 115 113
0.693305368377436 4.5741535660192465 0.21249849922278488 50 52 48
0.6301440800059417 -1.079451103298181 -0.794168763867536 111 149 24
0.636642066669411 -1.4975023886453351 -0.8417132161691712 138 167 70
0.7131592205131497 5.708226095542208 0.3865144151450402 39 32 13
0.6203190711597216 6.640462936876573 -0.37832076662101005 99 93 86
0.9111227790799211 -4.926421917654896 0.9809026622923119 81 112 51
0.6686305333570763 6.148596595791858 -0.06405586916419903 69 67 66
0.6299662481598348 6.659762756162446 -0.3317797007198791 231 229 224
0.7448431177092839 5.524865493633709 0.4924859509712498 18 21 15
0.7752195000377425 5.118957745501076 0.652085594735077 164 148 98
0.6903793882323744 6.236668898345175 -0.07540076921364974 172 172 168
0.7056902390595688 5.98540403418469 0.004917986179199878 134 129 123
1.11529570190964 -5.966740073788932 2.2935194846597304 195 195 198
0.7947847522289632 5.319208080957588 0.5755511054613249 11 10 11
0.7933223677954423 5.568467724182242 0.4418130797096227 14 10 2
0.8992330614137966 -3.1469226126039676 0.5169622521688884 168 191 86
0.8343875704373962 5.1927714255391635 0.6302099915851369 185 174 113
0.7482500320585004 6.191951051120987 -0.08246637875089587 47 43 42
0.9394290470393458 -4.0518104237168835 0.523180148098846 33 61 7
0.9160560392953987 -3.0154339415129923 0.40701486217007127 204 213 145
0.7510183480945768 6.372029922442689 -0.14952535059602903 153 149 141
0.7572614959296696 6.256486829542185 -0.13967705525579793 32 26 11
0.8512085206572025 5.332272871486627 0.5448424106953462 17 8 0
0.771200066196705 6.042612213236795 -0.115125999049784 75 70 71
0.8889743089997021 -2.650083096481588 0.03335141783932768 96 145 42
0.9307635978623455 4.9648730390119615 1.1393732933967384 39 36 20
0.8635203566343959 5.166339466748681 0.556481243963521 39 36 20
0.7939306644839983 6.256689827188637 -0.09872595828726795 166 159 136
0.7946024411160109 6.143949272145797 -0.11957319964044837 198 189 171
0.8720841449139951 5.515508281811924 0.44494427470465214 26 21 4
0.8965735953050095 5.419898325190065 0.5455922489309739 231 218 153
0.9774612162957412 -3.101704752890247 0.3613827103170451 95 118 30
0.8975333787342737 5.29223041258936 0.46389755353191076 23 20 16
0.825923549931151 6.121224212707019 -0.11499640617781741 172 165 144
0.8153633320036751 -1.4326568110204836 -0.9930089927438984 56 96 27
0.9141852767278499 5.20661670371007 0.5341175285893998 61 57 40
0.8132597179636517 -1.3260551292259959 -1.0759983534372641 60 96 22
0.9158031938862469 5.515332331537594 0.43430249351713 37 32 18
0.8782328832453123 4.493804490846036 -0.013582804263714571 214 211 199
1.279514451338651 -6.002645166873485 2.4567174162934733 196 196 198
0.8638338932878024 5.981709697334148 -0.09335058878944481 49 45 40
1.01566422633957 -3.532344740274867 0.2772159685360531 31 48 18
0.9432870901240676 5.355639389687094 0.4959830347719322 194 187 166
0.904505817120197 5.785981826627362 0.12345490567548764 42 37 32
0.8481586600781279 6.520360918769331 -0.4272481448763838 120 114 105
1.0876997631992706 -4.3686243341576505 0.5405746471483176 76 105 56
0.8363575395948961 3.146281551761933 -1.1600022542393535 166 161 121
0.9062541820907656 -0.630687114501113 -0.9591158692297843 45 88 12
1.103214097887858 -4.255974240793675 0.44442586798294403 38 74 8
0.8652637500410439 2.9061321310242136 -1.0967537729304757 102 105 56
0.9436824421757969 0.3141067138551042 -0.6484174385758457 130 161 38
0.9284401673896363 -0.42893784927290046 -0.8354122365992992 92 134 39
1.177152627348068 -5.06870938462585 0.9923745203834526 76 110 58
0.967566752288846 5.798844248520135 0.13643563001043246 149 143 134
0.9579780081229846 5.97211429825781 -0.16632832018851004 138 134 125
1.1771957818992675 -4.339462750042165 0.6538948822119134 54 85 38
0.9346149069764593 6.479272085794432 -0.5220220278615745 232 230 226
0.9819205530120367 6.100018528920134 -0.24498969106942872 207 200 179
1.0633411235091466 4.985743018918748 0.3787697301297867 219 207 150
1.066313214242627 4.980639206090048 0.3921271451698001 219 207 150
1.0778317155193582 4.725004100234874 0.22660281146605682 45 43 32
1.0822753092120085 4.847666011824035 0.2887780501555032 18 13 12
0.9826641879972272 6.310870717785603 -0.5433470882416072 81 76 71
1.1448936899068922 -2.5724543046697614 -0.047957506957143486 209 217 155
1.09408914458871 4.954358072924006 0.36975853958363647 188 174 114
1.0936536556935559 5.265346383398555 0.39678774878458184 51 45 40
1.1385839603792411 -2.491807757043334 -0.12837861916341514 160 183 66
1.2576677008797297 -4.8735838947088475 0.784116815957867 144 162 97
1.0852311787852116 -1.326446588415547 -0.7468424489753643 45 82 19
0.9956456321852005 3.143875775608198 -1.2044294535408322 58 67 25
1.1068681154055593 5.5040909491558825 0.23677123603064856 34 28 23
1.0882341161373625 -0.6838075350987174 -0.962294963575656 113 148 25
1.2914698700358898 -4.641332518297707 0.7346499726203658 45 82 8
1.133482169894176 5.2587071062570345 0.3008936484898822 34 32 35
1.0412890420711263 6.376795551222799 -0.5667382144049349 84 79 71
1.138077828970545 4.795861068753485 0.2240711571346066 117 111 94
1.2681814291455629 -3.9304962366954177 0.3885748212383456 73 102 46
1.1460372777029928 5.326789116456696 0.28845074237240614 37 35 31
1.211988460788693 -2.648945819164725 -0.06770936658447599 174 175 125
1.155449410598009 5.169559736967561 0.3310616402449969 64 56 24
1.1382877384233772 5.578730126590391 0.17244989105454323 150 143 139
1.1366163200572477 5.58070093197962 0.1633804740162809 150 143 139
1.1576245456654375 4.635146897784829 -0.0001257633187176381 82 79 73
1.1775372950292586 4.775531574280804 0.12248710700083934 78 75 62
1.1862708906067734 4.985039698466777 0.16554317271826394 24 19 13
1.1750259253719602 4.521553369830371 -0.19874951036560895 28 26 26
1.2099240343230493 4.847197947057676 0.24971782389952357 63 54 24
1.2105717094428976 4.812724244693498 0.2361265418459916 188 178 126
1.1770503233218719 1.8513578254137621 -0.5974255389677557 167 192 95
1.22246050915551 5.2104816396445415 0.20489032841954277 10 6 2
1.4082133224615834 -4.670733839969321 0.8516188338368079 47 79 22
1.2243455965621108 5.499786217666359 0.15119384208463846 190 175 124
1.2323486264753827 5.231245829783662 0.2118464508753185 42 37 40
1.2446174869168098 5.539071825087908 0.1430821064430389 59 48 16
1.1838729587850918 6.0390473262981965 -0.5874536563595838 232 230 226
1.1838729587850918 6.0390473262981965 -0.5874536563595838 232 230 226
1.2700600078844035 5.022634372533098 0.15706750529551025 155 142 95
1.5009149535815551 -5.459400215124079 1.1589249570697775 54 78 50
1.2533470691193986 4.413009734490272 -0.3323272022846403 84 81 73
1.2336790917287936 2.5967838881950898 -0.8968022578047269 68 105 34
1.514920505575723 -5.616226088145557 1.1635580708989568 145 147 148
1.284546445938061 5.510948753799489 0.0984976859056814 200 185 124
1.300175725641316 5.03172859085306 0.18439400699170425 192 182 135
1.300175725641316 5.03172859085306 0.18439400699170425 192 182 135
1.283562689196646 5.436861116605348 0.0167028846024759 15 10 6
1.3039877592755813 4.710499820165309 -0.0073583850716077235 172 162 140
1.312966806539715 5.284161836258109 0.18926640618431506 193 183 141
1.3057615868442214 4.800516555009441 -0.10102897328627637 14 10 7
1.2562287041649904 6.123773607641277 -0.6246826230465399 232 230 226
1.3344085632914096 0.03629643474889654 -0.9043137031019597 131 165 59
1.3344326735302112 4.564940029180319 -0.22729235369514028 102 96 75
1.3584307106270919 -1.2692562106364174 -0.927553855380857 118 137 98
1.3382074543850264 4.408184641949671 -0.5245010161832158 181 171 153
1.3670556763785584 5.123811004399645 -0.0033431206973567403 30 26 22
1.3684095329144732 5.1237049609007235 0.0037491278054958173 30 26 22
1.3654546586849108 5.413419076499312 -0.009244760089617722 25 19 4
1.4505712812862621 -2.3857196202151076 -0.47354563910290687 132 149 76
1.5765328340862956 -4.129160800291994 0.8434436549863187 82 116 55
1.382429857105976 5.046785563343945 -0.06563017599988584 32 30 31
1.3668276272406694 4.65886649604361 -0.33852959485214745 32 28 24
1.3873526660778834 5.4365952274503515 -0.08110453862463055 190 175 130
1.4036906649621255 4.782798575594175 -0.22630493292998757 23 19 16
1.3838715880497088 4.54116880963926 -0.49409471228165824 25 25 19
1.427605484791178 1.5038602558737568 -0.6164985185371504 40 72 4
1.4212391255214918 5.112419095731548 -0.051351532081956155 133 128 108
1.3816053072858658 2.8798151375287007 -1.216978405139062 159 176 113
1.4241805793971587 4.7521076549794214 -0.24434556946912492 147 139 122
1.4367180091247544 5.411833652353088 -0.09340208896392814 156 145 118
1.482803213502625 5.23813333260281 -0.11109012063683055 34 27 17
1.4786456271849826 4.818254763634888 -0.36720256653480443 16 10 6
1.449873401010432 5.776937308084666 -0.628080841117024 232 230 226
1.4766849765885501 4.583076170280048 -0.5454908326088389 94 92 92
1.4678521079683218 4.422702616621699 -0.8510034799783784 146 132 88
1.4783107544512353 4.754376627111811 -0.6673429978725673 12 10 10
1.5087549933079973 5.14265870330932 -0.3436678362198256 26 22 16
1.51900025894834 5.301835228933724 -0.25346925874714277 209 200 166
1.7656594495531446 -4.90270188927116 1.1134911307695157 78 112 54
1.5397542995639706 4.865156677168161 -0.44002185311359193 31 26 13
1.5501603548015557 5.2838525939637195 -0.34806251684182204 26 22 14
1.6563077424058132 -1.7160323243510516 -0.32944674863805157 64 104 55
1.6563077424058132 -1.7160323243510516 -0.32944674863805157 64 104 55
1.7312885892750864 -2.718178376156099 0.5204117334190462 235 233 221
1.604463965546886 -0.644555468682008 -1.0255736212306636 46 80 24
1.6666664193625238 -2.419462052508498 -0.5159466995074997 94 102 64
1.8011540047961971 -4.908964576542486 1.0126398522758986 123 147 103
1.6196402278593904 0.36527867560926885 -0.647199840077537 119 151 34
1.564979951409301 4.882905175023453 -0.48201995184248003 152 146 134
1.560071169504839 4.650628788798132 -0.928302110723366 40 37 32
1.5678637725936408 5.119230746578966 -0.811801902720283 60 57 52
1.6580435300390794 1.0286514528852466 -0.44413601552162163 137 159 77
1.6026821355555243 5.375367081763891 -0.6374097659018316 34 30 14
1.6845316856617003 -0.5647053720720489 -1.080902626907618 34 66 10
1.6936657658309227 1.1635908247387123 -0.4768098027277877 99 130 27
1.7042446465294911 0.8234716031321428 -0.4657933266831427 77 107 14
1.7042446465294911 0.8234716031321428 -0.4657933266831427 77 107 14
1.6481150316781374 2.602263179753916 -1.0391093710647883 72 107 52
1.7252542846888925 -0.2000542218142027 -0.8633943851060532 101 137 15
1.7934767749878344 -2.118695339238601 -0.2725200692551714 115 138 72
1.7608041934979326 1.3114200803305305 -0.5553304874335853 91 120 37
1.7677558361147296 1.1392126008298735 -0.5361278364201927 86 118 27
1.7674720486242685 -0.15979703882274696 -1.01954155786497 90 126 20
1.9855913887276497 -5.256053955591496 1.572419770323694 43 81 21
1.991388148749919 -5.228904355710925 1.6398145416717813 43 81 21
2.0054912308393344 -5.22645744151293 1.5781956041491996 94 130 80
1.8148123541173198 1.3275132181124216 -0.6593036375498774 218 239 196
1.837183547145899 0.5808087436257094 -0.4997066337032568 142 168 67
1.848395134975838 0.12741446820065244 -0.606014138077571 142 170 72
1.8621229294750767 0.6925267650481882 -0.5982262814449693 56 89 7
1.8589800039437052 1.748056750560094 -0.7015906150873553 62 96 48
1.8589800039437052 1.748056750560094 -0.7015906150873553 62 96 48
1.872224123483273 1.6999331899385752 -0.6899507507205381 55 87 43
1.8567083392210444 2.2851752306495237 -0.9954242747532921 86 119 34
1.8750280380788944 2.1973844284508495 -0.8676235109500267 85 120 29
1.907646858047368 1.9421872893841343 -0.7906811209438062 86 123 21
1.9476520680995082 0.07075188620927805 -0.7056906008515642 30 63 4
2.075183559370718 -1.1560049661814085 -0.6925596614803952 154 185 115
2.2307736601109083 -5.2917847997857335 1.5873430397443828 129 160 82
2.0681268871920246 0.4495854494691966 -0.7157320808470378 58 92 34
2.029978199022269 2.7857296186266436 -1.5787311519663345 201 200 189
2.175214608962054 -2.433201458906443 -0.09108515487499828 201 213 172
2.2278285583514683 -2.6346942135959255 0.2594379020842214 225 222 206
2.350806012079408 -5.263615057636168 1.0980724995249653 127 156 40
2.386408633544016 -2.5652604457335992 0.04472124357056231 49 77 14
2.3065413867185756 1.3270246774769154 -0.8725285219876637 105 134 94
2.4198665535345683 -3.269340183141303 0.7917437635558109 143 164 114
2.4143898543747433 -1.352609104550544 -0.40016831215320864 164 187 94
2.5160340090318862 -3.0698589808463415 0.5841244960040216 146 172 62
2.456048799461495 0.1757796804993243 -0.9579133160183182 49 81 28
2.5693765802509474 -2.9274163017713937 0.4803490686945439 132 166 54
2.507925596789676 -0.22286412047967433 -1.0208176276810421 92 125 18
2.6700249662301436 -5.038960432382394 1.2130058191669375 53 79 12
2.6425357843964807 -1.803140349720435 -0.5990571196103189 152 176 79
2.6254720671454423 0.08595075151458335 -0.9168387035299171 153 176 82
2.6408097324883624 -0.6810961729654466 -1.066135162376729 64 94 43
2.716220396969228 -2.9513170797567945 0.3203584622766058 148 162 130
2.7626635642348827 -5.2948263817843335 1.5791720578677944 176 206 169
2.6917084159238986 -0.6716905469620283 -1.0083409823277614 45 76 20
2.8001186731268874 -2.907864578987556 0.41969813910119197 143 158 121
2.793042315850718 -0.2804964146997696 -1.1823958444339335 193 208 156
2.890386025148266 -2.887708180337429 0.4396303186076289 149 167 130
2.9448095706924127 -5.2742880463779445 1.7636052410016871 40 75 33
2.9500780358582723 -0.7537458422995914 -0.9046953956538208 141 173 113
3.003311813378437 -5.214231630874553 1.72025646584812 56 96 34
3.0265804539749905 -5.23386568765279 1.5492391204297382 132 154 94
3.0094420915326596 -1.3556409503302504 -1.512148894511037 55 89 29
3.079462533310748 -5.257270464640062 1.5853156385698086 124 151 92
3.0917637457296836 -3.573622013583336 1.3482687468626362 150 182 117
3.139869444847054 -1.4200455788095763 -1.2524535215859076 56 86 29
3.1415369107430915 -4.869976264122387 1.3815761120111607 52 81 23
3.149394932882845 -1.6810280435142746 -1.1683119824950534 146 172 101
3.1936672580973995 -5.335805693383556 1.648694973971729 103 131 87
3.234157364107324 -0.9591032431013925 -1.589094254851917 93 129 58
3.2501171372182487 -0.8107450615963865 -1.106290168345677 140 170 80
3.2844029415600287 -2.4873705349308093 -0.9870232024464608 61 94 29
3.3006402648247315 -1.51236950731887 -1.6755181252438331 96 125 71
3.22593478337252 -6.246073712983798 3.3707799576996393 208 208 210
3.22593478337252 -6.246073712983798 3.3707799576996393 208 208 210
3.2298626396552703 -6.26609613607657 3.3727018511900417 177 177 179
3.2760267492404145 -2.8192177978670356 0.42648759413896115 144 172 102
3.4303965801713 -3.546846681186066 1.4723001612788376 98 132 29
3.489761816095566 -3.5517212334005617 1.4934691187553675 164 194 103
3.5716986091062872 -2.7032173353256312 -0.05678150210391855 144 160 126
3.6103541545868727 -3.4462750101758894 1.6916478156562444 172 186 158
3.6963016215019024 -4.458287467438187 1.4889689650276319 78 105 63
2.929812201795756 -1.3611990385295871 11.994747539499825 178 181 179
3.816418321850221 -4.035809613444958 1.530931179409126 47 84 36
3.8566566942549074 -4.6510261239051855 1.4505819421963393 67 107 42
3.8330021579366433 -3.6469350089592822 1.5664257246838371 37 72 14
3.729121381168874 -6.368206827977536 3.7714449816718365 194 192 194
3.7281382932750438 -6.358430992596463 3.7886624134294102 194 192 194
3.904058285551838 -3.6799391234818843 1.3708789550768723 64 98 50
3.894965321246866 -3.6689636689199623 1.572151026646843 39 75 22
3.8184995876592165 -6.3163350011162 3.5529866955132383 202 202 202
3.8539849300177647 -6.267755099789824 3.529966345893032 192 192 192
3.8738869465916324 -6.29090200169268 3.5863281001429863 187 187 187
3.8858751966611886 -6.293767787592929 3.5225351936956684 189 189 189
3.8858751966611886 -6.293767787592929 3.5225351936956684 189 189 189
3.9174102499497683 -6.290998637789441 3.5417911296127897 194 194 194
3.9112575112768084 -6.303719719788716 3.6409980296947575 242 242 242
4.083520406607504 -5.316710725363626 1.5439084865248855 81 114 77
3.973757736407476 -6.3080462185511585 3.638617366629229 187 184 182
4.035930905981615 -6.305007006516023 3.5568116214454757 202 200 199
4.101896380802524 -6.650293849677026 3.4231170750663598 215 207 196
-5.466153201372831 -5.435499560086145 -0.047763471792711516 179 179 182
-5.502411172432287 -5.332527809950907 -0.3086244097396151 236 236 238
-5.697367802894996 -5.231789740289019 -0.776912637735875 165 165 167
-3.8223837187336147 -5.9718465588442795 1.964070115998428 198 198 200
-4.2188019218608765 -5.7432823088547496 1.2532202993387402 192 192 194
-4.204340227097327 -5.268984011283786 0.8155958871670914 72 100 45
-4.2128153648922515 -5.061687313896636 0.484499868993558 80 103 61
-3.5708385886222396 -5.815723078204147 1.5211589242570986 193 197 193
-2.5216250600176777 -6.349791112499793 3.3091036958617193 171 171 171
-2.3922046431435002 -6.4100051240868074 3.448888932480194 175 175 175
-3.293896203889924 -5.550601878811278 1.669409125702384 117 137 107
-2.1287388385737516 -6.412164060489943 3.602054034334206 233 233 233
-2.0992354939169635 -6.44397964791686 3.6110786182862453 237 237 237
-3.5038879646884835 -5.337665212581638 1.0469310362428552 147 172 67
-2.1160763921460504 -6.399880371127542 3.5573318869700445 229 229 232
-2.0179041019099775 -6.422943910992547 3.5121163044626407 238 238 240
-1.8946289247788952 -6.387562311738645 3.640402360239919 236 236 238
-2.9013952588926246 -5.300195434353359 1.719557500901177 44 68 40
-1.6705130968386925 -6.4943804479363365 3.930987147819252 237 237 237
-1.6059242943073846 -6.51868606060443 3.9546881187279492 236 236 235
-1.6436600084673239 -6.480680815952418 3.8212072998452604 240 240 242
-1.6436600084673239 -6.480680815952418 3.8212072998452604 240 240 242
-1.555354661773557 -6.521971381952523 3.9616198264058053 174 174 173
-2.666260307342277 -5.5615621839967515 1.7765539420958074 51 76 45
-2.9505640557114035 -3.5739711926555504 1.139534366058596 102 130 34
-1.4441131034154404 -6.511495036639237 3.9844597485033195 177 177 177
-1.4441131034154404 -6.511495036639237 3.9844597485033195 177 177 177
-1.2574945836467477 -6.544166089965142 4.093943125617993 178 178 179
-2.5973600011910247 -4.770021178238002 1.0648168220100598 127 148 77
-2.6391154386317672 -4.700055930700174 0.9771325375056598 55 83 18
-2.6532072212027513 -4.66861433111599 0.9431340001673144 105 135 86
-1.0039211661441914 -6.566111024482288 4.230770080704785 174 174 174
-2.5237095688788918 -5.051450270762766 1.0066370781378118 66 101 34
-0.8773377779238001 -6.635306641100916 4.34032901255001 173 173 171
-2.4438849761953843 -4.747773815881997 1.0197172391371636 47 80 24
-2.332954481013741 -5.125573729487706 1.0044625043397555 54 88 37
-0.6189366922749083 -6.667071839840334 4.566248101286529 232 232 232
-0.6315174254744879 -6.680411674788882 4.541754095785261 232 232 232
-1.9755282732271155 -5.50307987918119 1.6094060375852806 59 95 46
-2.8062067590758417 -2.5105447547799016 -0.9412320101328608 27 55 13
-1.418204179031223 -5.874918392272012 1.9111528359551164 202 202 204
-1.9089970330481614 0.35686603261433836 0.9531621411975812 139 113 99
-1.532354844337032 -5.279049479846559 1.5609250127351002 76 114 56
-0.14414087182056107 -6.732139612207383 4.781899006609537 230 230 230
-1.8542336293721884 -4.582064497662786 0.7989030808293421 59 93 38
-1.830003098656161 -3.2599157617519157 0.771183688852171 60 103 15
-2.0363330173560876 -2.8555151229625717 0.15087803601193192 138 170 95
-1.4169462170698366 -5.174731565972537 1.512160735418672 98 136 74
-2.3455104289132076 -1.614055462613929 -0.6459153802123696 38 72 15
-2.367255648548016 -1.7195828961583988 -0.7133242578825955 70 101 51
-2.6122762964679747 -3.459524327150184 -1.4098609720911979 180 198 143
-0.019807040237757898 -7.17157088123026 4.73379721401579 192 186 173
-1.6218650769737102 -4.722222381208175 0.9210904180673696 55 92 25
-1.6946825609670486 0.7558389366687592 0.9043118803434769 120 73 61
-2.036182407588619 -0.7072983233459004 -0.02188650673520249 169 169 147
-1.9427149398251524 -2.8790200286307877 0.11549466966305029 127 158 90
-1.9096765002218414 -2.804701090628159 0.17817596116268733 53 92 0
-2.033779843299966 -0.789005330431363 -0.05154276203987738 108 113 71
0.06702441610681946 -6.74767225565875 4.855175948870076 214 214 213
0.06702441610681946 -6.74767225565875 4.855175948870076 214 214 213
-1.4880130899371065 -4.9114518743441815 1.037337208234505 154 185 108
0.05023036815348372 -6.732666395694498 4.75100279900636 232 232 232
-1.380002927046512 -4.9382894763445035 1.2424031901184796 33 61 18
0.06673969093155786 -6.702403672679535 4.708869629029017 175 175 175
0.061758757712053566 -6.705026804304997 4.700817841365188 175 175 175
-1.60974074947965 -0.21206350965497875 0.7496619554098383 208 183 176
-1.5225422993127566 -4.126906561275368 0.72940785174241 146 167 108
-1.4789327985290524 1.112672428059222 0.9938730050595356 209 191 169
-1.4495242658536147 -0.23317059804089788 0.9874899285893706 198 187 172
-1.5051852394996947 -0.23782575446920237 0.8360685379289461 198 187 172
0.22902821017973832 -6.72050656724484 4.830902093444129 179 179 179
0.22094029851237704 -6.72692501957166 4.815323524206466 179 179 179
-2.051056696758445 -1.352450331581176 -0.8510435897537896 87 118 55
-1.418301247087346 0.6821901177775915 0.8343324361868454 210 204 187
-2.254963029035153 1.5243345342455135 -1.338000962123463 125 138 82
-1.1696040666799934 -4.893193628607204 0.8510206051943232 50 74 35
-1.956572783586163 -1.595373114235875 -1.0808432781616142 41 70 17
-0.9341500135441922 -5.885551798532478 1.348206855088543 228 230 231
-1.1290059200470857 0.6269415346527717 1.0810042116795722 168 109 99
-1.730253166207139 -1.426512505737004 -0.7681766839742313 90 122 38
-1.6774500243180663 -1.4210779306519663 -0.7766733335680754 35 65 3
-1.6673806455586986 -1.4214040044070062 -0.749292280066148 35 65 3
-1.6673806455586986 -1.4214040044070062 -0.749292280066148 35 65 3
-1.68143021244982 -1.4775475236852758 -0.8013424943304315 95 124 77
0.09694277426866157 -6.4038245518722565 3.767896422272721 197 199 198
0.08766272616686681 -6.41405582227575 3.7478684458075677 197 199 198
-1.6963064501888425 -2.356904401709751 -1.0186341286334328 118 147 70
0.20479637326068 -6.461575768413847 3.8982944935012953 196 196 198
-1.7966346922674612 2.259546117456215 -1.2183411824085848 93 123 75
-1.5956459534743999 0.9293024924973282 -0.7923044898513111 53 80 12
-1.5956459534743999 0.9293024924973282 -0.7923044898513111 53 80 12
-0.982374580793007 -4.16671567315847 0.5306692820813937 139 160 102
-1.43350325598884 -0.2836581577583907 -0.5945354162765466 144 173 117
-0.9293136093155328 -4.13519056135837 0.5443741055396336 63 89 31
-1.5181666950520012 0.7302071985135768 -0.8546431976513089 106 130 76
-0.2666789941750871 -5.997583540001665 2.299809822173208 167 167 169
-0.2666789941750871 -5.997583540001665 2.299809822173208 167 167 169
-0.3785090066226524 -5.876895926228093 1.9196292737325276 183 186 185
-1.4348462441608554 -1.2735942199927515 -0.8670584910364991 59 91 27
-1.3546273251487098 -0.5154242048055421 -0.648521390660116 127 150 69
-0.8519182653908822 -4.111555855438168 0.5125219986658108 139 169 109
0.20334403158299788 -6.311299984308526 3.4215882737926875 192 195 196
-0.5902355413245174 -4.4717603688743095 1.2256911409855016 128 150 100
-1.416136877812553 2.040438339163117 -0.844026544842999 100 130 39
-0.8379481644578363 -4.171494882682775 0.4288276556222908 145 165 102
-1.3626436258855896 2.3607056141858944 -0.947704194905584 73 108 53
-0.5596570993718168 -4.103109247955539 0.9405958307859033 157 180 110
-0.5596570993718168 -4.103109247955539 0.9405958307859033 157 180 110
-1.1745935144607038 1.2965113243349595 -0.5994122043698629 66 94 52
-1.2352174817871873 1.7990539175049731 -0.7709735549388157 51 81 29
0.25541680105569725 -6.2314494503498015 3.1256111832516162 191 191 194
-0.9548430483136573 -2.0243131902300475 -0.45853413016437156 38 61 4
0.662045637648572 -6.52510163159154 4.145012864784181 198 198 198
-1.025031081818109 4.665140420612199 -0.300797802110975 227 225 224
-0.8214881402247499 -1.9886368081895114 -0.296077855191577 179 183 146
-0.9088897076214686 -1.8133816170097243 -0.5890698180186511 85 106 30
-0.6989427613181108 4.951264012360361 0.3682652572110899 30 28 29
-0.7525698148304092 5.504171084090917 0.1723047736591781 31 27 19
-0.6529446047466017 5.1880666138155656 0.4432265025095516 200 198 191
-0.7292955725931813 4.853221206808292 0.16860090283054613 12 10 8
-0.6464572405151698 5.090850541747659 0.3660298460830297 14 12 16
-0.702980325655351 5.480270077471179 0.21132076875952527 159 154 148
-0.8079317101799633 -1.7865680986517394 -0.6698437858529704 225 224 211
-0.5835463432756629 5.091880957758049 0.4612032681648261 26 24 30
-0.6361556154588578 5.428581286451291 0.2881553435389823 37 34 30
-0.562972949613152 5.110085592750863 0.49836841605690946 18 15 19
-0.5388427759463715 5.056779296865072 0.47291957664319323 11 9 11
-0.5208435742022471 5.27833382061642 0.4868711532402008 29 27 24
-0.7441978640278589 1.5077970093541158 -0.5422672329988422 215 233 154
-0.050877008426754 -5.149712425605401 1.1768734589257581 40 77 23
-0.6619113634345136 -1.7572205556588443 -0.7921965655065597 96 117 32
-0.6099314394743924 0.12200567419359468 -0.518053711150215 124 160 69
-0.37414394088043357 5.241529645193632 0.6045808596978551 142 141 133
0.17557581380716167 -5.738950919808 1.5236870933219584 231 234 235
-0.3869891414140233 5.0602892421322005 0.5288919943631544 14 10 16
0.20598067952948185 -5.758802756972817 1.6089305242205338 232 235 236
-0.38657564683242807 -1.8365032699837365 -0.08122079131289082 148 82 65
-0.3446785223863324 5.179215207712829 0.6195535887935342 18 15 16
-0.5824738965486811 0.30268016767285544 -0.5698346365281624 44 75 26
-0.6425211242320304 -1.2486861300735954 -0.922106996446171 24 48 11
0.19703009541437086 -5.760253148706175 1.5098862559375665 166 169 170
-0.7056063154394273 2.658160192957201 -0.8712195025890275 189 189 158
-0.5585274991994589 -1.8060931935102944 -0.7437157313982836 215 215 192
1.1826787555410967 -6.665900209762303 4.673336230325046 197 197 197
-0.12086271041635725 -3.829322957711723 0.4845902844168209 156 181 70
-0.5808355153303492 0.9988107154938343 -0.6919839675934861 97 108 35
-0.324870221252614 -1.836908319851674 -0.07469046974210826 234 227 216
0.4493878154072724 -5.952906345355645 2.2080248213443476 154 156 157
-0.4607329292076662 0.36937554512346765 -0.3919623842954035 55 95 22
-0.28190107688247495 4.853765843943845 0.5311613817541597 48 44 34
-0.28144568203808934 5.418974153060339 0.5781850436691444 22 22 20
-0.4825256248741223 -1.8099124496393175 -0.7790585180498715 166 152 134
0.5539688967151337 -5.998369538710893 2.403116325202636 188 188 190
-0.2311891379446494 4.879679138895966 0.6281187716243245 66 64 60
0.4141358421860768 -5.880382351559292 1.9097112840211496 235 237 238
-0.4181295325598438 -0.02492308089140409 -0.5243305617601778 54 89 15
-0.20622162329677043 4.933187278590009 0.616822107571288 12 10 11
-0.6345608898887284 2.8998247993749136 -1.082460235637775 163 167 110
-0.476084783233993 6.273922714612507 -0.2559160321751026 36 31 21
-0.27815819721985396 4.153303911460434 0.21992129172466943 244 242 237
-0.3307111556959765 -1.8162166059598839 -0.45753815255731106 217 215 198
-0.24453115083635835 5.505989657073222 0.47842658026017015 156 154 149
-0.41094729550931713 -0.9105578470205332 -0.739506098712045 31 56 19
0.7003555847993773 -6.077345428163097 2.689429935403206 234 234 236
-0.21742958648652105 5.5914102577617495 0.489985192407253 48 41 42
-0.4396757283401239 6.239220012424894 -0.23785123148480272 34 31 31
-0.40932796117535086 6.133577843321661 -0.16461569363355882 138 136 129
0.17320415808794243 -5.143107232996411 0.8750207362331576 35 65 18
-0.17658837812120276 -1.8872996065726566 -0.06308872117591198 250 234 228
-0.160626618390441 4.876853632250839 0.5509262508826109 102 98 90
-0.3794984942172477 6.304018683604897 -0.12164285065207721 230 228 224
0.7697063888749068 -6.1301497725444065 2.8134682865183076 161 161 163
0.7697063888749068 -6.1301497725444065 2.8134682865183076 161 161 163
0.010751610411765956 -3.592229384146721 0.33296774393050316 136 160 94
0.8582954046123791 -6.1930718057328304 3.0724534717918495 162 162 164
0.8603206746178075 -6.189129948372584 3.0765468651235937 162 162 164
-0.261166084931287 -0.24688828616999717 -0.39168743143629187 97 132 38
-0.2509917896086355 0.06596270631663116 -0.39304056826592676 129 162 94
-0.10130868235095201 5.149536578920577 0.5968850008423447 10 11 16
-0.07594270371285403 5.1679184788169055 0.6567188781298117 10 8 9
-0.08184601243685864 4.395481861409038 0.5468313828835863 37 34 31
-0.08184601243685864 4.395481861409038 0.5468313828835863 37 34 31
-0.22103473412058153 0.11431356449753409 -0.3744112824027477 111 145 79
-0.21206767528984716 0.20516816754089587 -0.34471848745029676 61 104 18
1.1847333112854201 -6.473330105624741 4.0479331943407875 172 173 173
-0.11622870909469568 3.9508943510127703 0.28073053623507543 195 194 184
-0.29024197973991206 0.6094096047647921 -0.731216374366307 163 165 110
-0.24365476073982828 6.270805250267741 -0.06816850515422733 25 23 24
-0.024875338553172213 4.170871319164357 0.5029758492747767 161 153 122
0.19504608704112536 -3.9458115316680398 0.532907584318748 210 227 183
0.3889153261761972 -4.58163036823587 1.1644855415594313 60 99 44
0.45679956928861 -5.6680204132262695 1.3002410071329495 229 231 232
-0.22382047185650372 -1.8715462719293818 -0.8937648268123921 209 211 175
-0.005700515643044521 -3.002420404630504 -0.22220062402522064 63 98 35
-0.16905507683632012 6.134220980048657 0.04658584368566113 170 168 161
0.05055784558333671 5.283698950392074 0.7754759679692941 30 30 33
0.010186303840184163 -2.9850947891794926 -0.17273715910650256 63 100 46
-0.18115706748751156 -1.8051130459716893 -0.8251935492963904 121 141 57
0.055016738957262175 5.017224501776951 0.7016565357572927 20 22 27
-0.1086187905040416 0.23225868412765835 -0.3884533529130427 68 104 51
0.021872211299649356 -2.215042076961593 -0.14160040303348773 132 130 90
0.5348618658457411 -5.709542858354539 1.3836755013919033 232 235 236
-0.09934084115947418 0.14458701592523476 -0.41246400361114766 39 77 24
0.10446533714177897 5.109784217626645 0.7622084680899341 107 104 89
0.03919576524461604 -2.962294668719162 -0.2815278203173754 58 92 36
0.3443903369817175 -5.468795607352372 0.5850136112360759 146 150 149
-0.13346517218451606 -1.437446262409631 -0.809004078618864 141 161 52
-0.06939409576736735 6.246747437447592 0.0775320184403254 105 95 80
0.13804419628508874 4.969780976674576 0.7112513950789758 24 20 10
-0.007607308695861238 0.23687349152382095 -0.37922166967058796 59 98 37
0.15087929145115078 5.427078129691922 0.7375542082524691 204 197 159
0.49201921277015276 -4.409037148706142 0.9791163318265871 53 92 38
0.17379270420519438 5.389116050010097 0.7417475007805887 60 55 28
0.17201238198972643 5.391809933504172 0.7356085674724818 60 55 28
0.41287682187894276 -5.509424614309895 0.5418613873972891 146 151 150
0.1522880107035015 4.399521781596417 0.5325924824567607 232 206 132
-0.2720919294652605 2.87674882126873 -1.2730164999258589 123 114 82
0.19470894157044077 5.27933965606323 0.7449175275765468 50 48 43
0.1605087441336776 4.365614261815052 0.5116976564064903 180 114 106
-0.08818728606798537 -1.5151723532726091 -1.035663354757852 52 69 12
0.19528057736248788 5.002906548968766 0.7081217140408734 212 209 173
0.15243595279313518 5.600712493389639 0.5814552725858524 32 30 29
0.1871924464637528 4.31219903391 0.546393005081235 220 200 196
0.1536134567548211 5.7029622331045315 0.5355773800379102 129 124 121
0.3080927005203031 -3.277784639958324 0.1803941459159534 143 171 100
0.4150338178396668 4.852559474262275 1.411634475301867 35 33 32
0.23230420317878955 5.108930279787164 0.7228390409158847 35 33 32
0.176706590738216 5.639207387026 0.5288486028855796 129 124 118
0.7387935088311144 -5.7155623948490755 1.475148203448238 230 232 232
0.2753985877751403 4.936286236367095 0.758769240384972 126 124 119
0.2232024884141813 5.517142522268302 0.5904693696842365 27 25 20
0.18391852410959048 3.214051646175107 0.18107943262700338 239 179 161
0.006436100392367132 -1.7867953752984609 -1.0340519147211005 53 87 31
0.2188171469286383 4.915308768283225 0.47297873931324547 100 96 88
0.24069348685925845 3.3048450601550394 0.3299124537556391 170 107 88
0.11117729268974408 5.998414170973187 0.12427086055914906 11 6 1
0.5540278285118128 -4.155446978910106 0.7416696094424842 66 107 45
0.26268188123215686 4.856936493654605 0.5491321726815359 77 74 66
0.041684628359919956 -1.197216714927753 -0.9809643578300914 50 79 4
0.11673207780627316 0.45600386055927766 -0.49809804230410404 143 172 64
0.2951126972045122 4.865079117271178 0.6447362750643739 34 32 24
0.31604804446941626 5.138642382567631 0.7630977135369795 213 203 164
0.7524678266928062 -5.653354442910044 1.2185456477758645 193 195 196
0.5754465402860488 -4.049371443471785 0.6621748261544336 56 95 40
0.36929045012170203 -2.7336629631453846 -0.013693315616071726 60 76 34
0.31174905031337874 3.258651365452583 0.34549172266161365 159 77 57
0.20356377319899743 5.9340395950546805 0.20017299864029592 227 222 179
0.6603497247122035 -4.530873405723099 0.7804591966108962 54 87 12
0.4377417555924799 -2.914802816543001 0.09853460530864581 87 129 62
0.3653064498342544 5.367335058100302 0.6505876220102256 16 13 9
0.21523791607346757 6.013298321654111 0.11487755342426179 115 115 115
0.24361682041694488 -0.04654577297267276 -0.4676700579313717 48 89 23
0.40909894593116 3.1084850960407366 0.5443738231321278 172 116 94
0.35099461374981605 3.161379182558432 0.3356497599848845 172 116 94
0.636189942319474 -3.7313661049179996 0.6144919068757418 62 97 44
1.109445467788815 -5.978212130982374 2.2679112169396833 189 191 193
0.30342340593977435 5.8153596948483495 0.3092695386554127 138 134 131
0.4510654116081655 4.951194623575003 0.7087341166664342 187 185 184
0.2944479731493824 0.07364562040677256 -0.48433350475373005 57 99 31
0.4470781389321992 5.136377717136032 0.7177217107049022 14 14 17
0.414185512923882 4.214641819874457 0.4340164337969701 179 170 138
0.25777933200714004 -0.176018995745872 -0.7208668774349841 80 111 29
0.466167104259904 4.931606849663354 0.6888135450102962 25 22 23
0.7753171315513825 -4.813850937321796 0.8043944605150565 83 111 44
0.4016237990773322 3.230526302028415 0.18229045273437228 217 207 196
0.3383405084945525 6.010335710435231 0.25089064444809867 165 162 148
0.40916330804630247 3.9920995207820495 0.2833141181481819 52 46 33
0.3209387881112306 -0.03326533915476875 -0.6690306192005013 63 100 17
1.1351458935149894 -5.864059300173936 2.0098192742565555 198 198 200
1.7840237737012041 -6.673121538177987 4.634123929016045 232 232 232
0.4640552792353306 5.528661434214375 0.5270959508885928 16 13 21
0.5064635979130159 5.3647402887463995 0.6817743681576114 35 30 18
0.5384353103048739 5.186986301181994 0.7527884758170419 51 45 26
0.3564656853778653 0.3551400292003021 -0.5950913615551535 158 186 117
0.7618008774988195 -3.297309320202246 0.6173411616567432 74 110 58
0.8038615578362353 -4.483115965915115 0.6273307626308133 23 46 5
0.7921342846350372 -4.498556734594218 0.5912622911424393 23 46 5
0.7921342846350372 -4.498556734594218 0.5912622911424393 23 46 5
0.4098656651155378 0.19921954159993968 -0.4591309061294892 75 113 23
0.4647579927763207 5.792087680773436 0.4024706398161386 194 183 142
0.558593452984906 5.198254494454884 0.72569685702077 192 183 152
0.36766968279333284 6.117026446119931 -0.0024446598168102324 127 125 122
0.35496784797121106 6.356389259344809 -0.04967580838725228 31 28 31
0.275110167429956 6.742848612675246 -0.37472547525970795 39 31 22
0.552739735964066 5.41382435703861 0.6414825681050969 156 153 148
1.3006654602994026 -6.004559792292783 2.399482475611041 238 238 239
1.3006654602994026 -6.004559792292783 2.399482475611041 238 238 239
0.3352999897445986 6.608571850703567 -0.19927673864294865 184 178 154
0.2597640982562789 6.836450139085145 -0.5003654057217639 177 170 158
0.8440704510163255 -3.600408638105403 0.6903928540906126 104 148 37
0.8440704510163255 -3.600408638105403 0.6903928540906126 104 148 37
0.3604785891678409 6.48554972057677 -0.1518237288429586 40 35 15
0.38844069102610046 6.4084820107489415 -0.04823968742490885 182 180 178
0.3953964962072068 6.301010775056836 -0.035396468716054744 189 186 174
0.9588090547769058 -4.990790631156927 0.9785924526761574 76 116 40
0.5480356305876549 5.60005996799623 0.5206722742201201 172 167 146
0.8461234153797768 -3.484934334502899 0.6101106487774529 115 160 68
0.8897659565808705 -4.70528369014354 0.620216885258606 126 141 98
1.3706880425531085 -6.019727233130241 2.51278701623145 239 239 241
0.9441709036681137 -4.888500545921819 0.8069150165733557 68 98 51
0.4037981877898979 6.478594374027317 -0.11492629168086535 179 171 151
0.6367815298580481 5.109152249220665 0.7234157487480978 30 23 10
1.868348517169626 -6.638757148081347 4.595921863829734 206 206 206
0.5803850916330248 4.089877960673965 0.3192672131389999 248 245 237
0.6099913405435656 5.541012002061012 0.5999740948061747 154 145 114
0.4458187080070108 6.394843031575269 -0.04143496513339752 54 52 53
0.4458187080070108 6.394843031575269 -0.04143496513339752 54 52 53
0.4701647322165714 6.100385833889128 0.006834338935491267 39 35 34
0.7005965845510038 -2.6934683313323062 -0.16027836762801634 136 164 70
0.6501631328379567 5.378175099107044 0.6547404810109865 42 35 10
0.5286199757459669 6.249392009263453 0.10716660235681286 210 202 156
0.6921535410108752 4.9798127044945195 0.6443892136199486 12 12 12
0.4891886841031475 6.446136601323163 -0.099273451203567 69 62 57
0.5679381995840215 5.881283160256274 0.16209782638422363 159 155 143
0.9544005531545958 -4.3810739643229235 0.48582798150902845 110 137 65
0.7073469651018474 5.393253635235002 0.6550001093892963 194 185 138
0.7103033369381024 5.0442093861124855 0.6057011036422323 171 163 130
0.7077824084963338 5.269104587533546 0.5947643685149809 62 56 47
0.561110402214302 6.221942065353554 -0.004454755700453262 152 144 134
0.694265544515507 4.594234045671505 0.36739162141630094 224 222 213
0.6597627741789712 5.738123859156225 0.3422745245761512 39 34 20
0.7471961509063793 5.210627884174321 0.6465253071452659 193 184 150
0.517536668677119 6.50614836479897 -0.22193064246443933 52 47 46
0.640300448883441 -1.0887173672424721 -0.7644636199946002 110 147 20
0.5599468862351717 6.399487316039299 -0.2148628568653143 16 12 13
0.5599468862351717 6.399487316039299 -0.2148628568653143 16 12 13
0.6064992443098431 6.224358834809427 -0.04449666664308927 107 105 101
0.5702369027160858 6.476684505993902 -0.1838580949536117 149 144 142
0.656183160854344 -1.0088652342166513 -0.8604946756214322 210 240 155
0.7726587932546248 5.405678767703702 0.5554056099722589 159 157 151
0.7726587932546248 5.405678767703702 0.5554056099722589 159 157 151
1.2443734100628896 -5.151255765808768 1.2300700453537028 124 157 49
1.2753036634104427 -5.103026126004494 1.3613289159819821 124 157 49
0.7264760135899899 5.768234087507747 0.31375484834962897 185 173 144
0.6150659930856281 6.168050433005947 -0.16720675498837442 45 41 42
0.5116080942939761 6.802686777486752 -0.5893780566477833 230 228 224
0.8301065819265965 5.118858028300409 0.6279321648740193 44 32 6
0.573861738046463 2.832595330938382 -0.8984460716753718 225 218 197
0.8312737398099397 5.196419268656251 0.6212630991921061 189 179 117
0.8113908617575233 5.306911098525471 0.47674511542869463 29 21 10
0.8033747383480595 5.554303164473843 0.40038326828081416 31 27 23
0.8363000479893454 5.320818006495945 0.48450250461845046 139 126 98
0.8636092875542231 4.983688168288846 0.5491576915074997 220 208 150
0.8665380676614614 4.97958177227992 0.5610090218004725 220 208 150
0.6707368198867475 6.420569959095175 -0.16313088642085818 37 33 33
0.7870465712984379 4.781134584007898 0.0856535966572593 234 229 216
0.8416465523503787 5.614027437944267 0.46064083772857267 55 46 19
0.8389402226164145 5.658483645586966 0.3687787484799452 113 106 80
0.8910992828087626 5.119266069558473 0.5359873109964096 23 19 16
0.9725498895002403 -2.4268557222723697 -0.32304040083712887 107 137 50
0.9157383027055649 5.357250458640723 0.5478429616944851 45 32 3
0.8269663313931664 0.36321210709495494 -0.6594433314130985 167 192 101
0.7618912549672318 6.349117046453466 -0.0986754657425165 156 153 138
0.912479833815495 4.867752605514278 0.39657488934051227 97 93 85
0.7112563682436446 2.8032809707537716 -0.9161513728916896 202 197 174
0.9931256690118577 -2.374120583568079 -0.3105762919104476 187 195 133
2.105268138400684 -6.585357311702158 4.4536245584819145 185 185 185
2.104569339186267 -6.586018259794443 4.451275226830598 185 185 185
0.7003448436165589 6.604205637136301 -0.4651061921541143 71 67 61
0.9653949894867753 5.188447992766437 0.4997376996947626 82 74 32
0.9623624557694331 5.361244536171961 0.4585731668792726 48 42 37
1.4339988709061406 -5.348271677755513 1.1691629357471625 89 117 74
1.0561311577353694 -2.4578848622480485 -0.33589442697739924 206 212 169
0.9093436458478704 5.706962695203947 0.1842536000166215 29 24 21
1.0347777468664956 5.081004269287172 0.64421892064433 215 205 150
0.9964164039552366 5.197931851581324 0.46437248650606644 201 190 114
0.9783458550976096 -1.6216608931193648 -0.7096872243481133 156 173 100
0.8385600331825779 6.296716185091482 -0.21217847706093243 174 168 149
0.8309062433283665 6.268354841029739 -0.2737609836089189 20 17 12
1.3819392938370059 -4.702000674713594 0.7395050961494568 54 87 15
0.8033191757118923 6.490236851482889 -0.4396946446812992 46 42 38
1.0021680043904786 5.36194591952249 0.3625370516767619 103 105 105
1.0220978669338592 5.085858372964166 0.4238430863876345 162 150 124
0.8597345570621446 6.21428634115106 -0.2291667141260533 22 18 18
1.044106473327689 5.181765122617694 0.4915765095838488 194 181 142
0.9711029911967731 -1.2897520225761951 -0.9228527749259244 153 189 100
0.8294247405540885 3.065888982893223 -1.0040085691624188 146 140 96
0.8079312799378491 2.7072504589306168 -1.1867478302476977 179 182 158
1.0513436454274883 5.119161969744098 0.422063096104309 41 35 20
0.8854481424692409 6.234535900483975 -0.2905877819295796 61 54 56
0.8837035522204839 6.330746091634549 -0.32616970617049695 180 172 151
1.0700902125113294 4.954064701227393 0.378767143629483 38 23 0
1.0268196293685745 5.66226519296374 0.2541812579467869 233 225 181
1.5970806889072555 -5.057740819921411 1.4106518198191522 48 82 27
1.0822877657000582 5.33386270843916 0.38391082340158106 152 142 123
1.071468826208071 4.833641761810629 0.22573890989883913 26 21 17
1.3524746751000265 -3.446924962180783 0.3188896679889206 136 153 81
1.4434979652514317 -4.123841668480717 0.6695913224011182 108 140 76
1.1946366722477628 -2.356927817417985 -0.3808784681929833 147 160 70
1.0645075790954448 5.415274347129566 0.2193461872946508 45 36 5
1.070499333255928 -1.446314549115938 -0.93275120329816 25 50 18
1.091979802778796 5.600232810989596 0.2745546093569913 67 54 14
1.087948013580003 4.729372936862491 0.09985916679872614 35 30 28
0.9179354740878084 3.058618808304976 -1.1530803149050475 87 88 35
1.440451592517994 -3.884883700291099 0.4494652003461586 121 151 61
1.1394870207452472 5.390459586165768 0.38567574334860466 167 159 123
1.0859083681601132 -0.3283696755447259 -0.8623483071832732 55 94 17
0.9942311021712062 6.0273310707693275 -0.27961290057784294 18 10 2
1.021822273278373 5.9278362116670245 -0.16950875670622018 127 121 116
1.1382195488771263 5.0259288753693765 0.268333040189815 32 26 25
0.9517090404794025 3.427752545575522 -1.0203741689002739 92 88 58
1.0185433716591898 6.051325434544262 -0.26601764740480166 179 168 140
1.1330347079417427 5.588789510441456 0.2691848209484508 131 124 102
1.1360701815693424 4.722305983492041 0.0907324187246662 24 21 19
0.902935691808408 3.355803833551066 -1.4305148647983605 96 98 66
1.108733383110275 4.426244985733566 -0.1454721626993295 204 197 177
1.1469543668034108 5.002967063241891 0.1425947609773923 78 76 72
1.162291891257266 4.81868208267385 0.19547035133929974 22 17 0
1.0084249109564607 6.390826969783981 -0.5616124547103405 85 78 74
1.5387042263933073 -3.6871085442999374 0.5581506586755077 63 98 36
1.040718248102393 2.9441206819777657 -1.0254514784121946 122 129 71
1.2141450084414038 4.806269887542498 0.2517686707630544 186 177 140
1.209699421062823 4.8962493110812115 0.17705214230997648 199 187 147
1.1888943667086322 -1.2690217604531566 -1.0757320160174406 19 41 14
1.286453441616967 -1.5458812653155418 -0.578015633806639 72 121 27
2.3375624300230804 -6.592539446705839 4.303486020994516 193 193 193
1.1844059132502327 1.764793306570844 -0.5752634238408488 150 176 64
1.1785706122942596 5.724350161739309 0.08378731847235578 215 206 148
1.042662568986503 6.307027187792867 -0.5689646832145266 89 78 59
1.2104163611182455 -0.30587406416604235 -0.8282209449040838 125 159 49
1.3792955444796289 -1.8886005008900093 -0.20008973197460614 238 244 215
1.180034911322342 5.713673776112801 0.027456827010604177 171 158 110
1.2429640997224047 4.845196739221365 0.1811985461274273 214 204 172
1.667622977526953 -4.148558980474338 0.8831013341959068 81 118 51
1.5799815069172702 -3.492259913315311 0.5074078718162099 153 171 79
1.0808365203776018 6.099280320758337 -0.5546883352701165 58 46 28
1.2355820099839256 4.761458204223113 0.04762363603771932 20 15 15
1.1936125137667444 5.688580140597769 -0.003604505005101186 40 32 22
1.2667377726419085 5.004271544355864 0.12929537563481194 150 136 98
1.267303671042915 5.003447834120079 0.1312468989493814 150 136 98
1.2539864125257127 4.862345984653686 0.012957581068062283 6 4 6
1.2522552264577385 5.4215024387706485 0.1001584783619801 24 20 12
1.2232085761890528 5.673342630356466 -0.11240786385769423 34 28 12
1.2758312995608754 5.523229735798984 0.10688617433212307 206 192 134
2.0157737184472557 -5.911269225629556 2.15615799508706 189 190 192
1.2517053457432714 4.415998413954983 -0.34234917834991396 86 84 79
1.4754651910434455 -1.6227693142323445 -0.21899625299391662 97 142 43
1.2047031147296476 3.4717456752703053 -0.9802864584543604 225 222 206
1.3346897704486032 4.697576277161824 -0.0029972987441971256 23 17 15
1.3176607083652296 4.86348887426665 -0.07246211085052277 62 57 47
1.3362173911955824 0.6407875050781353 -0.788942242442449 84 113 27
1.2511103812513913 2.7317898319040372 -0.9570127528940761 62 96 24
1.3177477697422002 4.58539019419608 -0.21902183101164766 133 126 103
1.2580228495273909 4.419198775629455 -0.6243379355311373 169 159 130
1.941109041209854 -5.180408063042773 1.5325622674362216 40 79 28
1.941109041209854 -5.180408063042773 1.5325622674362216 40 79 28
1.527843141884673 -1.7574214724279817 -0.2316690333259129 95 134 54
1.3461490560113412 5.346597345442532 0.07534377691250917 16 14 9
1.3315215607936517 4.726001460829412 -0.1412817703605822 10 6 13
1.2125934703193428 2.989912904528759 -1.1825195689236643 123 137 87
1.240011038578458 4.043945433484843 -0.8756102851625576 146 132 102
1.240011038578458 4.043945433484843 -0.8756102851625576 146 132 102
1.3456222262164175 4.852691761781915 -0.08942424637539134 41 31 8
1.3399654577331357 5.450479482053795 -0.01883324326593537 18 15 7
1.3480128370268525 5.248260116207604 -0.02398144304052091 85 83 83
1.3480128370268525 5.248260116207604 -0.02398144304052091 85 83 83
1.3882149542268878 1.5192595321519693 -0.6108876690405294 60 88 48
1.5651305078154627 -1.805976522940665 -0.21678807103889047 112 151 61
1.5555679409661194 -1.8496615412912112 -0.29037081009971405 130 166 72
1.3522099873970825 5.340162839269518 -0.09483853136107298 11 9 11
1.5598609254540154 -1.7710453892884463 -0.3112556951171344 176 198 142
1.3725421587026003 5.371402420148376 -0.031427653331021835 153 146 125
1.3833043248445553 4.840200239134864 -0.10739689016510623 104 96 73
1.6054623043867957 -1.8598068829854855 -0.19006870658654199 125 155 66
1.5274062102706882 -1.4301561992174778 -0.5749200175343172 105 136 84
1.408153413625961 4.875980078730008 -0.08603365629438943 39 29 2
1.3800465654320575 5.544494929485274 -0.20652880215106484 184 173 135
1.4079417868822974 2.1373752494558964 -0.7496361256801467 54 81 19
1.411858577940567 5.4489168689853855 -0.04501330206248078 227 214 166
1.4064426393011806 5.462199352990764 -0.07339011276565163 227 214 166
2.071038969125715 -5.324629865067627 1.7315638624153318 53 88 44
2.061222223648503 -5.351057569648755 1.6537740357800266 53 88 44
1.4271337795960177 4.747824811925086 -0.2312660851852928 154 148 135
1.2979681978224273 3.001013685417321 -1.4164164105319061 42 61 15
1.3935944738076391 5.597798810098789 -0.3156535711288511 53 44 22
1.3935944738076391 5.597798810098789 -0.3156535711288511 53 44 22
1.4388404730628894 4.778956817546341 -0.25181239278760686 83 77 68
1.4388404730628894 4.778956817546341 -0.25181239278760686 83 77 68
1.4172057846352062 4.670675112221784 -0.43017269192792235 74 72 71
1.4299108304680526 4.8372974592966065 -0.3317864424723873 112 109 102
1.6600753450031758 -1.7306507275214678 -0.2828621780784654 41 77 34
1.5565012231803352 -1.2337985749157165 -0.8327837117309238 143 170 50
1.3641433437705988 4.368553198559455 -0.9073308692113616 245 239 222
1.4459242236539478 4.904645350849884 -0.25721657514558743 30 25 24
1.4422286105869964 4.701645661517908 -0.43649520188285046 19 16 15
1.4699427849232982 5.174063891955987 -0.18592470062201855 18 13 14
1.3306627743862551 3.0960604723677294 -1.5696325712819885 138 144 112
1.4213753988912659 4.551087112468957 -0.6763715408471245 38 35 29
1.4380628079768418 4.5734340494984504 -0.5616342565242947 36 34 31
1.440897537317923 4.568478113678208 -0.5557685437175539 36 34 31
1.733331848161593 -2.4242214135107267 -0.23941875621399134 207 209 182
1.6053035439869465 0.6317337135600948 -0.45278705641640943 129 158 50
1.4563879515537663 4.627541569025529 -0.5469701349748985 29 27 27
2.1540631057442403 -5.374758108438206 1.7195014038502157 46 80 43
1.4995644182276975 5.26542880034367 -0.23183474554888547 26 16 6
1.5797653042729776 -0.4428799948258527 -0.9803003001289426 49 77 12
1.4937330524165966 5.243075049745578 -0.28874575177157163 24 16 7
1.4771208924474801 4.585740261257514 -0.5485884068124462 102 99 96
1.4907840958492267 4.991061034345421 -0.37079562613338646 99 95 89
1.5090001575077483 4.9575461562717695 -0.283063527001331 99 95 89
1.7585616716341919 -2.108189985293015 -0.2577716541991879 191 205 138
1.491938451722666 5.518081728314252 -0.36805230093436175 126 117 100
1.4885599523966715 4.734440321425871 -0.6048880420664194 12 10 11
1.490703058746383 5.476865529217804 -0.4513141038617108 120 114 104
1.4800469257752944 4.424064780559009 -0.8122077779025502 151 137 95
1.4955731587273127 5.578949645241837 -0.45787450512949907 22 11 4
1.8251447355250863 -2.0992956966901275 -0.2617201592443436 137 170 102
1.837562006631676 -2.0537387387590527 -0.24910208348864327 52 93 35
1.5637430626571085 4.886266801123131 -0.48916775142476193 140 132 120
1.7144512456409449 0.5369867743699879 -0.5360902030718926 72 98 4
1.5485675592984678 5.312008550799664 -0.5706327054079987 104 97 92
1.8666735755279285 -2.22121253876434 -0.2897416532524113 205 216 163
1.7291158449752582 1.1342972171342034 -0.4646177850906305 158 181 95
1.4937696362283452 3.0026592541178516 -1.6602966282763578 202 201 188
1.5432208293797485 3.8561964907424575 -1.5051851880173899 212 210 204
1.6355072888944553 5.373266833591956 -0.7050702594289685 98 90 77
1.7979603543835871 1.2921358619514662 -0.6370976996522483 97 126 53
1.8276344815542367 0.8025085892609294 -0.6086446708249886 59 93 6
1.8289177394590745 -0.6426061607137664 -0.9922556615992604 35 61 17
1.8528133526328951 0.0004339836857775773 -0.6735910067848553 75 106 2
2.140846814642121 -3.1170579605704973 0.5636334451720347 40 64 15
1.8423640568672708 0.7369629143127545 -0.6348022716229957 58 92 7
1.8442955556569565 -0.5594748261473036 -0.9900294418946954 26 54 17
1.8111698204065916 1.6626735004999789 -0.7009561044345323 70 110 61
2.162185224793725 -3.186129758401131 0.5894344965042324 53 76 29
2.2653555783942214 -4.219942670063322 0.98388205625527 44 73 20
2.1679866141629045 -2.862579686024014 0.5922048406144937 231 230 220
1.8045859125562604 2.4862939545004488 -0.8039213574529719 120 146 87
1.8942353656558584 -0.3908390161278916 -0.8660653913250207 19 44 10
1.8942353656558584 -0.3908390161278916 -0.8660653913250207 19 44 10
1.8968769995134311 0.37299667686680316 -0.6873199912889625 111 141 75
1.9021936124603316 -0.36251026160590083 -0.9391724923597135 62 90 55
1.8713784809213758 1.6489852530336042 -0.6970031252703044 54 84 41
2.233013889815425 -3.2191778312406316 0.6805939789910608 152 169 115
2.117943821201074 -2.3752525328496303 0.03437638972053939 218 223 196
2.1079855260654963 -2.4525058809837605 -0.08244989316329773 240 241 224
1.9000140179927483 1.773240507255047 -0.6667852294793758 126 158 101
1.9709173497153847 -0.6056836661237284 -0.8505066643516167 39 76 8
1.8664858191800213 2.342739515329897 -0.8750369483296276 89 120 34
1.9657793859050325 0.21561462440856105 -0.7044721863287553 78 101 63
2.2522961557662287 -3.1948498819092728 0.5364400803767199 54 86 19
1.9611552543162982 0.8775414007141038 -0.6120308789315037 34 57 20
1.9940430993936804 0.46414407395271196 -0.6896308946145967 29 54 12
2.5200495819181894 -5.3735073453843425 1.7591756397796499 85 111 76
2.003223264993463 0.6145378729461669 -0.6194942683766551 31 55 14
1.9727082731517824 1.4898413125999774 -0.6454710728195467 71 108 27
1.9911585854655394 1.113935715980869 -0.6610578886935998 29 61 11
2.3244335171310775 -3.1014189270322996 0.6657275377265965 160 181 100
2.3211364393434333 -3.1057426417575504 0.6435802293923876 160 181 100
2.2056464284565735 -2.4260750751499547 -0.10881153164820405 102 129 77
2.025566914619704 0.8640426864565995 -0.6336344799679141 27 56 10
2.085921200873423 -1.005607820928995 -0.7809759258303035 127 164 71
2.2148324175913285 -2.529627977112652 -0.17439035384368304 76 104 51
2.4609328474084537 -4.297957495325528 1.1627218772388317 51 82 26
2.168355706591302 -1.2803164082181142 -0.3558238513340302 229 246 202
2.326362300591402 -2.8106833731682785 0.4148728239241054 62 90 33
2.326362300591402 -2.8106833731682785 0.4148728239241054 62 90 33
2.1849351578098433 -1.2549091712028657 -0.43753919266241065 168 191 101
2.174843984935964 -1.1481095913579098 -0.657349585946349 63 105 35
2.4788456527504077 -3.419488290793811 1.124183549985097 127 156 110
2.123620091187789 0.45564520340069126 -0.6666310142895773 85 119 43
2.1377495304756007 0.19402041710153986 -0.6893222359316563 172 201 124
2.6285155726695733 -4.425995513995456 1.4035675858913812 42 76 23
2.5752168001749576 -3.424198213315424 1.1817404316595597 41 75 19
2.586255204137113 -3.6085291767074814 1.184125104705537 129 161 85
2.2458266268591167 0.6594685316888104 -0.6040006108685738 145 169 70
2.2591278883353723 0.45702309204870595 -0.7544384537699597 92 117 19
2.4938316704599486 -2.8780597111717428 0.21998235871657829 69 102 41
2.515564698525036 -2.7508582173561336 -0.03914845647116841 137 159 89
2.350521514594421 -0.38779077815274704 -0.883159803102015 105 136 34
2.3133915082363363 1.2730824247134704 -0.8851720502048175 82 112 50
2.2187744853309765 2.4523891742762163 -1.5545185098083592 137 157 116
2.7135368482452304 -3.3342925894136632 1.0513979579599946 55 93 23
2.380162868289977 -0.8680043373779962 -1.3605145637239364 148 171 99
2.6404958581150484 -2.8931080807085987 0.28815827334996097 55 87 35
2.4416030906517836 -0.6613542265616856 -1.0660748649726297 70 98 29
2.5105249394360785 -1.3518943509342618 -0.8315763908505492 99 137 18
2.334772249988367 2.339987610115112 -1.3502632992411285 71 110 40
2.870402054579155 -4.589121653548656 1.4043098147356012 47 74 35
2.8745552544034108 -4.286038325497019 1.408668403646906 113 140 57
2.872847798337837 -3.82792250842666 1.4358064912628523 80 111 62
2.391416043674908 2.0418313093555938 -1.2716331999921562 81 116 37
2.576363037792471 -1.4917043022781682 -0.8081223816613426 161 184 95
2.587283784060061 -1.281082775609024 -0.9032810190642595 138 178 98
3.194606441457867 -6.257552099733185 3.386728312210244 235 235 238
2.553003670786409 0.3723557159686152 -0.8738534559532333 64 93 30
2.4489687944849194 2.4673454186969823 -1.3251481133873195 201 200 189
3.0366636323611376 -5.278022791469238 1.8215521358717381 38 73 32
2.5652466215001377 0.2690693028273622 -0.9731446070251969 54 90 34
3.23582436745646 -6.235023834417975 3.53698754797634 237 237 239
2.938387325934927 -3.607890457523573 1.3066133113725065 100 138 81
2.57882985734297 0.6847849624784369 -0.8257385843917376 188 209 147
2.582471695080762 0.33421210886185354 -0.9531972213271686 172 202 165
2.9509969137064322 -3.616643512289904 1.325038344523374 137 174 114
2.688764774038164 -1.410471741215484 -0.6512319063144805 96 133 15
3.2663840037055993 -6.226302576288522 3.4363543673138475 188 188 189
2.6664784529735175 -0.5549545777373868 -1.0137852076488358 40 70 15
3.115089914910143 -5.335030439023335 1.9270173384214757 35 68 30
3.0635630328836396 -4.710968863489685 1.3817175072091883 31 60 13
2.7456453047412297 -0.723275020543373 -1.003328241278002 155 174 120
2.6838821273079962 -0.7146734741767528 -2.0065310936127116 60 101 25
2.8660085814667458 -1.6053811367673958 -0.6723393580310799 139 174 83
2.874487529820883 -1.5580590605252085 -0.6680980238258858 70 109 16
2.8233250828646863 -0.8012990983650584 -1.0979412783202458 215 240 171
2.8561330493295105 -0.7331205380091588 -0.9125985684141021 141 166 115
2.7917685804498356 0.8404001647038033 -1.088925790082478 77 111 51
3.043171893485193 -2.9105058298694404 0.20685864631125644 136 161 102
3.5026696199258143 -6.403828368350828 3.996860862452155 195 189 185
3.211130665937204 -3.6670043834721797 1.3842245144184917 64 104 40
3.039346363323493 -2.1877247519617034 -0.7833884011543049 149 177 83
3.248154399688465 -3.503894701298481 1.3716575909437967 160 188 89
3.132534031046938 -2.445377431682785 -0.8551359876736125 144 167 83
3.109007541109592 -1.4915819538610169 -1.392114671526693 116 148 83
3.032577445499181 0.6963462216457691 -1.391019309898364 125 150 86
3.131404948034108 -0.467335362783894 -1.0246930717107143 58 98 22
3.131404948034108 -0.467335362783894 -1.0246930717107143 58 98 22
3.260174991124708 -2.639881791349339 -0.340097314533083 55 90 30
3.6519142550941432 -6.293284735953634 3.5292116556130297 192 192 192
3.3973242319208223 -3.1954376830837723 1.164876593852967 72 110 57
3.437065001851894 -3.5181032459408383 1.4195764546156178 184 208 123
3.1927644629002487 -1.473098619829422 -1.5130268230590191 79 107 62
3.216538931551432 -1.70548780636633 -1.5791806940548867 158 178 103
3.2108662537429344 -1.353464670353559 -1.4180886759800568 69 97 34
3.216494834408315 -0.9107207095451088 -1.1226090489904688 60 100 26
3.2226289626631477 -1.47446837952599 -1.635576586422533 122 145 102
3.5234642907552307 -4.352617308474666 1.4830762358940206 24 51 13
3.4004333862826357 -2.6734668880179453 -0.11301654269358041 127 150 114
3.385939939925091 -1.3193203579514272 -1.8216789159893465 208 207 198
3.3943515895668472 -0.8918222385772254 -1.4848260772768007 134 149 86
3.858493823778765 -6.311622973255242 3.659455800683325 192 192 192
3.6955238226711935 -4.465803575689812 1.4578593006839222 84 112 72
3.860486338059509 -6.286214510225994 3.5497573053876295 234 234 234
3.768611519095928 -5.392035161277225 1.6511884145938058 110 145 103
3.722297359873746 -3.618061518372831 1.5280371685375067 119 153 75
3.773106781392835 -4.578431655244404 1.4721568806114491 106 142 87
3.773106781392835 -4.578431655244404 1.4721568806114491 106 142 87
3.8408488335386575 -4.64110432410036 1.4166112309513827 54 91 37
3.898979049939808 -4.6360973219272275 1.4180177276841566 121 156 100
3.9356825008260072 -4.588958364443974 1.3996174728285786 47 77 34
4.100772124884098 -6.270422420315055 3.590910556873904 202 196 192
4.006588632586181 -4.6981500699978245 1.3798730275106499 62 100 30
4.006175349826565 -3.71569916696255 1.5525009352717778 34 71 9
4.080349799927108 -5.156710840887018 1.0794708269652205 116 144 82
3.9920637417307994 -2.8646657573791585 0.010763521453502537 42 75 20
4.122573924115658 -3.698573139676003 1.6293908341295753 55 92 29
4.159118242811825 -3.743214324118595 1.5067536074095658 64 97 26
4.267682934911057 -5.5320251171118375 1.20036234098802 84 118 68
4.388885365445455 -4.963360800320945 0.9618349009807919 147 175 84
4.451098885938332 -5.903143266748319 2.268463938813143 203 203 203
4.469125722855976 -6.156255894911528 3.297436242857507 196 192 188
4.409537181982415 -3.787199973600709 0.9979573221690875 51 79 35
4.4315462554221465 -3.911494348605598 1.1073391892876634 153 168 112
4.514491828006076 -6.068867020975495 2.847811460353681 202 202 202
4.4595531330782405 -3.4038838023393145 0.6017008462028064 116 124 79
4.68091751684619 -5.243397907574836 1.0020943099843078 139 157 132
4.735702032276997 -5.109550663042972 0.7934135776397095 71 90 55
-5.34396207467689 -5.310199772275052 -0.3052817587519529 209 209 211
-5.34396207467689 -5.310199772275052 -0.3052817587519529 209 209 211
-4.921763503260599 -5.442153636508714 0.15524645941356982 201 201 203
-5.410409612092677 -5.183586862490312 -0.6653137405885856 187 187 190
-4.198263560288335 -5.180290824795609 0.7265243515705774 70 96 46
-3.5669786935741814 -5.799260161945809 1.6071159823536503 161 163 162
-2.1133705806441356 -6.396898494406074 3.6249864697352594 237 237 239
-3.2417249330640754 -5.517761144161466 1.7477875615992804 120 139 109
-4.157982301192917 -4.979350298473622 0.3881594143285188 110 130 72
-3.7535025599915235 -5.829543481062804 0.9454881218367136 73 101 55
-1.8771588159160684 -6.4382860675732525 3.67652618705119 171 171 173
-1.816571874078897 -6.459211037482494 3.7641316209215825 238 238 236
-1.3738624050006767 -6.565757751619733 4.091495844914357 238 238 238
-2.9305929028023567 -5.234219313902155 1.7307056033776742 62 93 32
-1.0951924007553104 -6.52926498179792 4.160405492479244 237 237 239
-1.0347428386557807 -6.527837395489379 4.220239085694431 172 172 172
-1.0038962432302383 -6.564885004914908 4.230928205013974 175 175 177
-1.0324121381714042 -6.544525735342915 4.146872782768712 191 191 193
-0.7950820981452348 -6.360522297049027 4.475178846883899 238 238 240
-0.9765861862257711 -6.5586788385724875 4.163401830983954 238 238 240
-0.4571304458316603 -6.667997853660656 4.614123147868905 173 173 168
-2.5360208107732842 -4.984274402783465 1.0765219560451529 73 108 19
-2.5191842034748153 -5.172770774475015 1.0839035638224526 61 92 44
-2.5312971759676612 -4.809463834763956 1.0288565235884886 63 91 22
-0.34868481211478336 -6.649750570055604 4.633856478251691 169 169 166
-2.512481708521052 -4.944528340300162 1.036778854474254 132 155 77
-2.4965104490675016 -4.9234369496126416 1.0640738405291001 132 155 77
-0.21870129492457982 -6.73907185387589 4.840225609227398 232 232 232
-2.4364977997276998 -3.3903483193861823 1.1681895301971439 56 96 32
-2.4500128977140445 -3.337537408915156 1.1326159969014815 107 141 86
-2.0612650483997452 -5.595087392387501 1.6320821734284487 85 113 76
-2.40624793614602 -3.293573255141171 1.1313843238285612 94 130 51
-0.05653906469694595 -6.743413898830534 4.8952299622957005 233 233 233
-2.01607703368966 -5.260607465637074 1.2951704098077153 122 159 37
0.08056208436381529 -6.745658148944291 4.825976598485785 177 175 174
0.1509566477909737 -6.762309746780883 4.850065185318338 233 233 233
-1.7896810635717617 -4.669507636554589 1.1644642978924484 158 183 83
-2.988754200244451 -2.1570328667926097 -1.0626429576293333 210 208 204
-1.7202234606551428 -5.1085155377537665 1.1019203184309478 148 171 140
-1.972497153443687 -3.2806903946027703 0.6136739215482513 51 94 14
-1.9110297755855021 0.6992172267637721 0.9992606160715284 213 192 169
-1.867569624109002 0.8539978638857323 1.082658999247531 230 226 211
-1.575922706325953 -4.818483099985599 1.1976924964064604 80 111 28
-1.9182413604340987 0.5273012982601164 0.9425482461522438 206 178 164
-1.9106371358017167 0.7467402819870529 0.9699138715554596 124 61 50
-1.2490376308380455 -5.775993747618735 1.6126852019751226 199 202 203
-1.6621591246030598 0.7503004386939341 1.0462848132617204 206 189 168
-1.1358110165075388 -5.226880115361416 1.4612685261719378 90 125 50
-1.779447614142966 -2.898419088814807 0.15381504651214992 124 158 92
-1.5226187670186768 0.11987714772611188 0.8260264867990508 193 159 148
-1.44997926071176 1.0855914477891087 1.0080134952574817 121 62 44
-1.497661134347791 1.0964443712132186 0.919269815689619 121 62 44
-1.4873917336985754 0.7577160239237174 0.8930138975183127 205 198 177
-1.465381890870019 0.8536764668498437 0.916365786156052 138 68 54
-1.489808760579171 0.686067114239248 0.793354403472081 115 61 48
-1.4478926326427795 0.18998974277469274 0.7425168032298232 182 150 143
-1.4192847398577275 0.716614089086715 0.8388125858557895 214 207 191
-1.3067360552495835 -2.8823910607983394 0.5200028060755038 134 162 114
-0.5001554655530555 -5.068130132854445 2.026454747381524 60 90 47
-2.282893025755716 1.5989034088298821 -1.3509272017515686 217 218 210
-1.077169983760379 0.6613331625187829 1.1069433109046078 167 116 106
-0.7879485288085485 -5.627734956177552 1.1403241780633449 158 161 157
-1.090105986724224 0.6162588480965079 1.0537104435784788 225 207 191
0.7907045335444629 -6.585433876716065 4.408818634277729 195 195 195
0.7102106513619614 -6.5473042477886265 4.235455894531671 183 183 183
-1.687804060146655 -1.4837698089853386 -0.8124382082940339 134 161 107
-0.8142991102317567 -4.584935497405819 0.8277378877445359 46 78 17
-0.4178763998373514 -5.123778070159149 1.4110061098859408 53 87 44
-1.366172412309673 -0.47068561398155734 -0.36287284363853395 189 188 150
-1.4826111661478918 -0.26405526229598475 -0.6127430543733466 73 106 41
-1.4255388952927497 -0.7648390259395982 -0.6520441290432544 47 75 12
-1.4142963964775082 -0.6896247285170173 -0.6433705403254175 73 95 14
-1.5794663216819294 0.9352789603260078 -0.8626847128003715 129 153 96
-0.7690615797302256 -4.0964317314809096 0.46043040916445793 137 165 102
-0.6062494439802278 -4.5648922825437825 0.729605597859283 128 153 92
-1.420157485927408 0.7630021238317543 -0.7701337773771499 42 74 8
-1.287618939063687 -0.10874870073792392 -0.6349327105137853 50 82 17
-0.35841108775455377 -5.477868519798933 0.9959749029592987 71 102 60
-1.2742363949448425 -0.4099226674131823 -0.7324024465991464 38 64 13
-0.12358994500730898 -4.726805837256211 1.524543093981044 160 186 106
-0.1389848117424512 -5.584354476667418 1.3667904143273344 208 210 209
-0.3767824454890401 -4.406553291026295 0.628276991569746 122 146 98
1.21496115666601 -6.492268144750447 4.136521370066485 187 187 187
1.21496115666601 -6.492268144750447 4.136521370066485 187 187 187
0.3993032854377933 -5.931531475294483 2.086673869559687 183 185 186
0.3993032854377933 -5.931531475294483 2.086673869559687 183 185 186
0.8251037236835485 -6.2061246561499495 3.11795044351914 191 191 193
0.8270703416083462 -6.201580930902826 3.1228959870468063 191 191 193
0.17847714046880686 -5.731127133618136 1.5308687495771311 233 233 236
0.948017712663971 -6.263270798395621 3.388863519731815 188 188 189
-0.1827547832512217 -5.478579095234762 0.6350853514834771 103 133 90
-0.14526629878645356 -4.396631719688505 0.8466337807264267 87 120 34
0.5513212544426087 -5.999393677258896 2.395627040170955 186 187 189
-0.7996754411799998 5.095054347480383 0.268030323898617 28 23 22
0.7016583016129453 -6.090325548834878 2.735396593451481 158 158 159
-0.03455207597314583 -5.567024554852648 0.9355574720991331 175 180 181
-0.5997018664820176 -2.1675092895132013 -0.1374019960050148 73 94 24
0.886201957197647 -6.2063942689921605 3.124189182379161 187 187 190
0.886201957197647 -6.2063942689921605 3.124189182379161 187 187 190
0.43929379927212764 -5.869252826280014 2.02660780716014 234 236 237
0.10977689094332728 -5.602488226462811 1.2181660371156748 223 225 226
-0.7942857737380434 4.820802583777503 0.10387569679161772 32 29 28
-0.8386275133100931 4.687788981597057 -0.032207426279396344 26 24 23
1.2299444115745932 -6.4248556626852125 3.912283276625104 190 190 190
-0.19748610597457972 -4.220543147459691 0.526115642907364 52 78 35
0.46225552664095326 -5.881419353458954 1.9928996203157747 165 165 167
0.46225552664095326 -5.881419353458954 1.9928996203157747 165 165 167
-0.8093535163909443 4.497373093764479 -0.05754321660046355 61 59 58
-0.8047445306198843 -0.07741487004860527 -0.6970115213664717 33 62 10
-0.652275124474966 4.741817260631575 0.18570702130080374 153 147 131
-0.5313186231808839 4.938458200651736 0.499982269828193 31 27 26
-0.6794573042684782 -1.713376673428053 -0.7723779786455717 90 122 18
-0.5626457359859254 4.56356826962422 0.2635343619532299 206 202 189
-0.7173525920966183 -1.342474571547685 -0.9911663172769735 73 98 59
-0.264211356682454 -3.2026095970926582 -0.03959459318479835 75 116 47
-0.42554297949799524 4.970763289046589 0.5340945821936981 74 73 71
-0.5603866321876778 -0.2899215047789926 -0.4953187380141862 40 72 18
-0.4396480465410807 5.39583996691737 0.4943483723213347 49 49 49
-0.3759324543807999 4.969914806464828 0.6006745850964071 26 24 24
-0.3843060532836944 5.107749850138215 0.5642407747749537 25 20 25
-0.4212950414409336 5.3533952170433805 0.4739800796507155 113 111 111
-0.5999124537028897 0.9372627528148832 -0.5865773702355637 189 194 133
-0.03242706489097641 -3.6303329325732423 0.30877191391648195 140 166 91
-0.36350761717320373 4.877915534193186 0.46110545351213594 157 154 144
0.25031723068987694 -4.305568118943693 0.8805531763707062 185 209 118
-0.2621937322094241 4.918872589968442 0.6410071386869578 27 25 20
-0.27034522711847586 5.326073854383345 0.6195506148779822 18 16 17
-0.3575551403147605 5.624575734988654 0.41623010183972786 49 45 43
-0.4507104261056455 -1.8081117069489818 -0.8117810358853179 226 224 199
-0.2613776407530606 5.386181016887645 0.5713691960611628 133 130 128
0.4366628516695033 -5.576211518639882 1.0011577764896158 222 224 226
-0.18301254888561408 4.970917246983976 0.6584226708941839 23 22 26
-0.8118313287650943 3.1060268696317435 -1.3340985411279573 223 221 217
-0.44663592883753694 0.6656782776212903 -0.674138598162147 133 144 72
-0.15102599038944464 5.234166322944271 0.6934389984928515 181 177 157
-0.5295388665733602 6.224877255985472 -0.3089932608446472 228 226 225
0.40434963416093833 -5.004333408356507 0.770804427320437 11 30 5
-0.32464104441941827 -1.8421268868151732 -0.8632494554396726 217 215 185
0.4550371419699084 -4.767149012673176 0.8929054553178206 105 143 55
-0.23742131252012696 0.3281359016929555 -0.4310527965127261 114 154 61
-0.2078054138676264 -0.11459368381477922 -0.4293653510863721 38 71 1
-0.05400154413312118 5.001136993204991 0.699565219746038 201 193 152
-0.42921886114122043 3.0598793865144134 -0.6771799152665627 149 143 102
0.4763523335700334 -4.372650056452011 0.8356795488125377 60 101 46
-0.050574713062607725 5.440795712939677 0.6845956951831318 184 180 171
-0.05998672037916995 5.451227235173893 0.661397019459417 184 180 171
-0.2100144451623071 0.29803182623060903 -0.5080986030108366 67 107 33
-0.20058974034923452 0.2745123083743167 -0.4954520962735843 57 96 27
-0.014428685897101765 5.397094645479699 0.7179486553612608 57 52 41
-0.09108713436465536 5.54802197659734 0.5119107191741467 32 32 28
0.8002480186543096 -5.689583484393704 1.488474289544496 154 157 158
-0.009240255940836597 4.424591984390447 0.5448442418980425 217 213 204
0.8757380334260543 -5.764142996321452 1.6343641077326005 189 191 192
0.8803311633030332 -5.761419155429138 1.6457467301879167 189 191 192
0.6411579956044386 -5.579157054065044 0.9615320953821117 183 186 187
0.8385628950473701 -5.709930375767316 1.4733998524081031 155 157 159
-0.07991426597164222 0.13953403162483777 -0.35522201817229676 41 79 21
0.7652955362681814 -5.644793521373732 1.2482008830673712 188 190 189
0.0031304664908519656 5.4473675036975955 0.6171292865585334 128 126 122
0.047679428574740355 4.401893154136432 0.5880824652865431 222 212 204
0.19188779832804584 3.1615020012264465 0.826206110517842 193 169 146
-0.023064939253493993 3.3148893954570378 0.22614499536160776 193 169 146
0.5725575567290594 -5.400235300458032 0.7049200126718577 64 80 68
0.7955482535760502 -5.285205690308055 1.352646449922031 190 193 192
0.08091402575796823 5.14091967406078 0.7572536747854776 34 26 10
0.6054753834614148 -5.520389521848864 0.7604310381586371 190 193 192
-0.17691720266509056 5.993362963032986 0.10075553215706794 17 10 14
-0.20614918160117052 -1.562577491063395 -1.0573784039882195 132 149 66
0.649855702856182 -5.308759557805233 0.8516703016542905 29 47 28
1.270238924886694 -6.01967934283828 2.535977121181392 200 200 202
0.07690321237604711 4.40291066286722 0.5496674878520628 145 83 36
0.12150374564793735 5.338416036491744 0.7839805826765396 144 137 117
0.06085066657447251 3.9484866547729904 0.3884795233598017 161 152 133
0.029164835145630074 3.209079781353553 0.17584980420651541 158 105 88
0.07824167987064783 3.4759395393610952 0.3251794253463281 128 115 86
0.1370394850556854 5.147140702738989 0.7277669882749209 19 17 11
0.11640535999831204 4.849450499576068 0.5748196901370606 75 70 58
0.14125886965467493 4.320227857146977 0.5622592113222192 219 185 181
0.11446796534241221 5.546257952395532 0.6486403221410497 17 14 12
0.13383110033814719 4.561651138275408 0.5519200416044837 228 202 189
-0.05408001067866467 -0.9090912159105352 -0.811133305793113 110 142 21
0.676528114473671 -4.689886943180687 0.7890230409010461 86 121 48
0.15797593482820513 4.493963825005335 0.5775533251367055 225 202 83
0.16176708998432848 4.5172421327536645 0.5912030482220163 166 119 63
0.13813798755984943 4.541971920575563 0.5302881463984491 166 119 63
0.18532325706393477 5.286914824222502 0.7226722355208235 49 45 41
0.16886103332425015 5.509226187855108 0.6356176140169065 22 20 19
0.5150868852121886 -3.0585560643324015 0.3929492006926956 52 92 22
0.15924479147986975 5.550982911387457 0.6089708595344051 98 96 95
0.15924479147986975 5.550982911387457 0.6089708595344051 98 96 95
1.353193688295824 -5.987993456525954 2.4474601303859105 234 234 237
0.21114532691232354 5.410212275610731 0.7150797654425254 32 24 18
0.23922543095768728 5.005434414992298 0.6907373044699913 31 29 30
0.20503002434514772 3.346705416831543 0.2995894236595577 235 216 203
0.6324548417210208 -3.4928298416007943 0.5567468859231894 60 95 33
1.4116180812654515 -6.009939278653246 2.518039079763083 175 175 177
0.2699248377878693 5.039452090982653 0.7331075474892164 10 8 5
0.16703497468513331 3.230818007747437 0.13690959878145012 236 174 155
0.07416215301520133 -0.9433639542030497 -0.806389733223038 127 152 45
0.8254576163201734 -4.879325495334098 0.87134995839147 88 122 40
-0.06690668516748068 2.809228365857383 -0.6801667379290903 151 143 99
0.03312438925968234 -1.1958965269178812 -1.0006572797552664 53 81 7
0.08328917313388375 -0.8758338200179868 -0.8054357578940052 150 172 70
0.05872802139335753 6.042093680071886 0.16478688009740688 30 26 19
0.27802521742534136 5.274633299375899 0.7043132619805248 43 41 32
0.08768847142297936 -0.9861034852607715 -0.8482242093618005 69 99 6
0.08356890361890588 -1.6387987120184035 -0.9887802659859696 108 139 39
0.22170947547436531 5.6011099327193 0.5388957491685853 29 25 15
0.0562065203238451 0.5188898179533452 -0.7912886632742541 207 215 166
0.7865955343513598 -4.74141169978024 0.6055717236983396 66 90 49
0.7817350537256189 -4.736262367718421 0.5962188475923208 66 90 49
0.26992139195786136 5.590985016905124 0.5977126558104557 186 179 152
0.11157412447298871 -1.7547819960033977 -1.0390998949263226 139 166 99
0.29188987982353154 5.502105337017792 0.6369926057327338 28 25 27
0.1308244144484639 -1.5976144570429562 -0.9762543550696091 120 153 60
0.1302158941612199 -1.8072234741657438 -1.037129574019414 95 123 67
1.4575551127202948 -5.991775504045266 2.40862298658937 189 189 191
0.9148298372094414 -4.973329871186586 0.8087283513677057 131 146 105
0.41613481547204084 5.11140088388942 0.8079767370736002 64 60 62
0.39450618926100933 5.125667753573164 0.7359527455438466 32 30 31
0.7878269927009042 -3.2763832962002355 0.5851884817852431 77 113 63
0.24116640617643037 -0.22656196836401232 -0.6446900089090257 129 150 58
0.4010927506057236 5.086568369546783 0.6879959553571952 20 17 22
0.34244921843446957 3.406001808676189 0.22583221291539574 245 242 233
0.22207433840138854 -1.8084503642760517 -0.9870834621479228 87 115 56
0.8168208553007794 -4.14980071429399 0.44310195018728993 102 129 56
0.42739568252995186 5.294215420557541 0.6856274351472245 50 47 48
0.4183149320916063 3.28980174548555 0.3323694063577818 212 191 165
0.21209800906566956 0.4893059267901761 -0.766935442839241 204 210 168
0.8850349257826363 -4.72329424827686 0.5107254623855693 56 70 30
0.3178824012296236 0.12903087923280024 -0.531681147364614 74 117 42
0.4148286653807986 3.2201590264125666 0.22528143669289588 229 221 207
0.33553773435928624 0.0595269969345219 -0.6009929450740212 127 157 58
0.419846933435212 5.578843813115426 0.5611072165884797 31 29 28
0.44887834030355767 5.539365381125623 0.5701848996593959 108 107 113
0.374383039719341 -1.566457386293657 -0.8983816906006369 148 178 84
0.37475322526868504 -1.7255835000172117 -0.9910639291102545 111 146 82
0.4325518903809951 5.837553681546138 0.37316216806906644 181 172 149
0.5711934733632184 4.984170511984716 0.6704854917292824 61 61 63
0.5711934733632184 4.984170511984716 0.6704854917292824 61 61 63
0.5510222172995242 5.361908325110962 0.6414199563397478 32 30 25
0.37838866664549736 6.004590521295189 0.10745979249271131 41 36 35
0.45295493633652 5.923362008025704 0.18144035185028684 196 190 153
0.625632886998895 5.360182254590303 0.6227732628138845 210 202 175
0.6492303224935524 5.252359482933178 0.6737573831508796 28 25 24
0.6487880227514062 5.162404375797352 0.6379013164685593 29 24 20
0.6508331868618326 5.052808988377124 0.6177067730851646 41 38 33
0.6063450354981862 5.602158425616031 0.45700865403549235 143 135 123
0.7213311136113734 5.025113373578262 0.6367117784617254 157 148 115
0.7135099771391192 5.039262062478002 0.61500380630139 157 148 115
0.5118071219084909 5.991750959866865 0.06850301492463132 57 54 43
2.428085150811613 -6.527169272603726 4.356918099159013 196 196 196
0.5088242072232654 6.066341120698258 0.04189984975681639 128 125 112
0.6146449613862984 5.739912657708735 0.34296894060583893 155 153 142
1.0786175867122318 -3.2472344752558624 0.3046775413831457 169 173 131
0.7423331876575738 5.169742351409656 0.6450203646493532 195 184 151
0.7687778801596356 4.965568605994968 0.6841665541521591 58 52 38
0.5425973533746431 6.003542187376017 0.06853489353298126 115 110 103
0.5862384604497627 0.36902091694120015 -0.8349389691355745 110 130 49
0.6911975979660366 5.626058362673802 0.4546817685520927 24 20 19
0.643950471568311 0.3260343637242599 -0.6700537245629955 157 181 95
0.7713232406898097 5.234198812803721 0.6358043108400646 205 198 170
0.6368373672709325 0.30020139251030253 -0.7555859913955766 158 184 91
0.5926858320017601 5.985015371592656 0.05559587349009364 32 25 14
0.8090193887755998 4.877816394286771 0.5704402805884149 20 16 16
0.7566696793636781 5.361082770294214 0.45178959610103087 18 15 12
0.97853512983223 -2.5031397652280925 -0.22642943126491924 201 212 162
0.817739853720145 5.315537533778398 0.6053331038462618 42 40 42
0.8181118191241274 5.338151513492841 0.5499558153309676 91 89 84
0.7979791288920773 -1.698431054837798 -0.9752032742496528 48 75 20
0.8125519894257841 5.657561581967032 0.44650829300993683 206 199 167
0.8940167663159746 4.9480118138613385 0.5703185655455641 53 40 12
0.7980315363115014 0.4441132564076239 -0.7064023440575209 115 136 41
0.7980315363115014 0.4441132564076239 -0.7064023440575209 115 136 41
0.9122855062058921 4.976029089309002 0.554642418189268 220 208 133
1.6342075033401937 -5.040182311617322 1.239790533653526 49 90 28
1.3353460748543833 -3.555208443893475 0.391008571150104 55 87 18
0.912382186871362 5.32875776271772 0.536332025452964 165 150 109
1.5432055502625097 -4.863489307645281 0.8336105544825145 103 131 79
0.9071493959868715 4.848378732910824 0.3632054660138396 57 50 37
0.8927262193467971 5.597579062864766 0.40864811911702353 68 63 44
0.7356343820860817 6.052505147183281 -0.08697425541589117 29 27 30
0.9484947165413622 5.396783143283744 0.5141462074145055 100 86 66
0.9468859730330073 5.398308910650327 0.509183499425805 100 86 66
0.9528670166214972 5.315980737616561 0.5144258041698095 40 32 18
0.9240497488625725 0.11221758845591666 -0.6157698989277055 89 125 14
1.5318594208324825 -4.138265322378988 0.7442557301180823 86 125 56
1.5146624181833854 -4.120049840250786 0.6759747556707691 143 161 114
1.5146624181833854 -4.120049840250786 0.6759747556707691 143 161 114
0.9716995900997205 4.8759324632983025 0.4380112283448519 27 25 24
0.9164484407762752 -0.4325762811068506 -0.8516395994942256 89 129 36
2.0481524210164546 -5.935061385264114 2.227202350717615 190 190 192
2.0481524210164546 -5.935061385264114 2.227202350717615 190 190 192
0.966049455607171 -1.5805633635836829 -0.9478572385234646 132 158 101
0.9958309805374022 5.193681945140864 0.47097446192918346 213 198 113
1.0065468631798367 5.096284774208933 0.4738856403094557 61 48 15
0.9558060246512053 5.570586894469863 0.3293001581206973 36 34 28
1.0164388194155238 5.449548822587101 0.5047292718654822 78 76 76
1.033529342973037 5.159856959534271 0.4731678225270452 106 87 39
1.0254540230864684 4.8768824569255305 0.3656375646091324 120 112 92
1.0440309745044998 4.894336354708623 0.39261413960214087 38 28 0
1.0498923272699654 5.155077069615715 0.43800963919932473 193 178 139
1.0177505066779227 -0.26070660565793263 -0.7914592904992359 93 135 37
0.9981022787194778 5.560299686187541 0.297015201950726 89 89 84
1.0476553698426685 5.347254257702479 0.4109539532269554 26 20 10
0.9310182114559129 5.847574047238572 0.03074336977974792 140 134 128
0.9310182114559129 5.847574047238572 0.03074336977974792 140 134 128
1.9180407533939856 -5.571235970101691 1.4391767298460596 87 105 87
1.058097808378698 5.10486454680586 0.37325017266656596 60 54 48
1.064799739076838 4.885144083591254 0.27828880496508135 173 166 143
0.8410981385592488 3.4197422144106993 -0.9518692475672319 188 181 155
0.8906561801509032 2.898204765568474 -1.024419168730592 114 112 61
2.009463442839303 -5.303723068199664 1.6000067877587307 47 81 27
1.0777345384208172 5.552356787259717 0.25124955843387614 49 38 24
1.1209814776762828 4.809476362361184 0.2538054601641188 29 26 9
1.1262345131609595 5.179048307029271 0.3512584185897719 194 187 157
0.9343596178656638 6.04578663445337 -0.2372129659405236 34 27 24
0.9343596178656638 6.04578663445337 -0.2372129659405236 34 27 24
1.081811694029854 4.707995310027452 0.004512689759660613 51 44 39
1.1347974832480077 4.913511759143039 0.23671873633028007 31 28 30
1.323987578165155 -2.379868404223371 -0.5845116944085117 159 171 91
1.1206115059381474 5.288268750298011 0.23098567675759732 34 27 22
1.1643418952952598 5.123707650936101 0.3379257593354019 50 35 1
1.143419375975688 4.8999621045167485 0.20664782518087457 25 21 15
1.1025016486263997 4.6709859757209555 -0.041744177169034904 34 30 22
1.0969383618485393 5.642710954492248 0.14433044509238527 142 135 125
1.1457784745139319 5.117851977580828 0.15122511319356383 157 144 109
0.9602925354747596 6.1959054512574365 -0.38576969329351296 36 31 26
1.168249915109646 5.064155303346836 0.1952698495816442 17 12 2
0.9673765769592308 2.9271063003616415 -1.0853520923067486 51 58 2
1.181816481728448 5.016234233758637 0.2157569321550413 23 19 20
2.0878553013403436 -5.2040468643278555 1.602872196757194 77 110 58
0.9958853973120881 2.7856301855355112 -1.0308240620886835 34 45 3
1.1961760178016358 5.092411728498702 0.27389819617240196 39 29 2
1.43059380508922 -2.157317485163184 -0.38674413312468603 191 188 159
1.340750523681747 -1.4258788548442238 -0.6307927453496391 133 163 66
1.3539761165001638 4.2286969568647095 0.6738359598118087 185 179 167
1.148474587675869 5.386377873039578 0.09795100110798667 72 70 64
1.1879029409504087 4.993297843028852 0.1641993590475206 10 6 6
1.1396330354469308 4.5089186987434 -0.1422138590530045 185 179 167
1.462614179846397 -1.983300271822631 -0.33928456640425336 127 136 81
1.4636496432500399 -1.98328207510005 -0.33604244795834504 127 136 81
1.4348561320855722 -2.3993170671717197 -0.5575585241593386 131 149 76
1.4890081476873396 -2.0165282042299904 -0.3490107264495292 112 119 63
1.1399053484516903 5.840735783560246 -0.11642128728142859 202 190 138
1.508578459380757 -2.063065711543993 -0.4016779240399037 128 134 77
1.251553611506638 4.924676558341777 0.08093226001546992 39 35 37
1.80796729180967 -2.702876022304018 0.6238646748038842 235 233 220
1.2406381415833259 4.559675583881192 -0.11036716385902395 26 23 20
1.5283650816606087 -1.8694540540453295 -0.4026196009607941 130 162 69
1.558042570644521 -2.1089188013822993 -0.3706890921473606 108 115 50
1.558042570644521 -2.1089188013822993 -0.3706890921473606 108 115 50
1.207258591135131 4.407891522048356 -0.33850778855947594 38 35 32
1.0413033635143079 6.253947100407723 -0.6362829388422294 82 73 60
1.5612678423448954 -1.7725500577042015 -0.30963868924804655 188 207 153
1.225840576290525 2.554196830047182 -0.7356207476955589 163 191 92
1.515728076556897 4.701313096516827 0.9583169367753543 41 28 1
1.2921173841493205 5.068222044135126 0.08731511574491246 182 170 115
1.30320560249757 5.021563206499111 0.13299062133900383 41 28 1
1.2601661280266265 5.458987921842967 0.037570471962127205 60 56 51
1.0677099025747365 6.267703010559853 -0.5877016165201984 236 233 226
1.291875099724755 1.6157473079409272 -0.7867992763257243 64 94 50
1.5798107454933283 -2.1734512048397363 -0.4576492592132393 90 100 32
1.606877328691474 -1.7868775473399148 -0.3104132874748328 96 129 65
1.3219108846014291 5.278810157093083 0.12185177748353147 64 57 30
1.2591069110229065 5.617191386748903 -0.10695357717452285 29 20 7
1.2679368504534703 5.603628425447306 -0.07525573514376452 29 20 7
1.2706585468195888 4.667791545462616 -0.29348368499638017 118 112 101
1.1239800031318508 6.063539586267922 -0.6020847033543383 232 230 225
1.2144490327450896 2.928748014615915 -0.9836243036433032 180 189 131
1.3362832874689283 5.118975586241368 -0.004343502361725873 22 20 15
1.3015136013034754 5.532683195356922 -0.060991530044504846 149 143 130
1.3496258944294328 4.876229262857451 -0.051917981921589605 21 13 4
1.3564343336607743 4.967229300631368 -0.0609253949398061 134 133 133
1.4309062072309378 0.5912228229208288 -0.8067500298010539 59 86 12
1.3756757538492357 4.866600127203125 -0.08085808466477513 139 124 77
1.3181088775765295 5.689003358088148 -0.1422972599001139 224 210 141
1.3858666797693078 5.142959571250492 -0.00800244196656405 21 15 17
1.368132377236772 5.452329003970827 -0.03319536556601679 192 183 154
1.393542397322176 5.120964346000325 -0.027660319984815513 28 22 10
1.4069651610562246 4.877634199632076 -0.08873212851455022 58 47 25
1.5003733397363066 1.368045793989824 -0.5444670491971827 136 162 45
1.3210206518393368 5.750772998647015 -0.2654337032538063 106 94 59
1.3664341328053826 4.646513400408619 -0.3521575474039753 16 16 16
1.2569832960937601 5.0646782282564 -0.7689318181959098 35 31 34
1.1973978819282833 3.12185371664107 -1.565114237488464 216 215 207
1.4263161196405318 5.169731897363996 -0.058668160645976825 45 36 16
1.601641826273421 0.6332535688322046 -0.46898432020312975 128 155 47
1.3751814585752553 4.545198050081776 -0.5337673991118628 32 28 23
1.4443602528239883 5.19789668019045 -0.08003861117008967 191 183 161
1.3726159964634683 4.471638144562951 -0.6460845800329994 188 181 159
1.4346626620606864 4.760203418832964 -0.3206655408895292 64 57 32
1.4501367158147838 4.9997120784022915 -0.2007213840347122 31 28 31
1.452559216951523 4.994935397516565 -0.19119144030457938 31 28 31
1.3431392319401352 5.883375977073939 -0.46308973874045184 232 230 227
1.4643722982975724 4.94961436836716 -0.29523146044349563 18 14 10
2.3401864339167946 -4.8176709402309505 1.168761832947025 40 68 0
1.4367750914380035 5.529639671514459 -0.27955476921979644 22 15 2
1.4718420741841818 4.74708483622557 -0.3382022456308097 111 104 88
1.8719644694904924 -2.1958979874512643 -0.30313816511753483 116 138 61
1.6040129360457942 1.8243829294150402 -0.5682952255874654 147 169 80
1.4777648981218563 5.349199957459365 -0.2261753705072471 162 155 120
1.5090564327145477 5.069285993030903 -0.194682072494131 129 121 110
1.4906917710669427 5.364569836613006 -0.2393438951635389 181 174 145
1.520384397161033 5.07744175491897 -0.2734574217777883 146 138 118
1.7168986726161546 0.9693693016410806 -0.47306195589310496 151 172 80
1.5168217976341953 5.030929508834906 -0.33480803944420756 116 110 104
1.5026685880204629 4.985763229665623 -0.41470728786132127 33 28 28
1.750951605135331 0.6067609311357458 -0.4910977820126721 213 236 160
1.510592403533076 5.3876721029549515 -0.3575607566649747 40 34 28
1.5232210775521846 5.028159919690354 -0.42296970980269766 15 11 6
1.7546388365260888 0.9289556370668185 -0.47113239110687155 145 170 64
1.7546388365260888 0.9289556370668185 -0.47113239110687155 145 170 64
1.7726390252351076 0.252366390516862 -0.5629155664040095 85 116 16
1.7435126747897822 -0.18546110929520823 -0.872445803891186 104 138 22
1.483700407821069 5.588037283526991 -0.5962762223101356 23 17 10
1.4828493894451817 5.5828967653246115 -0.6112893864717477 22 17 10
1.7772020670642332 0.8821531432689839 -0.5285698779731444 126 149 62
1.7542063274093787 1.254953968399942 -0.5526852378385027 93 120 27
1.7508901603369666 1.1958117698198216 -0.6160071211483198 84 112 20
1.9108262616662983 -1.2559787608955297 -0.5243047983815835 156 182 74
1.468366888657976 3.052109013988541 -1.5178993946678017 135 141 113
1.7818956338866432 0.9769833409885581 -0.6093105282227371 72 101 20
1.5542291841328995 5.305064192514516 -0.5520797230403266 84 77 72
2.107816067180098 -2.4526052499010573 -0.08291900780589302 236 236 222
1.4598188481608505 3.035319920973529 -1.7877331931982512 211 210 202
1.5772178914999988 4.741646735501582 -0.7501238723445064 95 93 92
1.5721332507847547 4.5708678654886405 -0.83203373519077 200 194 187
1.598377578936939 5.419557926951137 -0.6188683926050675 46 40 34
3.1482675290546545 -6.311187246877812 3.5836936811764515 200 200 202
1.9722365966528677 -1.18400920657799 -0.7562831801802513 157 179 83
2.0347948280724593 -1.3151017842129065 -0.5411619821102853 218 240 168
1.6184992684961772 5.413899269684294 -0.6955791277361807 216 205 178
1.864681233152413 4.893060312270421 0.2717786077958518 69 62 57
1.5976920916784134 5.34421499019915 -0.9206559424048553 69 62 57
1.569732604170799 3.042976680800682 -1.7308977971001596 211 209 202
1.9174459250806317 0.9366814807054173 -0.6508093857262172 92 120 75
2.6477562813102797 -4.713572367763936 1.332722953238237 102 132 43
1.8660461017779115 1.7144957190941936 -0.7337091878708721 70 99 51
1.958647936738959 0.775583089010436 -0.5745130922786892 110 134 98
1.666276058965954 5.358919554231255 -0.7609950091082178 234 232 228
1.8441021785390772 2.05749784795298 -0.8290094490326824 138 167 98
1.9595962607758317 0.9413554638325382 -0.6209177433281446 30 54 22
2.661527237658761 -5.0502360516658795 1.1686848066016597 55 78 16
2.327768590507994 -2.85245540424034 0.12469345068682278 45 62 21
1.6205153906313947 5.301856474881823 -1.083994040623145 231 229 225
2.0309942563239427 0.08606447370084752 -0.6299143455280541 28 60 12
3.195553537310651 -6.2305636147790135 3.3673890000027753 167 167 169
1.7780384628528731 2.65727008678583 -1.2539748070131673 107 138 35
1.999306007372272 1.111660562247825 -0.6303148156388011 32 63 11
2.6274798302766404 -3.4106871893568322 1.1558291226045576 88 128 68
2.6274798302766404 -3.4106871893568322 1.1558291226045576 88 128 68
2.6275738262972683 -3.357205796787838 0.9638129260276558 120 149 95
2.4524453860090984 -2.895979226061764 0.18034307322689816 128 148 99
2.4524453860090984 -2.895979226061764 0.18034307322689816 128 148 99
2.3420968226143177 -2.733786461526213 -0.432647002934755 150 167 130
2.1083203922743943 0.459245591140605 -0.7459838800104669 92 121 37
2.1818347486974514 -0.04001953697677365 -0.7449706729974691 140 158 62
2.7053576339600163 -3.347739968657701 1.0094087940100411 59 96 25
2.2970509100015195 -1.3103269619978388 -0.6294804058310655 191 210 143
2.1876443756355424 0.9461507736959865 -0.6704218371348591 141 166 56
2.517679128338421 -2.50226974847035 -0.1841788293548869 102 136 91
2.261735984236954 -0.13006316764263495 -0.9188406021756541 82 112 18
2.424729802731681 -1.1102393908065344 -0.7006910525100518 141 176 126
2.6255094270265054 -2.213001690258183 -0.21336355789926834 169 186 136
3.1668146288733485 -5.297577138131813 1.8237079989673346 49 82 35
2.4577935931387405 -0.392022781663737 -0.6703654959086656 148 167 100
2.378553266157538 0.7200664183042412 -0.793257875323309 92 117 11
2.810918263174248 -5.62195110780348 -0.48296711876789045 42 70 10
2.389488524026915 0.8997366680856214 -0.8732817009031408 160 183 68
2.4215969586160644 0.5654650207739145 -0.8611519339203144 100 129 39
3.0481829908339506 -3.6586334830303673 1.3892357326603701 87 131 73
2.2604214420546316 2.461562570760991 -1.4822758810491785 77 108 58
3.0791926453841802 -3.6164202389932885 1.3131759142621042 46 80 30
3.222721989996437 -3.8358172211843553 1.4950580569301726 125 158 67
2.7649869126149222 -1.5585203401571959 -0.6314599721170321 180 210 120
2.7506271560578575 -1.3580766881923854 -0.7753844951577261 158 184 84
3.0045431593539638 -2.7740153112932453 0.3022717865986635 141 171 57
3.775242433513689 -6.329519918613904 3.66377188255094 209 209 209
2.939884460177772 -2.395678948915017 -0.39794228841252927 146 172 69
2.939884460177772 -2.395678948915017 -0.39794228841252927 146 172 69
2.7784178869927585 0.01776367163278304 -1.0459425795448787 64 95 21
2.958312137193568 -2.1153666082282805 -0.7313656362437081 166 190 99
3.8086426994757994 -6.178251805536371 3.114856827783858 210 210 210
2.855924843142422 0.06290286850041496 -1.1019302350987452 49 81 23
2.895687999744196 -0.6071713071976514 -1.1737703272606053 165 183 121
3.2538256667131966 -2.8001159271083007 0.35306109145430237 71 110 17
3.2468021884868916 -2.804742914472636 0.32409310903680366 71 110 17
3.2854745541996824 -2.7645000424631236 0.36397912449958314 188 212 123
3.023405872043991 -0.7909446832275024 -0.7569309056776596 85 127 56
3.4012450874592957 -2.6726985036974833 1.0420632366328655 71 110 17
3.9741924784589253 -6.3085156501736135 3.6388682700162738 189 185 182
3.403133127693255 -2.7950969416685254 0.4344206751126939 153 181 110
3.146478638279497 -0.7271321552893262 -0.9335416560418875 83 121 5
3.712413884271406 -4.479064883256418 1.5316649149283197 41 69 27
3.3804895881370194 -2.603130142419923 -0.7274752628256093 160 178 107
3.2566962563295037 -1.584092420555069 -1.5292325622302743 130 153 90
3.785769932779159 -5.608321145736444 0.500141264931101 122 152 82
3.8425883367897784 -4.579491151594061 1.5160615048003603 131 160 109
3.2761975821598925 -0.29518877895981877 -1.6251190564298117 137 155 88
3.3988309049756817 -1.8203957380817282 -1.4372393230059375 135 158 56
3.3960914794052535 -1.537810667924444 -1.7734234664871114 133 155 90
3.395237678578544 -0.8864932388847622 -1.4241930056103465 107 128 50
3.950240245514364 -5.050088041636512 1.2841676972816576 52 82 7
3.943220801047265 -4.657968646150913 1.3976541581939448 116 150 90
4.426305987787556 -6.567167822194696 3.1257665388614777 230 227 217
4.090101632953062 -3.834248543670501 1.1386280220526266 60 95 25
4.187431693669919 -4.85175607197227 1.1515179307500283 131 155 57
3.9850289407227057 -2.9728386840406507 0.13087562482398124 160 175 100
4.203104335165283 -5.030465280804013 1.1218521927414469 72 104 17
4.203104335165283 -5.030465280804013 1.1218521927414469 72 104 17
4.468167998532194 -6.554013824121047 3.0954064471080347 227 220 207
4.2740171520557615 -3.596310636348291 1.2478112882315149 158 175 100
4.395970386774684 -4.984521286102121 0.9922074434108932 80 109 20
4.234245659569705 -3.159837933361798 -0.02890563595999522 36 56 20
4.32005864341604 -3.290345765574823 -0.005521435457633111 54 74 37
4.470508537580027 -4.357288725455092 0.6971055117062803 159 174 129
-5.467916548972004 -5.199389594129138 -0.7342628907031582 188 188 191
-3.388240691760412 -3.6419639655094738 1.0451479900924694 90 105 33
-3.1929819878473116 -3.947385640965724 0.9938869133892011 61 97 30
-2.475413971959792 -5.573131191639078 1.803530577397214 51 64 52
-2.5245717198834488 -5.278587495777377 1.7053186571467198 75 116 58
0.19899310262093137 -6.7453089033424 4.787537146253352 177 175 176
-2.5644167909037914 -4.853399691606955 1.0111216430548815 132 159 83
-2.3889385041386118 -4.197166577542737 1.050856567924744 107 139 75
-1.4294869291283698 -5.885637558386643 1.8943614321869933 208 208 210
-1.9031838822333957 -5.162020486141453 1.0071867803817287 121 141 102
0.17354186785427833 -6.459659971957354 3.8237211683681673 204 204 204
-1.5186130500482606 -4.900236101052898 1.1225919506947575 60 94 17
-1.6669341022744941 -4.6724598934891866 0.8774979128281869 180 205 167
-1.905763331745626 0.7695466651440969 1.0306216043602117 213 190 175
-1.0669573031739428 -5.156422976290917 1.6754266519802603 106 143 50
-1.1943475241690413 -5.016512230222489 1.3535847549974267 119 146 112
-2.7225360739171243 -2.299779015564836 -0.8132190183112473 52 77 29
-2.0337066494832374 -2.7878872043018137 0.13977265686876883 83 120 31
-2.685500157174168 -2.0119083371676285 -0.9290714788103474 140 155 113
-1.7422116646917472 0.7618685840300007 0.8439113079524456 102 57 40
-1.7929948921920016 -0.1507071789754846 0.6506528632537047 211 206 194
-1.7929948921920016 -0.1507071789754846 0.6506528632537047 211 206 194
-2.607758779475187 -1.4802316983387813 -0.8356694946928006 92 106 52
-1.2800328989527223 -0.44902371344521447 1.2145546524677266 185 177 160
0.2503154200289976 -6.232010954649403 3.124190925071992 187 187 187
-1.4391891986932783 -0.4382716310944627 0.9306267465769711 185 177 160
-1.2180472271692888 -4.673286070607344 0.8252263251896458 71 102 40
0.21990135936211316 -6.214378974421513 3.0431886039348677 189 189 189
-1.625729694994623 0.37375846760731973 0.6651016250662064 253 253 251
-2.3235317803098576 -2.409121644756568 -0.9108713683272279 59 84 47
-1.9802379009585735 -0.9222191377476767 -0.17986174590276563 167 174 122
-0.3663857507690111 -5.868644898035257 1.9444164959043935 174 174 174
-1.255732008366934 -4.191931012521958 0.5863081370464207 148 169 110
-2.1712330342450326 -1.174414899084214 -0.6605785071258656 46 66 10
-2.143681348336593 -1.9098281165643325 -0.9163259396530037 74 104 34
-0.4695467702610676 -5.736382763977037 1.5216830711206681 171 173 172
-2.047801297800188 -1.5101743998380872 -0.8536660423299928 84 114 47
-2.0457442251928617 -1.511717524107656 -0.8512395098940032 84 114 47
-1.844508130967501 -2.6354218262722187 -0.6784258811784025 143 168 55
1.035237475939719 -6.366091437058395 3.6399564790471612 191 191 191
-1.2142205478792596 -2.9827969455731744 -0.06872077979538131 44 78 25
-1.1905145592096251 -2.9748215802047344 -0.028266203598977392 44 78 25
-1.7340431417662272 -1.2731024331632153 -0.9110749248762411 71 102 34
-0.8279062106620063 -4.176810470347065 0.380542277575754 145 166 96
-0.19518981578924324 -5.115659752633679 1.4144163374242793 59 95 49
0.8870318351749029 -6.253002876248949 3.2452576055813744 170 170 170
-0.3139789951413673 -5.5688498968042595 1.0906027609412072 54 75 42
-1.7876110131907765 0.13128738976228835 -0.9276880388405943 162 187 100
0.8440213296411683 -6.240801306067311 3.1144263675343082 237 237 237
-1.5121660718446188 -0.1837867844910826 -0.5251529621285446 56 92 31
-1.6533882886940887 -1.459207738025868 -0.95643193556687 73 92 58
0.8281720031138137 -6.167509769224749 3.0243340004163426 167 167 167
-1.550619937640541 -2.869932834523801 -0.9795884032240301 136 166 48
-1.5031914929133139 -2.032786500725522 -0.957713861306782 17 35 5
-0.19149666805541202 -5.615714527818771 1.052515308800113 181 184 182
-1.3939017290869555 -0.3874034131778204 -0.5475622947824971 69 97 30
-1.6703502816611853 1.0028196227314419 -0.8977117721467337 59 84 16
-0.1724555351473168 -3.3896705792642514 1.3249618181718332 152 172 83
-1.4880511681263942 -0.14997946551039018 -0.7635444537114535 91 118 59
-1.4325708761122042 -0.28043192438314557 -0.7508273016190413 121 149 76
-1.8293475142984812 2.215571812438029 -1.1966841460788147 93 113 67
-0.20265967013516142 -4.64420773961473 0.9996208104645995 144 168 74
-1.6093341575816256 1.3801385006147988 -0.9145567239428635 74 102 34
-1.5465781486430603 0.7952585636709838 -0.8917796633277385 104 130 70
-1.625009176552932 1.5265246983966116 -0.9542948496834415 81 108 38
0.14636576602708806 -5.647773427134086 1.3788507820141047 228 230 229
-1.2633344212867255 -0.2279062323441266 -0.7499357729720924 96 125 81
-1.4180628547742025 2.0679581529336755 -0.8719587717401242 99 125 39
-0.9098143522397072 -1.882023801390046 -0.42118087762379175 210 208 191
-1.6025230971276276 2.487847787636892 -1.2460027063205366 79 104 60
-0.03666157110904027 -4.5159009639798935 0.8569686635724868 148 174 81
-1.171100998060236 1.0537255446800415 -0.6978178707738648 56 89 45
-1.166858549257693 1.0522022877780495 -0.6904016765955419 56 89 45
0.08594812415787031 -4.492413309256685 0.9937094213943389 168 191 108
-1.1733984001824838 1.6768214261650223 -0.7641425348550287 64 95 54
-0.7258548441231044 -1.8868117342045392 -0.40149071126514935 216 210 194
-1.054566545948962 0.610920343290289 -0.7405200579129647 44 72 36
-1.054566545948962 0.610920343290289 -0.7405200579129647 44 72 36
-1.040587503529566 -1.23515564295924 -1.0784788440612294 69 93 13
0.0791014249628655 -4.042539545978624 0.7447511335340998 147 173 48
1.1447734965266543 -6.044561453897115 2.558458429277109 184 186 185
-0.7858494968925959 5.383269348101635 0.20271660042529094 28 26 25
0.1800428054235806 -4.194722776314495 0.7761913890615706 102 140 23
0.3348374053914961 -4.627377900699375 0.947942375926093 48 86 29
-0.5337127259383252 4.900756267952308 0.4503767638391827 28 23 24
0.40696886529404497 -5.90076514131059 0.8337294721844675 229 231 232
1.1251967187975005 -5.957797570408534 2.316837995865435 184 184 184
-0.6480758415534568 5.477089366770711 0.24330091011671257 23 18 20
-0.31531177398668675 -2.118867368671862 -0.22657991714096423 148 144 96
1.275507666887698 -6.015264901295288 2.544180561951221 196 196 196
-0.4515092189077644 5.234574052433068 0.5455677278740291 146 144 140
-0.4978018855457368 4.521126155500848 0.30328409702891235 43 37 31
-0.4978018855457368 4.521126155500848 0.30328409702891235 43 37 31
-0.5310926874070503 5.55918856223082 0.3370317781002239 35 26 13
-0.3746726119305252 5.035715145691869 0.5663875841052466 23 20 20
-0.40558821603044115 4.872550537467217 0.4553952748615763 43 40 38
0.8491790238417172 -5.702281018214688 1.490484591988173 164 166 165
-0.3068821223648474 4.983066439473867 0.6047194354617109 139 137 128
-0.7060951903799833 1.657711573261111 -0.7680460808259971 113 117 46
-0.6945615006581326 1.651933488107181 -0.7477026991576338 113 117 46
1.3630348116019753 -5.988706960903827 2.526036959368832 174 174 174
1.3630348116019753 -5.988706960903827 2.526036959368832 174 174 174
-0.7124754115528033 1.8139888796871393 -0.7813908826578936 116 120 48
-0.903015959786404 2.8033651130013237 -1.1047782250056448 112 120 96
-0.6084841451330435 4.931209049162633 -0.12680022057689144 204 198 187
0.224998742964346 -3.4178308568294624 0.3679675056071803 130 153 75
1.2295745100050242 -5.881801780570506 2.1056798945464403 203 203 203
-0.20635510782029465 4.928817088029884 0.6250921253919302 5 5 8
-0.33496914743462913 -0.24106325136203058 -0.4683338978860394 41 75 17
-0.47513328536068056 0.4351868444371103 -0.710355025197661 64 105 26
-0.16695639820723418 5.158263725174554 0.6942045651102303 31 27 16
-0.30378890449490936 -0.0012100755024861494 -0.412755959807201 97 132 67
-0.2127882353516982 4.8605107545149355 0.5053907524540299 48 41 30
-0.7445731737223655 2.8420162529298394 -1.0032957266849338 177 178 158
-0.1293005780761511 5.337128231598948 0.6299360893166268 24 18 10
-0.11367080693786318 5.392086705049305 0.6633219950918529 71 62 38
-0.11367080693786318 5.392086705049305 0.6633219950918529 71 62 38
-0.14710546744889963 5.593473050292947 0.5301627099386741 19 17 7
-0.07014483997865771 5.401341655627654 0.6678797697098836 42 36 35
-0.18331238536105965 5.629131467130001 0.43718800887039505 32 30 31
-0.09052749311692167 5.326549178046099 0.5953116631445463 18 18 21
-0.3226318786308618 0.587323534377052 -0.7110894491432189 148 153 88
-0.33685051607908206 0.5903030697567738 -0.7413201478705658 148 153 88
-0.015180573713126335 4.172389410466076 0.5582564195924797 159 149 117
-0.16525513678608786 3.263594597467597 0.06220726393086947 201 196 175
-0.13433627724012162 5.682689358434361 0.43560514399293887 165 161 155
0.01508459812109246 5.090098665753786 0.6724895661893002 17 12 7
-0.050087489369787665 3.190638687505168 0.1524221256422547 188 182 166
-0.05279759854136978 3.193116760140192 0.14812112401026617 188 182 166
-0.06902209913145922 5.595677077767978 0.48046057418616184 119 118 120
0.07711361925450844 4.865086048102326 0.6211470959264909 90 85 79
0.11693877356657698 5.188097067951398 0.754860438649294 157 153 138
0.8616985077327245 -4.8853275599973776 0.7906506139129357 132 146 104
-0.019989021858996318 0.24289095372577468 -0.40458972643675895 54 95 33
0.07222550881048546 3.319291174478459 0.3043180025172587 159 111 99
-0.46686638988065193 2.9332119025637895 -1.022008108596252 172 171 132
0.12306458610182922 5.3925038922021145 0.6929759290097661 49 38 12
0.1513474463035871 5.340637771921358 0.7386282313312146 151 138 102
0.8796725940208026 -4.793479192781271 0.7085979141503352 68 102 53
-0.3853428227360597 2.765123631748865 -0.9926545743999015 179 174 153
-0.14214078264607571 -1.522360597596751 -1.1531950827369735 52 69 9
0.19145201678153448 -2.801842122834296 -0.5931700250805259 56 72 34
0.17572628716081273 4.348025288444784 0.5543873630161765 172 97 80
0.7556998305530587 -3.2301975580064126 0.5425812804911995 69 104 52
0.21159111281520687 4.384696208421236 0.5453132858537281 148 104 85
0.22166494960463917 4.345067966489403 0.553529202249633 225 198 192
-0.13401385888229522 6.195534843385097 -0.03014261658133274 148 143 138
0.272819504624746 4.847797083927989 0.6669076635390312 91 88 80
0.5717577092853426 -2.7806122738430616 0.028860352245697073 82 114 55
1.243830990211692 -5.4240535516121815 1.1717402054168302 101 122 98
0.3103907876159031 5.155083391615425 0.7639694661343371 196 188 152
0.274890653392861 5.079265531945532 0.6460226242242759 54 50 51
0.2099953384261383 0.061875066320355936 -0.4385033581192671 113 155 55
0.18693870376722416 5.734045554222075 0.46636344414489467 43 39 28
0.8543301758046175 -2.9405918758607332 0.5320563596812551 98 142 64
0.2812086599427043 5.511249414413471 0.6178759200796553 27 23 28
0.36027767521757414 5.224608194253552 0.7558057065991881 138 134 118
0.35820116433846466 5.3668686002573835 0.705478536565766 41 35 25
0.0680865772222485 4.8956934948343305 -0.08181554705503305 227 224 221
0.31140803366174585 5.631162457318452 0.6207881812498744 221 213 169
0.05544723053071798 6.070584697242488 0.06747538722035487 199 197 201
0.32268912077147816 5.368949506156247 0.5882963494570392 83 78 79
0.3346060482311386 5.356080750988255 0.6118918766115135 83 78 79
0.39797052833653856 5.156756519501297 0.7307492803352965 26 22 23
0.3402776117086691 4.866512368083785 0.5211293867301897 173 168 165
0.38260234731260645 5.41403385140992 0.7164215136100205 169 163 139
0.3905281612945159 5.3653510868661005 0.7021582831730838 164 159 147
0.30729269698205325 0.12496126161488894 -0.4764988900605411 62 104 35
0.3752485147898324 5.475430506706391 0.6341493129684197 247 246 243
0.4305732038693348 5.37090804120316 0.7491549273135643 25 18 2
0.3644713183334672 5.534566895724419 0.6175274872307841 40 33 31
0.4503033153449295 5.153154165573864 0.7512803921975298 119 116 115
0.3005300413377756 -0.04222700340715383 -0.574967337430155 121 145 46
0.7703429437478149 -2.79817951347717 0.042995627788458925 99 146 53
0.48956222095127555 5.156516056506446 0.730876524970459 31 26 17
0.37067912040040596 4.287430529821079 0.26259799784232063 176 167 138
0.34092584154950356 0.06226791794168923 -0.5895629253013384 130 154 61
0.14914799522543284 6.176307479528224 0.04015396885278451 19 18 24
1.4571209641425442 -5.573230498369403 1.0984493270820506 150 154 148
0.6887373394883357 -2.6057776684699547 -0.3096898395955166 64 91 24
0.5403342220507532 5.138481165536671 0.734722433770843 173 166 145
0.3578003002321955 0.24229505391236605 -0.6254280440084407 142 172 78
0.3719414884917584 4.610481115758238 0.18106038228957996 65 62 60
1.5968913897028412 -5.360427470269873 1.3899495772209436 60 80 55
0.7772293702960142 -2.517871153139688 -0.1757896876764008 53 79 6
1.1582526722259083 -3.9921838144182704 0.49503388970890355 102 137 70
0.41451097978906115 -1.7718825479208347 -0.9630339893295633 80 112 48
0.4083727595374753 5.7324955168334775 0.4019146179035541 71 66 62
1.0862328955371219 -3.843771247683597 0.3244577146425896 76 92 56
1.3253565705007402 -4.74532119465766 0.7557156128462725 116 150 100
1.3253565705007402 -4.74532119465766 0.7557156128462725 116 150 100
1.7730020715878907 -5.762186556035518 1.685114109668268 183 185 186
0.2886226144274155 6.069154233743075 0.11958305442806486 199 195 182
0.5789179690480849 5.006742112196038 0.6576992047988467 76 76 80
0.606800377393365 5.096834879899994 0.7184460901938796 28 24 8
0.5340831452103763 5.568397391239136 0.5802522109462047 33 27 11
1.0898444151065425 -3.2160616315506627 0.26867982634560206 174 177 141
0.5536040617438956 4.145799084317658 0.21161728093659368 239 237 230
0.3747532098540258 6.039795528026167 0.05411382491345495 54 47 38
1.2407961253266377 -3.70211899602187 0.3945418650949918 102 123 74
0.6577618328817979 5.4026718111004906 0.635794631737748 189 179 123
0.6803538443276602 5.26064278158852 0.6601287979130445 18 16 14
0.5324556136358368 5.770388177266668 0.36890956184656454 44 37 36
0.5590377953886386 -1.7528931807349073 -1.0440604173701526 57 89 24
0.653799428909185 -1.7565227989191745 -0.9423289344342294 125 153 81
0.76051523640042 5.178829004714173 0.6972757715988241 192 184 161
1.5758700465120172 -4.76296916003417 0.8639860105747502 53 89 12
1.5847128184494967 -4.753445809787439 0.8882633970823057 53 89 12
0.6584438485083703 5.614617820298117 0.45323271843390533 122 119 116
1.241209052643337 -3.365903248739874 0.20514636976218661 64 85 17
0.7558708107774048 5.360074584206098 0.6002806425238434 38 30 22
1.860633159440124 -5.003474424524472 1.4601028383854648 53 96 18
0.8223410434524522 5.167602995648091 0.6718129664014938 219 205 138
0.7298956692174308 5.57773272431428 0.484437525428559 120 117 119
0.7920995443447648 5.380130184334905 0.5989364043703296 146 144 135
0.8174259019917303 4.9924181868982425 0.5399024897562162 32 24 8
0.8076372372413573 5.087974549326353 0.5105825915610102 28 23 17
0.8178588625314303 5.33878147472232 0.5495733789410974 95 91 88
0.7962596811427827 -1.418221009980837 -0.894643906359278 147 184 100
0.783379464233364 5.5910168938237295 0.4864824856011516 200 194 169
0.8393058938282977 5.351160904081925 0.5569753546776897 21 14 0
0.6021685326763763 6.039137689666774 -0.00354439279087921 169 165 152
0.6151143677079695 6.056222458236896 0.0301659231196849 139 136 122
2.9398745640984005 -6.364328141020447 3.833904635933278 202 202 202
1.5510625380130736 -3.706945998625957 0.5682257205758849 60 96 33
0.6632677169174338 6.018650807693469 0.1216086662301063 186 185 170
0.8344066508663661 -1.5381557724708708 -1.0164826344553204 36 64 26
0.852282882961596 0.2421590689116566 -0.6175273220382064 149 177 56
1.251246096721713 -2.4569494924673863 -0.08953021298800135 211 217 167
0.8970734564600952 5.221478303866497 0.4940887012050075 61 56 45
0.911142975032856 5.362177267251171 0.5392169922440385 50 36 5
0.9245535145370755 5.145845463179924 0.5067352054364498 35 26 5
0.8568639274242993 5.585549796222067 0.4079824876571323 62 52 35
0.8802976050758238 5.597093883805846 0.4578708237384028 187 180 152
0.9391316846578022 4.956594318287778 0.47793918273972413 61 46 8
2.196424683253346 -5.333267920283402 1.8087565702405874 59 90 54
0.9667963835995891 5.142836804248306 0.5345225014744794 224 212 158
1.9670908177742994 -5.018040155501342 1.150235778044855 71 107 42
1.9670908177742994 -5.018040155501342 1.150235778044855 71 107 42
1.841245843176217 -4.257260881086768 0.8996274666181806 102 141 80
1.0010086327073908 4.996325302223172 0.4642778132818611 165 158 158
0.9575805127998062 5.46499620314758 0.3997146876651282 17 15 18
0.9864927412198435 5.399594799065601 0.4142207079384493 131 128 129
1.0213661250267982 4.887639735584064 0.397215845530105 106 100 89
0.6908719695821236 2.8515760954741496 -1.0018978007362194 198 193 174
1.0200658084071834 5.085830187298743 0.4221423837382619 166 154 125
0.8841611118282787 5.750347109695449 0.1737741747218599 125 121 124
1.0458250574109695 4.945872572654702 0.42738614217848714 201 187 152
1.0458250574109695 4.945872572654702 0.42738614217848714 201 187 152
0.948869176718882 5.632320334754144 0.2694701342948544 115 112 104
0.948869176718882 5.632320334754144 0.2694701342948544 115 112 104
0.7993833492227272 6.091183049574556 -0.0993642625227715 154 147 125
0.8465873557097254 5.9270438460016805 -0.025053766755712716 154 151 141
1.0685426438375616 4.919877957607054 0.38748869251604356 202 189 133
1.0734344563608418 5.156830719876452 0.41686260268702846 41 35 29
1.0002897696685784 5.521425452103643 0.271253048433456 20 18 19
1.0648988024084878 5.368981061503528 0.4009376361100599 203 194 166
0.8457913774140535 6.103889932072083 -0.07803447133942573 196 191 168
1.0747788536032308 5.04784129238055 0.3429372112744195 130 123 104
1.089283461169331 4.962856091008458 0.35556407646567606 210 195 120
1.0907566378379643 4.961436537921037 0.3591182531186363 210 195 120
0.9616629363537532 5.775111744649252 0.11270402991079617 29 23 12
1.037104209698028 5.546222501090527 0.2619485302585844 35 29 23
1.1006157916511197 5.073658133396095 0.3416561469286202 25 15 6
0.8461758955335358 6.039441931504246 -0.1931019418854465 45 40 37
1.0868688340575856 5.397394481985972 0.367573999919111 50 42 4
0.9052479427569954 5.96093937148908 -0.1011447244448362 181 175 165
0.9246911914695443 5.906475557938978 -0.059519860096832876 28 20 7
1.1212707208104227 5.1831907276785305 0.34162173104681437 207 203 176
1.1277129418364715 5.142939497477673 0.3439292316157979 219 205 160
0.9059335408697913 2.687776200263963 -0.907563545334087 187 187 162
1.8063744138188118 -3.2198062646541574 0.3889979005774242 67 88 25
1.127224201368383 5.291177382080969 0.3019073952225231 72 70 67
1.1351991697126012 4.910684141565381 0.23769747454538898 30 28 29
1.1484073371898043 5.170354304921602 0.3287408804712045 49 41 11
1.4398050581714454 4.40825339984606 1.0197876027379813 19 15 7
1.4480298641060902 -2.3894685259416115 -0.5111303576410612 126 140 72
0.9979932340154528 5.829665532248775 0.01201415680376945 53 46 42
1.1343786174275556 4.750804753704396 0.14714190468337277 19 15 7
1.1611116418454626 4.819267436653674 0.20515851348382075 20 14 4
0.8717708667355112 3.1389533910874055 -1.0653897212820185 162 156 113
1.1142564846319183 5.574943698197135 0.21543823072533363 35 27 13
3.1586532037407626 -6.284833746593581 3.6212622939605734 194 194 194
1.5156465548590312 -1.7763147865034377 -0.290074897105255 95 141 61
2.3563828169774443 -5.619692239977902 1.3533858464418127 56 79 52
1.1869774386069012 4.879400728465873 0.22136091147519826 175 166 137
0.952785540500553 6.1448935006921594 -0.21222802928344106 29 22 21
1.2000025472601061 5.148855552097032 0.3041959126041107 196 183 114
1.1280709258844448 5.589296426206771 0.13932760964686056 137 131 123
1.1687105834295772 4.689985015826069 0.03775885982605011 33 29 25
0.9866485322578034 2.7764817104824933 -0.9968236128759418 85 92 44
0.885751894029895 3.2785108800476146 -1.2492862699748049 67 72 31
1.0357655340674585 3.3408243251017855 -0.7935811574459248 79 77 44
0.9884235573286253 2.9116627579776697 -1.0392980506397569 55 62 8
1.3439042385926607 -0.9877280712661292 -0.8660930020103931 84 123 25
0.9876922813712763 6.0381503267175525 -0.3162421529224664 36 28 14
1.247575773678551 4.8379124962494 0.19251123078301677 211 201 165
1.1952919856779827 4.729549083363459 0.0009976972291195203 138 135 130
1.2212632116075768 4.947193568100013 0.11805746140548533 85 81 66
1.1976860752106906 5.472523378060954 0.15232268275977168 19 9 0
1.1795422231492152 4.598354816264306 -0.11994143829840867 31 29 30
1.0158210221221382 6.064223760148983 -0.2743884300288205 190 177 147
1.0158210221221382 6.064223760148983 -0.2743884300288205 190 177 147
1.1476906477901654 5.654252743654611 0.027882774295233115 25 13 0
1.2367375463726076 5.009959852040587 0.14545468581262222 34 22 2
3.208097279288431 -6.250779286278469 3.5346070740056996 181 181 181
3.208097279288431 -6.250779286278469 3.5346070740056996 181 181 181
2.042839479745384 -3.2660096084677632 0.6271717332087164 183 194 120
1.2056534936641703 5.569586404542725 0.13313068933016042 194 184 152
1.2171593898608848 5.5553791065018 0.16226296177012922 194 184 152
0.9559101171596429 6.307096599159381 -0.46975772046263 28 25 25
1.2464665706147096 5.079209197273061 0.10301972914209678 52 44 25
1.22546452754773 5.483241601358377 0.13306049027829248 179 163 114
1.2669112955264683 4.971125047973447 0.11173524817837907 113 102 81
1.3273430387000136 1.4191470830004622 -0.5692850965607077 49 81 27
2.324481443175958 -4.183917839385345 1.163900253497313 47 75 24
1.234131334490683 5.555156692629108 0.1236640984625515 85 76 50
1.2951861541414962 5.031923444281322 0.1635034151727545 195 185 138
1.7081095521270908 -2.1742923365675506 -0.2867593818419797 167 170 110
1.2790305592475346 4.733032368048277 0.00734975590901802 37 30 16
1.1259660336856219 5.919903212242701 -0.18899117212744138 202 195 173
1.3213035450118353 4.952660995608594 0.17371212804609956 38 25 10
1.2938625161403436 5.309882907348291 0.13256105617927877 194 181 131
1.1831676288231667 5.721048071720426 -0.13688875169700243 143 137 131
1.1831676288231667 5.721048071720426 -0.13688875169700243 143 137 131
1.300048204812125 4.710430243454716 -0.014989696241895565 165 154 117
1.3148132147126663 5.021036859655592 0.08353060496266167 156 141 98
1.285452455218067 5.1676889326436655 -0.011472748332979215 42 38 36
1.341324512547157 5.5538854136537354 0.25337536206659866 143 138 130
1.3961680692887206 1.4461747873985842 -0.5897108824087087 40 66 22
1.3993245997129418 1.524202109996073 -0.5803180214271924 49 78 31
1.7395584561393014 -1.8885366809072703 -0.36499735605705014 52 90 41
1.3232879743325832 4.783987082339755 -0.05368856777995858 22 18 12
1.6150208060409503 -1.251799735052567 -0.6361371856995597 151 179 57
1.3006482915583022 4.7434589885944005 -0.13840630929543465 14 12 10
1.0747309504365907 6.102877763169333 -0.5505451406071831 44 31 13
1.3030272986753306 5.280614951362994 -0.03156324337601998 28 25 24
1.3080858218543046 4.602914690680162 -0.19262784316758008 59 50 38
1.403478971014619 1.719049034209902 -0.6028140985321896 80 111 60
1.1763374192092395 3.0267457708411327 -1.0149962810448179 86 102 38
1.2896553686103216 4.403951576031683 -0.3343176790014117 24 20 16
1.520288071164612 0.8945010380064337 -0.4942439803299276 132 158 46
1.3222206584132363 5.389854342663541 -0.030645959344025683 22 21 12
1.3183836504760336 5.513945256308523 -0.01961068294469485 131 128 116
1.357040325688341 4.589695192454 -0.15192211229842736 48 42 27
1.5065986972574752 1.480195959903715 -0.5035142679251272 138 163 66
1.0706960562353198 3.331329347310317 -1.457479071048775 222 222 211
2.2365952087885668 -3.1853427018487506 0.647401022728865 61 80 35
1.3714542067208284 5.40701375138704 0.00778582210799914 16 10 0
1.3334639714768768 5.57170819907916 -0.0964848763727168 170 158 124
1.3807160736745174 5.0567027237198365 -0.08241025232989313 19 17 16
1.3692984848909464 4.755349599295064 -0.21461610706887907 69 65 64
1.4090043126665137 4.913274627432969 -0.0687532795322615 200 186 127
1.4072071970640179 4.914875399315268 -0.07414674691585992 200 186 127
2.401090290700819 -3.410647573027429 1.0477959584263636 124 158 80
1.3851061137296121 5.42936057890931 -0.049409490985404925 207 194 132
1.125255327377896 3.156201190730375 -1.5089874619302122 149 157 113
1.568667498417878 -0.8881781571615434 -1.135820189237142 75 104 49
1.3393527736693418 5.68742578733576 -0.22184164134792028 181 173 136
1.3491924951654841 4.4733585048481075 -0.5441610485624238 150 140 116
1.4304611056734844 4.7508918166280445 -0.2243624097870014 174 165 148
1.3471703722810908 4.459480036109382 -0.6147177382738105 120 108 84
1.387771361546354 4.528429772849049 -0.5031866901974124 31 26 20
1.4346767747118516 5.193084644187575 -0.18858025265000417 120 109 96
1.4101985963559434 5.203349814548615 -0.2859441217259652 15 9 11
1.4201903733861663 5.1247777125293155 -0.2822741103962983 77 76 75
1.135098608680062 3.297019442325616 -1.7573663336742773 218 216 210
2.6797176281672965 -4.949847623500109 1.2288423086207465 51 76 11
1.3046279505458729 5.819266473959386 -0.5775780154672207 99 95 87
1.4733164987341452 5.257192755439658 -0.19837041730195365 40 36 26
2.066159709225626 -2.3778036369847095 -0.22021617108893057 123 145 73
1.4324025712003678 5.571461379066698 -0.27141403842728234 225 214 169
2.549831934681282 -3.440519688390534 1.095039122210617 43 77 20
1.7531555487323023 1.1261873166385585 -0.382221603662085 157 180 89
1.3914252639682987 2.8774724546024935 -1.1677405468621191 172 186 128
1.4145319918314943 4.5723319164423835 -0.6470973596236184 86 83 73
1.4145319918314943 4.5723319164423835 -0.6470973596236184 86 83 73
1.7828733740356213 0.8246197668237195 -0.4509259233378886 91 115 20
1.4827060355889325 5.212045663540066 -0.29103279584663355 63 61 59
1.4827074032659662 4.7714722313652755 -0.41509468637372854 15 11 12
2.9751887476871093 -5.180276093966876 1.9939027289414768 49 82 38
1.5060660521760625 5.375830487611537 -0.1860810152461539 15 11 7
1.7705111319476126 0.01812713532980378 -0.7304252849775607 75 102 7
1.7899255186826981 0.8708028637964811 -0.4491131013874165 143 170 68
1.4551796289213446 5.473374703425714 -0.36346374411492194 68 64 60
2.061042206544254 -2.259689850556835 -0.41234777930958766 62 102 36
1.520598921930436 5.2978764926532085 -0.24916920583941252 195 183 129
1.4684687211956398 5.496580447629723 -0.37878776920493196 33 24 15
1.4861340896989013 5.160044039234413 -0.4100343998474866 25 22 22
1.499849435639907 4.7934915966218945 -0.49088278740679375 56 53 52
2.9762358734765644 -5.242956489599475 1.851787059088792 38 71 32
1.4989060936494587 5.511996578042259 -0.34187963466265336 126 117 95
2.3145084290419797 -2.6667045097263378 0.16258519206703478 93 113 42
1.8029253042883722 -0.8893707577752721 -1.1266139154957657 33 54 27
1.4739897332138645 5.60148772373096 -0.51753073595164 14 3 0
1.8689895547129871 0.05782088245962693 -0.6872043946406569 141 167 67
1.5615447488844183 4.887739952828164 -0.4714024345236066 157 149 130
2.7308064598064568 -3.5819613164601023 1.2406057605795031 41 69 20
1.555591491205829 5.382849037686996 -0.43687975894771086 35 28 10
2.5228189001723114 -3.0659327566324386 0.607077810049559 144 170 53
1.56649983343728 5.188746237041116 -0.4749865832785421 185 175 153
1.4835772998407546 3.0384639297104616 -1.4793958372426474 118 128 97
2.440355763199172 -2.9085741336290516 0.25101487520223337 67 95 42
1.5669259120137882 4.835295928783726 -0.6915538521744576 24 19 17
1.5936808712013282 5.205239086414063 -0.5528011836997839 44 38 34
3.745244824113378 -6.317519551192635 3.852749708410727 185 185 183
1.5595027938414912 5.333952471631851 -0.6623587913707653 24 19 18
1.59048087835793 4.8426265029132285 -0.7459744182295378 86 80 71
2.085707199527633 -1.115235188448827 -0.6844243326017229 64 106 38
1.9558778737268023 1.0456921604818095 -0.5503800369398585 27 54 11
1.9558778737268023 1.0456921604818095 -0.5503800369398585 27 54 11
1.5880009025601378 5.058980494962629 -0.7445067725818939 81 76 72
2.180648688182703 -1.2243638508469252 -0.4039257736036737 159 181 90
1.5965301829272904 4.946022995513308 -0.7668079686084026 79 73 65
2.499460943497943 -2.9057239559635932 0.23660385421541436 137 155 108
1.57175270206168 5.059452286604163 -0.8470958552339447 24 17 16
1.5805714374213733 5.360569541433311 -0.7446797788628082 39 33 26
2.03737296549677 0.08438375568316676 -0.6145606093124342 36 67 21
2.1406983180867387 -0.9977285490769859 -0.6109466002039647 133 166 73
2.997707442840001 -4.400292888693473 1.514542435917292 157 178 124
3.0143435307247466 -4.37955623933851 1.5721739669832318 157 178 124
3.0318245843793963 -4.64871580430878 1.5023025701529298 42 69 19
2.232081447064837 -1.4290044686000114 -0.4944642060369 110 147 18
2.043884944008781 0.6678378176548669 -0.6160110434194669 22 51 0
3.002570287222053 -4.018563689735968 1.4901757380967098 77 116 50
2.9954337422168074 -3.9487741221329458 1.4616169439189082 73 98 55
1.69478574319158 3.7396419239603307 -1.0980682300943323 221 216 210
3.0651189858605044 -4.452257842037448 1.5087219323708267 195 216 154
2.134890412418798 0.8119892810848233 -0.5108770751788888 129 165 47
2.9550613257171814 -3.495889576824534 1.2381830050076685 73 108 43
2.2593727538810278 -1.0447717921641828 -0.6651380724832954 132 164 93
2.778745367068197 -2.939605787219304 0.6669493715599286 71 106 50
3.863182964075372 -6.294450087452455 3.681817212010578 192 192 192
3.8615509139096003 -6.2708097969857 3.6694115917841774 187 187 187
3.87772199047526 -6.275067091661859 3.6203317448809176 176 176 176
3.860622014596448 -6.254064540846629 3.548073451759514 185 185 185
2.2447007647797768 0.13286603545812417 -0.7924483814241804 89 112 24
2.2613939775655867 0.69998945889414 -0.5779976833395777 146 169 77
2.3898481171196417 -1.2575906876160314 -0.6923879186341533 90 131 19
3.9235354833586413 -6.274233450918098 3.68951684008953 237 237 237
2.446323053773319 -1.2084283616646896 -0.5331455608088377 59 108 13
2.7357026969181444 -2.6854582934934776 -0.16794427971973702 155 164 129
2.3206190822278465 1.386289850265701 -0.8506509935984439 101 127 76
2.487177730005624 -0.28648161963300073 -0.7540594634650649 87 121 14
2.6626180449463517 -1.7957037152014934 -0.5618033323165235 157 186 75
2.5596350667749244 -1.1265236012166275 -0.7996153855362605 41 80 19
2.4617963224226007 0.2196234919303851 -0.9712371924623769 52 82 23
3.0724240637341285 -2.9441664908005354 0.36334721465334857 77 119 48
3.0959462092313164 -2.924756859739167 0.4593992864110737 77 119 48
2.2147650686189895 2.557346212847071 -1.5538715898122375 100 131 76
2.5361532349866045 -0.3309253586101971 -1.2214067263268185 206 224 173
2.5773228256404557 0.400759403204192 -0.8605748494970242 72 100 34
2.386019279412998 2.085668030941527 -1.108455685064218 132 158 108
3.447483808169213 -3.5270166959007816 1.4693990149455884 146 177 63
2.5742094010373653 0.761420803081848 -0.9170360466907728 233 246 228
2.7032184061068216 -0.5553243137614601 -0.8412221715799283 46 75 16
2.414261079383679 2.130596078224711 -1.158176389856214 76 112 36
2.7123179679387075 -0.6724635127625925 -0.9309712349553381 61 96 32
2.7104657038396236 0.5640901600160074 -0.8651631254610439 80 111 44
3.5688499964362252 -3.3947720866243154 1.141994406660448 65 97 42
2.8236142935420605 0.8053967009719468 -0.9105315403993508 72 104 40
2.828096340941492 -0.2534367712936947 -1.3374579326384728 195 209 166
2.828096340941492 -0.2534367712936947 -1.3374579326384728 195 209 166
3.078471539749949 -1.6804958531179457 -0.9583663122469809 134 168 64
3.844799128539129 -4.579569796088313 1.5216884192885158 125 159 104
3.777229536741984 -3.604545121272187 1.55986805449069 36 70 21
3.8786834270097725 -4.601465882549516 1.584224371303646 68 109 51
3.0122315780907476 -1.378392439854105 -1.5021992402110436 58 90 24
3.547960089817908 -2.94326171289951 0.25139145041752253 72 122 40
3.1002998084852433 -0.3805485243118068 -1.0224732731693773 181 198 143
3.3045129973546254 -2.479255423642007 -0.9102991240116829 49 83 18
2.972422304012301 0.29443757080395144 -1.5758418275979371 81 114 52
3.99914797571216 -4.609883469352913 1.37712569589569 48 80 27
3.045548627402208 0.7128657852718796 -1.3566693767446414 118 147 70
3.2474549707874227 -0.4713899495096342 -0.9316539619627365 82 122 35
3.2768034347449557 -0.8167410774181653 -0.9614650410864132 143 169 71
4.056708273556881 -4.68137420198512 1.4427171943095904 69 107 36
4.070189921505011 -4.654745984977842 1.515804709371295 69 107 36
4.014704150102486 -3.707363773407504 1.5993699204146474 37 76 5
3.7201013993475325 -2.766873651396897 0.378773087424956 157 180 78
4.545548060946479 -6.110022154515356 3.118734067831799 212 212 212
4.545548060946479 -6.110022154515356 3.118734067831799 212 212 212
3.324067411043832 -0.533571972691527 -1.3521225042272706 100 127 88
4.166362939728193 -3.69872821892905 1.6449669835866616 60 99 25
4.247697166030092 -3.790874129344138 1.422678416194296 144 167 103
4.3848754373523455 -4.984245782199653 0.9121526278850788 143 171 79
4.094433080107996 -2.918590098804949 -0.07860090324039382 114 127 104
4.421041708930512 -3.7842821331912218 1.064854585128813 53 83 39
4.4472863306657615 -4.561600049419558 0.7521565680648282 114 147 88
4.537694509376071 -3.9658426121418797 0.9397759647782922 94 121 78
4.6317505315082155 -4.586222999528549 0.09965264451934587 95 114 74
4.7461753261752095 -4.98568442271786 0.5801933797156628 77 102 63
4.893911617842783 -5.297417277962269 0.25096601234856464 153 153 152
4.990787931083947 -5.437220894146662 0.761376428739118 184 184 184
5.216196409213211 -5.877353201736385 2.417065824369574 192 186 183
-2.828951223816135 -5.266658547288184 1.801940370589708 40 64 37
-4.135059617342717 -4.950571022286974 0.3353501927931267 99 116 60
-2.5761639314047096 -5.415447022486131 1.7400382858081638 145 168 117
-2.7304038986725914 -4.586574116230096 1.029425715657981 128 158 76
-2.6465433258069146 -3.4005808459815774 1.2272059061214111 156 172 132
-2.0840562348738447 -5.590692964708749 1.6083649652862542 82 111 65
-2.6030624179009076 -4.969561711749703 1.0452996710154214 168 197 111
-2.6665886333538333 -4.810695839324506 0.9663243304211186 131 152 82
-2.6216115293184767 -4.7037839067523795 1.0019015887764129 61 89 22
-2.4805964184995317 -3.4460339663680597 1.2816414171057378 170 193 120
-2.4805964184995317 -3.4460339663680597 1.2816414171057378 170 193 120
-2.5710315041882135 -4.832360143533712 0.9748541943311246 61 91 27
-2.5141697958445444 -3.9826090920018498 1.120000058973243 97 134 65
-2.428661361550977 -4.8873514043333 1.080734035049582 129 156 88
-2.3611272195338433 -5.110138142491856 1.136606533725041 45 83 22
-2.6553578120688974 -3.3901829738001203 0.9698102803715329 210 226 202
-2.469300821358167 -4.763526096029269 0.9923432032678413 56 86 32
-2.4009834886325145 -4.116569623281003 1.1171162650391075 110 145 81
-2.654075823858297 -3.3013213446277714 0.876838365003591 145 179 96
-2.569565982440366 -3.141281557327158 0.9516392003973951 212 219 210
-2.324985841052276 -5.06055465446046 1.008176472070683 108 135 81
0.23916961474004148 -6.422683624308663 3.939008109259062 188 188 188
-2.050158755472955 -5.265407639238972 1.2773294298656257 120 157 39
-2.368400274783162 -3.3861856547320723 1.0306539685804201 118 141 73
-2.2023787279678113 -5.057964708917918 1.0317636557625751 64 89 47
-2.260563426140618 -3.341173624357384 1.1316945728793966 114 141 58
-2.3399688960466 -3.4064316251998865 0.9629455179016821 160 182 125
0.8300711370429682 -6.548370449594652 4.454520136569797 188 188 188
-2.2732397816906706 -3.7802698926651206 0.8940784514237985 156 184 112
-2.0876473268243125 -4.452404315470364 1.0268840572606386 106 142 88
-2.09104648830095 -4.834781728961949 0.8952611401189782 97 125 56
-1.4127505883235425 -5.118280458835073 1.5734193734795234 72 110 53
-1.8134094732987343 -4.777635526302414 1.0781211733743823 192 212 149
-1.640279483893069 -5.11440362206446 1.1767396597166413 123 144 96
-2.5170150603194617 -2.753622022100162 0.2699395854379128 94 136 62
0.5430473455125453 -6.3870597410848395 3.7691313900146204 187 187 187
0.5493702831778243 -6.377232932100456 3.778067044213935 187 187 187
-1.7215425724167464 -4.693148186474018 0.97848549278905 128 160 99
-1.7920459539040081 -4.556209598073587 0.8754478066957437 60 94 39
0.451581021628719 -6.357051476100573 3.567965211582593 195 195 195
0.451581021628719 -6.357051476100573 3.567965211582593 195 195 195
-1.5843998982466283 -4.850071219432985 1.0299309779717465 140 162 96
-1.8761484821186414 -3.314731150799554 0.8008682058889958 89 131 55
-2.282250703260498 -2.7464626422155423 0.3305469530265659 111 139 92
-1.3654486080540442 -4.938360711513375 1.2237596264133412 34 66 14
0.26069991820536115 -6.2214004690611775 3.1385408985973835 189 189 189
0.2620388860595305 -6.175155553907663 3.1045207334927833 198 198 198
-2.051884393690403 -2.6771964454668282 0.39519139807588355 192 211 148
-0.8978650345765361 -4.982923074424047 1.4600517880935877 62 96 53
-1.6973058582748501 -2.248670967733339 0.6472566626492926 32 61 18
-2.822103421510127 -2.505709938516239 -0.9467618577803876 32 61 18
-0.7588809062160999 -5.390042948965854 1.4907433450565324 65 96 40
1.1805778242757345 -6.430495647880932 4.015226958911142 170 170 170
-0.36822297585078645 -5.833770098565432 1.9125026797567848 179 179 181
-1.805267461974188 0.6129053143428611 0.7647296881057782 115 50 38
-1.7068965788586208 0.7214932047811647 0.9068298008623646 208 185 166
-1.7965211794361327 0.8534126323458063 0.764310562444251 195 186 166
-1.0066458463713723 -4.85858449075429 1.0650947794353973 136 152 112
-2.652700949430567 -1.7552020322391504 -0.9004580921760432 96 113 59
1.2520852903761388 -6.396702083777081 3.9424686335743186 193 193 193
-1.7604577343822407 -2.7594982792201375 0.17296700377313368 168 196 88
-1.2182246224954316 -4.33049602921687 0.6998206622187485 193 211 169
-1.6536802304431897 -0.1998127723445247 0.6421261903961469 132 91 86
-1.6536802304431897 -0.1998127723445247 0.6421261903961469 132 91 86
0.46131776187963175 -6.125149423021717 2.809111252544739 200 200 200
-1.5372193453353118 -0.2323604613133964 0.7694791791057496 203 184 171
-1.537360330459147 1.1239408469880765 0.9071507952798956 213 191 170
-1.7303845041094936 -2.8450393155955394 0.0959112319996408 59 100 16
-2.1011997722153923 -0.9050156098459032 -0.19073198544193748 55 84 21
-0.7221842965444613 -5.608656908434614 1.1182831510779 46 56 45
-1.5690401339297904 0.6736168352322279 0.7690076810074087 112 48 39
-0.6674959655234577 -5.608173503377282 1.164119356582356 145 149 141
-1.9536619001033306 -0.7949912095200659 -0.019220740280464124 172 170 143
-0.8980161038175836 -4.632644261658464 0.8869231080278023 130 156 92
-1.6599632171499734 -2.793023494561152 0.04434264516601195 140 171 47
-0.8763753803988014 -4.653732552864472 0.8872463617880259 95 117 50
-2.0672064859825623 -2.4017392392449204 -0.5657560617428663 121 145 94
-1.4772860805626842 0.7168836008668443 0.7006548645740321 232 222 204
0.8490526424052435 -6.1975879424282 3.106609823320244 234 234 234
-1.303885551907485 0.18386041907133244 0.8621647123201593 111 68 57
0.8191249729134037 -6.163921970751421 3.057511418170543 227 227 227
-0.904600566324292 -4.666159078184537 0.7382958335884239 142 163 104
0.9228912002080364 -6.199386521081678 3.1787211011715435 188 188 188
0.9228912002080364 -6.199386521081678 3.1787211011715435 188 188 188
0.8501731996269594 -6.200730339072579 3.05991063466899 157 157 157
0.8345358616530214 -6.160981115707426 3.0332838534408464 160 160 160
-0.9380310316396031 -4.263181393249735 0.7013883775969685 141 162 77
0.8778606973619774 -6.16767807011825 3.060411954058133 234 234 234
-1.173326923126873 0.6318809183400236 1.0149427475305803 155 92 86
-1.1609156930182196 0.6531931886154061 1.0336351690029058 172 98 95
-1.1339968210310034 0.5016665186818083 1.0287519660929858 232 227 217
-1.6667314425506314 -2.882412214506005 -0.2505710982235144 148 177 63
-1.4099529580245873 -2.9787981190740744 0.0685022085271403 119 149 96
0.7912504990271471 -6.108275517462023 2.857287976574579 160 160 160
0.7902322880417264 -6.110945295540257 2.8555979312440147 160 160 160
-0.37699866385298386 -5.653446610207747 1.1492442936403247 181 184 178
0.716360983018658 -5.704093068247024 2.711995150440045 234 234 234
0.8075208946658538 -5.609797886099037 2.8411591637696185 234 234 234
0.5736389327373035 -5.988172963718728 2.4353116053808055 185 185 185
0.4977120663476757 -5.888437187253748 2.330770269459623 234 234 234
-0.3760036493407353 -3.23817466597373 1.406119131420143 156 173 108
-0.3051414100398189 -5.626370738690404 1.1613110101845252 89 92 86
-0.9860328121371306 -3.488861520968934 0.44887098290329686 156 173 108
-2.11076782850361 -1.2316898169696806 -0.928593004645313 106 131 77
0.43625602038576916 -5.922227885268913 2.1839811044627973 171 171 171
0.5429389784696071 -5.973943454705378 2.3262661067224326 236 237 236
-0.16588304472255186 -5.6387531874929895 1.1691415042508733 131 133 129
0.4007593073127329 -5.868397142455517 1.9837220322549463 176 176 176
0.3293063662903558 -5.830148412795881 1.795404037695025 164 167 165
-1.8197656263507307 -1.4670194543646313 -0.913520229447705 87 118 42
0.33689592508522176 -5.758766524394588 1.7043057183739718 232 232 232
-2.366356629408983 1.2869954381893167 -1.4299497960791852 122 139 67
-1.7127859356383917 -1.4640320318234727 -0.8581113452628973 108 135 84
-0.3950044365920544 -4.107588506458323 0.7899757293860884 123 148 64
0.6957481258126343 -5.921368903296707 2.1928369957629914 196 196 196
-2.035671526254255 0.5357130104266471 -1.0975903478292297 85 111 46
-0.4304782724627937 -4.126793808918186 0.6580507158380376 192 217 133
-1.6342409434943355 -1.4843183159376252 -0.8793231819784184 19 43 8
-1.7707149116581506 -0.016947314251222943 -0.9409755826167701 67 101 16
-1.474965276948912 -0.2174597713942882 -0.5255155569731069 50 84 30
-1.4560891852412783 -0.7160979739047857 -0.6193261874293551 139 150 83
-1.4454121797766668 -0.657462061083043 -0.6363680238157235 148 161 92
-0.02527996408743754 -5.542414904513074 0.8511330212673849 38 47 27
-1.7620285479099256 0.3559027779689579 -1.0099591191735993 64 97 24
-0.0012112759366667888 -5.573391884888366 0.843060976275822 166 166 165
-1.4421122457035005 -0.2845169173202385 -0.6765640888114778 63 93 24
-1.692151981177917 0.7647964972760647 -0.9319722167877382 194 216 151
0.10097977039453354 -5.566295332567209 0.9010294626944927 202 204 203
-1.5643703242254015 0.7735100865425673 -0.8586062829343681 36 61 4
0.1688363015261796 -4.446843811108755 1.0535874094679114 125 148 60
-1.5434500681408592 1.0037610087138247 -0.8776594920988361 60 89 27
0.2467818525220975 -5.086041631509528 1.041935334203827 38 70 21
0.2467818525220975 -5.086041631509528 1.041935334203827 38 70 21
-1.5736727542324378 1.5888477344854914 -0.8826189260715469 84 110 42
-1.3191000343796206 -0.25427617306274414 -0.7630778235129348 30 56 14
0.18309544217791288 -4.430689116291235 0.9910885283711185 118 149 46
0.15097241082718177 -4.4207382032309175 0.8684860652866678 162 185 110
-1.3393620895531677 1.1926467951101092 -0.7486712360362774 68 102 38
-0.6430482470527892 -2.1341540007077477 -0.22193712190064718 82 103 38
-1.0048627017512115 -1.7446867718543257 -0.8079474031281334 84 108 24
0.33655566158668965 -4.933591719981204 0.9138094416494567 81 113 44
0.8245783483557696 -5.715053191918128 1.5118082808432403 226 228 229
0.38874539175732403 -3.8808413572121085 1.0764074374443915 157 181 75
0.0032056354870359386 -3.8960974495240284 0.41996488517072833 60 100 17
1.452871270495149 -5.9949904458466685 2.5265305002251477 188 188 188
0.08520379804504934 -3.4384838298987077 0.5720469188990536 79 114 50
1.2208349808833991 -5.891184630180909 2.0917087214883634 196 196 196
-1.0875869320860005 1.103188108996791 -0.6764148480475161 102 134 85
-0.9503635256539015 -0.266424241113035 -0.6841266856808405 116 148 56
0.18141600163804278 -4.18908889093207 0.5824779800154997 215 235 177
-0.7258886340247207 -2.587435376747078 -0.7215670658978587 46 64 36
0.3500209251285037 -5.4749012543540765 0.5993290782029913 142 146 145
1.4711561743255728 -5.979545472306793 2.4358589609788055 179 179 179
-0.9216709710038937 4.907227500073996 0.14293909495747537 225 223 219
-0.9298711905503442 5.069541817491703 0.14412964093385194 225 223 219
0.806590385595654 -5.612942577889425 1.317518894224347 188 191 192
-0.8648001940396178 5.075990973007162 0.25187336713661207 228 224 221
0.47229765444454314 -4.419483366123014 0.9212444507250405 57 100 39
0.019511653130441134 -3.501716380544309 0.28424747212299384 58 91 26
0.9663530531484655 -5.694336306352703 1.5226802098507575 195 195 195
0.5285058689150142 -4.4665434345127215 0.9556489017320559 156 188 148
-0.8267986547856375 5.0638920821524165 0.2310439182506784 26 23 22
-0.8926972117391252 0.4461307989300359 -0.7066193789926196 104 133 91
-0.9492129207923432 -1.4621126978084165 -1.1348855904949136 92 113 63
-0.7920082151140441 4.948422215627901 0.23437465451277376 34 32 33
-0.946872355955439 4.667886983198803 -0.11385889076702967 225 223 222
-0.8448507407959186 -0.0726537635926573 -0.7643427039733935 37 66 14
-1.3878927837861548 2.655735912203923 -1.2684499650525998 77 94 63
0.23385318491420126 -3.240257727498883 0.5351950431867325 58 103 19
0.5525276560291917 -4.725750346126384 0.831187294443041 53 83 9
-0.9146645258804673 5.587626666542478 0.04707375231369602 226 223 220
-0.7535327147866734 4.810424464868267 0.179913950776418 38 36 37
-0.7882183908343509 5.3881085619387825 0.2014536685662492 36 31 30
0.346904908087753 -3.1219374759163263 0.7078888663169807 222 240 205
0.17890227312444834 -3.418359898273854 0.3018379842425384 131 156 89
-0.5475276415446532 5.135981746545971 0.5100748274663125 153 151 155
0.7385854144077428 -5.232860381791637 0.9540866083722437 106 129 100
-0.20822682793720412 -1.9971311630576318 -0.1578438628399973 209 196 175
-0.5639748405427855 -0.28614920482853495 -0.5022220801530493 36 67 19
-0.6466644322929735 0.13499520242475538 -0.6072429118035796 125 158 69
0.5578554511906075 -4.200150629244877 0.7620667686234056 205 232 198
-0.4893410517238555 5.199253278795679 0.5397496751235903 106 102 94
-0.42126698634692283 5.084110723400309 0.6356715596026158 114 112 110
-0.7047808376116478 4.031248895279755 -0.09607363642510144 223 221 217
0.45236800213309564 -3.5639835348667024 0.6078208977469965 216 230 195
-0.5692732735175204 4.7900803954868625 0.23930761665705422 192 185 171
-0.499246047942683 -1.8044907284663343 -0.8169579459729832 164 150 124
0.5176643268781658 -3.5831676299776793 0.6904231816092662 118 145 62
-0.4063103345139371 5.164217904651247 0.5748777090243574 22 20 21
0.5915830415832647 -4.026283714977253 0.7290189102402548 62 100 40
0.6125466267128473 -4.1847121185170595 0.7308897170012446 59 97 33
0.6125466267128473 -4.1847121185170595 0.7308897170012446 59 97 33
0.762027814155999 -4.801817797623149 0.8823588789813723 179 211 131
0.4440159661495563 -3.549353864088092 0.5215636649754742 108 143 39
-0.43490884808780395 5.281961495776518 0.510456977423974 153 150 145
-0.47977981094846034 -1.701247111961264 -0.8429838325469757 121 139 41
-0.33557103407085004 5.173941054034398 0.6276149960420317 10 8 9
0.4628429874897073 -3.514437001944255 0.4774995107277804 196 214 174
-0.40061443770153626 5.339309810691136 0.49793909045765716 87 85 84
-0.5335135548997618 5.673907853481436 0.29850744521781347 231 226 219
0.2551906974540513 -3.3018935119802624 0.10781427764117396 132 165 86
0.06385163877407705 -2.195452707372739 -0.05562705455868645 154 151 113
0.5382484641894251 -3.4466759730379146 0.5699989441480956 111 143 46
-0.2541609872865051 4.8966824019456014 0.5836280335664615 67 65 62
0.5721249585025562 -3.1331625978656787 0.6051969997588391 124 157 85
-0.43989825030396484 5.636332835717951 0.35433350412432413 41 33 27
-0.36313028003325903 5.418253630878521 0.44775749503616175 23 20 21
-0.27716395124084586 -0.4523762428725879 -0.48267044115902735 103 137 21
-0.35415672435488227 5.5427482826686125 0.45342220888554247 120 118 117
-0.23397810645782663 4.867669273682028 0.5144570342706803 60 57 52
1.1112935594447757 -5.170233389032834 1.1107143897721419 126 158 58
-0.19818443438120462 0.12572808313373443 -0.36783280867363466 102 137 71
0.6086979104256736 -3.3924930696663873 0.47918940397411863 74 115 36
-0.6176775661206934 5.446165910432157 -0.17190408534744256 10 10 10
-0.06028543261400636 5.093714584447347 0.7262300193937024 12 10 13
-0.16633097435007052 4.155227598102382 0.3332693956942776 244 243 234
-0.14846398927011178 5.428888573214568 0.6051101680666966 77 70 44
-0.016266115315758663 -2.6375832168862243 -0.6640297853876985 23 39 0
0.2761671909290232 -2.8646527576515863 -0.18001072435814452 125 158 35
-0.029538680409730574 5.125774299991806 0.74159500272394 3 1 4
-0.12427449192348078 5.4442826434896245 0.6242624715553391 195 189 164
1.2546468932744201 -5.397662258653468 1.1652212330161857 71 94 67
-0.3258707751312603 5.829604028437341 0.25487202540246895 230 225 220
-0.03117922372220003 5.0102965328391 0.6492401029278887 18 16 13
-0.11634860939005894 0.14891165509640694 -0.4294673710261048 40 76 24
-0.09054024925456101 5.475034393689757 0.618724126066801 184 178 163
0.010417649401909208 5.011984874949086 0.6985750312515894 134 134 131
-0.12079174490695303 3.2862526795552767 0.09069187482762242 122 97 70
0.07844304929046762 5.077240956952442 0.7729162443917342 67 59 56
0.07844304929046762 5.077240956952442 0.7729162443917342 67 59 56
0.071286159402185 4.8628081080814205 0.7023573227668443 25 22 24
-0.036110073771977676 5.362376981773185 0.5919823455468552 22 19 22
-0.0875597912810895 5.603523229470114 0.5370769374990636 17 15 11
0.07428892781248071 5.148109781658585 0.7498388076806477 19 9 0
0.06324271743854455 5.210247406408733 0.7169229455909054 94 88 70
-0.0028385930097058433 5.447812175058192 0.6275380945736041 129 126 120
-0.30512912189760116 2.9564547487099535 -0.4386512989063907 137 131 94
0.8972367046221101 -3.369126961549411 0.6508895505167981 136 169 48
0.0339496292623673 0.06165437734600446 -0.35497761364805397 137 164 45
-0.05049304387826627 5.608066532638503 0.5369159532403424 20 18 15
0.1347228490479528 4.939173354373082 0.7582832994981696 30 27 25
0.8810233789069017 -3.2882938865711226 0.5974800096230914 148 176 69
0.08168649745969427 3.314110947197686 0.3222955806950363 165 113 99
0.9516399518200204 -4.364623457152082 0.514781562863845 116 138 81
-0.49349907831560835 6.202531140421552 -0.25153137666026915 227 225 221
0.0629729143154179 3.1731454679379802 0.2208250697836741 161 101 83
-0.027497493375068096 5.649204365409904 0.507602344520901 143 137 124
0.11710354902975861 5.198353106593778 0.6938483083632413 24 21 15
0.1635288514954943 5.038745395205635 0.7291416915208153 16 16 17
0.16399978330137474 4.395147290702373 0.5813751424728262 210 192 56
0.147523941332662 5.323701287109816 0.7048613230675158 44 36 10
-0.4185766195828768 6.326608852726745 -0.19978189207815777 230 226 223
1.5164502641208069 -5.034004736511697 1.3370023976003755 56 96 30
0.20944261681355975 3.6884544038533775 0.4878688601014009 245 240 228
2.942808563764671 -6.3562490038318575 3.8412923527739533 200 200 200
0.15880170472706637 5.3934257470630165 0.7130465577226739 105 97 65
1.612531016953738 -5.669074202467142 1.3607645174567944 158 161 162
0.15293247105362578 4.620324141048063 0.524343665581645 122 91 80
0.05771476656689617 5.6913331889374605 0.5218169070455303 179 174 154
0.43695294683281566 -2.6674987965252828 -0.40158897648984226 89 117 50
0.29453834471727736 4.475426836222864 0.7153813578163037 217 209 190
0.2448617542432351 5.155791023408918 0.7465631468628682 74 65 38
-0.2963721515058009 6.347818707189635 -0.10364906774780716 60 54 44
0.20781983536573012 5.448635713639815 0.7069032306074506 138 132 125
-0.07526207378989497 -1.65680331949332 -1.259470056697024 111 141 42
0.15385753982770503 5.553291080287672 0.6072068021468343 86 85 82
0.10784758876132164 -0.9751893164844295 -0.8060403844631223 69 97 8
-0.1760413723493553 6.1363461553938 0.040862372512824686 164 162 156
0.2737386838823788 5.103758308666354 0.722101671359716 23 18 1
0.26788294651363476 4.395157452369678 0.5420584538634045 215 210 204
1.348789144863021 -4.787411961566273 0.8485665718528425 64 98 33
0.18265903733817243 2.9923866167672246 0.08128223303672402 209 203 187
1.5639487609252027 -4.414283827553132 1.3262988209982025 46 83 6
0.22611124360943755 5.362730121130732 0.6140587518386268 10 8 14
1.2818400882542038 -4.6396497316691985 0.7155987683870259 46 83 6
0.3247501523504542 5.019772779462185 0.7292870686931114 8 6 9
0.20962830861016152 -0.05984278554389649 -0.5289527089169196 44 83 13
0.13587023808617302 -0.059539147794357754 -0.6697756247385573 44 83 13
0.7600647219237673 -2.6459594606493217 -0.0030559689711038415 137 166 82
0.22683849556035826 5.587259784500777 0.5705124017923039 20 14 1
0.28889627000897333 5.408670784541869 0.6450503617483389 122 118 110
1.3399114655618496 -4.537897906346833 0.7093660953659421 111 147 61
1.3399114655618496 -4.537897906346833 0.7093660953659421 111 147 61
1.4664305785323273 -4.85282290659871 0.8911917562585975 62 98 28
0.33561776106014934 5.307354659101176 0.6560065036710364 21 21 23
0.3884981637050477 5.1645158426851445 0.7154389690418905 28 26 24
0.2885972890087895 0.32511034195032845 -0.4761778959052229 80 118 22
0.17083716427456663 5.839368822140924 0.3932922219575348 184 180 164
0.4005487137626846 3.3528277264475497 0.3371290585818376 214 208 194
0.2834168782750939 5.658156061770847 0.5719246815973987 197 189 149
-0.1609832901857061 6.301812585780673 -0.19085373973210365 93 86 84
0.3626638866934397 5.359248081439837 0.6596493116889441 22 17 14
0.23191388767565402 0.1463100298501792 -0.7011107435051238 76 116 44
-0.09739274716264373 6.414475250918938 -0.09670003376056735 83 75 67
0.45196576634149827 4.9560876078104785 0.6986730426473325 134 132 131
-0.02716654428000099 6.288827856849084 -0.018456670554984914 23 20 12
0.31803974081041425 -1.7354541953709894 -0.9649438141874715 120 153 85
0.3600550408253792 5.61639242435986 0.6094352902263858 61 54 38
0.4621839656091155 5.335224348308096 0.7406277650403055 136 128 113
1.8662623330730932 -5.001524542145209 1.469644235565851 54 94 23
0.9718974040279906 4.396481409037521 1.577022598250056 33 31 31
0.2766965101881697 3.1049983539078223 -0.1210483843558788 195 186 165
0.28265320132537763 -0.15905607512500433 -0.7892322207482784 57 88 9
0.296593715315914 4.87890758395659 0.2698752176961611 245 248 249
1.9293146773709426 -5.127611754184413 1.5285954107558646 68 101 62
0.44349110712555906 4.842451847339342 0.5398597733669913 33 31 31
0.36896127816417656 5.612912570523827 0.5408780224705924 122 119 116
0.4642888192595901 5.407510628575451 0.6937324195874367 54 48 30
0.05513399415038829 6.227916218843655 0.01657831690272694 23 23 25
0.2166361966900123 0.5248791301144905 -0.8516188358686497 167 172 128
0.3275227806245026 4.528244596679296 0.20499368820656444 247 247 249
0.32273195558568324 4.53293275681237 0.19761046940286822 247 247 249
0.31900566926093976 0.36506684093233405 -0.7011352411534122 162 185 104
0.24354226641675292 0.4802926388379617 -0.8460644210423235 214 221 178
0.3888030579161234 5.637259004956271 0.5228780465185945 141 136 135
1.4805038853446066 -2.248560659146278 1.1283156226111264 47 74 1
0.41149136108761003 5.5895919325952335 0.5448891059872137 16 14 14
0.4068605418023218 5.593906777497802 0.5372170845657639 16 14 14
0.33266426135075866 5.729572932765977 0.39094987646234836 34 32 32
3.001189862692423 -6.220659753856458 3.4150273750421203 194 194 194
2.0330526358760004 -5.231064653571668 1.6096893282611433 114 144 95
0.5824220927022836 5.176600515992067 0.7734078278322224 184 175 147
0.44864123326914057 5.549020410384481 0.5646916512815097 120 120 120
0.16624769465012898 6.134940157225756 0.06479768431223007 92 88 96
0.16624769465012898 6.134940157225756 0.06479768431223007 92 88 96
0.5290355461784423 4.856365248112948 0.5468982538844895 101 99 96
2.0572768141925595 -5.24268717080287 1.6001790994143983 56 86 42
0.05349537337176809 6.54483343762254 -0.10258674699571117 230 228 224
0.21339600178132118 6.014745168744231 0.10810865346533394 116 114 110
1.0087312355897804 -2.6302890518782083 -0.06858923807073884 198 206 154
0.20368045628641698 6.257959510315769 0.09884150818140329 68 60 21
0.17358757112594927 6.194591947353454 0.018301953736151216 15 12 13
2.1199808258273247 -5.404357700690915 1.6389982007139379 55 85 49
0.6095611968780765 5.064425425892298 0.6795461099332898 14 14 17
3.160939845943592 -6.2801070029359884 3.626124982702249 197 197 197
0.16438409093272047 6.349066986509958 0.02421680204450483 195 189 164
0.23469894000503388 6.20987801225284 0.11615141732469636 179 167 120
0.6400316842839769 5.137806420011497 0.7288583408595063 186 179 153
0.2548986921369272 6.265579590636526 0.13111811119230585 37 25 1
1.76898421973273 -4.954053073194273 0.916586018153423 128 148 100
0.5336243917620211 5.545109004709952 0.5275969757851747 22 19 21
0.6047116569195298 5.323233980422141 0.6169239918397933 27 24 19
0.531642163118671 5.602201232568877 0.5208156476982745 182 175 154
0.5554818513551844 4.115457040990547 0.23677532864202008 249 246 239
0.6213984369992975 4.141924409696568 0.35509820965987016 239 235 229
0.2583477252062616 6.331029936820981 0.05790945700518488 198 191 169
0.5705815751525669 -1.1060817068655944 -0.9033735327068895 117 151 27
0.27666484531823143 6.198316636583275 0.023735114434602217 27 25 28
0.5803923225148789 5.571343763775082 0.5317035403922581 155 146 130
0.5856857476794106 5.614602216887841 0.5181781701557657 62 52 28
0.6109961310561203 -1.7621548729064886 -1.0345386764189475 123 151 82
0.3789026751992514 5.960401675835474 0.14407909477641512 28 21 4
1.6262928911023151 -4.127467522760319 0.6194787416949036 67 100 37
0.6584624381659464 5.444122569087179 0.6093132028857686 200 191 142
0.6770813688908539 5.381911063680942 0.6145290407296456 58 49 22
0.47748521625463697 5.82316813635278 0.26404578235012655 41 35 32
0.6909509554561319 5.408216845570283 0.6242788520774248 195 186 131
0.6909509554561319 5.408216845570283 0.6242788520774248 195 186 131
0.7522859481321553 5.084326957871698 0.6784241372057381 28 22 22
0.2543700468285667 6.419793351575479 -0.10918056800314883 24 20 22
0.41870165616491567 5.956375876042419 0.11907978087982012 187 180 146
0.6609468009698043 5.444409437245376 0.5181674984498142 73 68 53
0.6720329570229349 5.438128390800487 0.5425876528130874 73 68 53
0.7613115343933592 5.014932348752253 0.628932965296857 168 161 137
3.212603245738473 -6.219693591975906 3.445608251923561 232 232 232
0.7557291057572141 5.194857289304029 0.6255304323618951 60 51 22
0.3896184563951808 6.2368269059666055 0.014648377545063354 32 29 16
0.7459716278322149 4.460958876070476 0.35602830563846327 225 222 218
3.245684788879755 -6.215256378859821 3.4488158652876164 173 173 173
1.2166627294666883 -2.464486427904995 -0.16501365909313784 210 216 166
0.5856924395956338 5.769606231050682 0.28189137465131525 154 148 147
0.6244926729575474 5.691404161970568 0.3302228561648327 42 40 39
0.4533974778076576 6.247019151375938 0.05053680692500896 62 53 32
0.7508802594910996 5.386626353067412 0.5054682638543025 25 23 22
0.3600923913525787 6.473180114841805 -0.11123196225196363 39 34 21
0.6962451045364313 5.5086511524154576 0.39331481080012753 34 31 32
3.278432893532549 -6.213693469140876 3.4488613147869636 177 177 177
3.2810474496173643 -6.20469444070663 3.4559473907746763 177 177 177
0.8101927739281387 4.491882709862469 0.4064232232202403 54 51 46
0.8489016859991225 -1.6151997565038505 -0.8734045784493619 27 53 10
0.7769364972651062 5.332558330621136 0.5128738120193849 24 22 25
0.4809932239470389 6.232664151901391 0.04955569811574959 50 39 13
0.36279104546357865 6.508752814309398 -0.1480823110703291 173 167 149
0.6442088012008588 5.754920175314452 0.3025106718785421 49 41 25
0.36640991376313486 6.531885480308388 -0.14939695706474035 148 141 118
0.8210976070351368 5.130245722196393 0.5394754109823932 163 154 135
0.4309902031213982 6.3834719650372636 -0.05131793759356737 22 20 21
0.656493140735716 5.780763705345399 0.30266539274709875 210 203 169
0.38028431387494427 6.54718603029407 -0.1440902453910171 165 160 139
0.8707027732368254 4.9767194094117375 0.5679497524861293 214 202 138
0.5007785489168431 6.286746141254989 0.03888790712210325 203 194 142
0.4987548636662253 6.289284822845173 0.03612236641837769 203 194 142
0.49209777019905565 6.228283866282766 -0.01739650524821309 134 125 112
0.4282011372093364 6.481033061944623 -0.10770220618454053 162 155 135
0.3567249541058521 6.631305670918194 -0.25045286092705055 42 34 20
0.8414843050829315 5.3089237129423115 0.5177310114575178 126 116 92
0.6980326110860566 5.77676620700685 0.30268226731604553 180 170 137
0.7714391896448124 5.5845234070015906 0.40021736852476875 24 18 1
0.4329453033436372 6.5364893526397445 -0.14349071257437476 198 193 180
0.4701178321737528 6.395788995943954 -0.1046872229680015 39 34 29
0.5398551831678472 6.175666153341188 -0.01644835500685646 21 21 22
0.5757403277726938 6.001212667877236 0.022269135780051734 35 26 20
0.5119668680552364 6.271407986251019 -0.09313567197798417 157 149 132
0.9123054951002276 4.449790157705247 0.37544624497125895 65 61 55
0.8797179914222337 4.471276251462273 0.30740933678293114 65 61 55
3.345469286464038 -6.175011135851219 3.3965709660563475 202 202 202
0.8415394387715921 4.443752757011089 0.16773800263670785 224 218 209
0.8123788524804387 4.738751921233142 0.16646167634279505 225 217 202
0.8054110280060658 4.73803601603958 0.1462849170968386 225 217 202
0.5228732602445424 6.350228896675928 -0.11543212600912546 146 143 131
0.9525211719559148 -1.5638686350875959 -0.9919689539727657 138 167 112
0.6597926264463037 5.921934152534405 0.05900135681250438 197 191 172
1.2815678357143965 -2.36497643157062 -0.4793945614477385 163 173 97
0.3783313154439768 6.7322579087318735 -0.4665395075483716 35 31 25
0.5686255309776097 6.272170339589105 -0.13859560952708702 99 94 90
0.5413663700073628 6.352744648954908 -0.19047496402659117 139 138 128
0.573993349336153 2.869559954587462 -0.9386897075851187 221 214 188
0.9725300471368464 5.081970926804038 0.47396034243493235 169 154 119
0.7005054905089424 5.941678289953103 0.05404816898508943 161 155 141
0.8837567896296632 5.5767290890345835 0.38584181930785416 146 139 124
0.525470620700354 2.7446073256296697 -1.1148496640862542 231 226 206
1.2953992357600133 -2.318717055491073 -0.533393284475691 166 172 104
1.3275934812358177 -1.825004886449749 -0.34477790175234646 155 161 115
0.5545494887696379 6.403641529584335 -0.20792380242566677 25 20 19
0.9178690576486263 5.496547602954033 0.3919320229644243 40 33 24
0.5539089866954292 6.496590225330422 -0.22782698084520742 139 135 132
0.8915560896964274 5.588387800477239 0.32351939332229457 28 23 14
0.8835987873213434 5.596819879207195 0.3087698903958359 28 23 14
0.6173271981026557 6.280801638519482 -0.14256193514204052 24 22 19
0.5865139144864753 6.502310179376353 -0.21778514679137534 34 29 27
1.522729631027486 5.009494092414804 1.587433349478325 142 139 135
0.8923181569650879 5.643334578722995 0.28147350156837303 142 139 135
0.9069841857655813 5.564232928431699 0.2918020700994899 69 65 63
0.6717972659959052 6.069030402938698 -0.13405532511775325 122 119 115
1.0031251975073325 5.101806813014176 0.3872870052142796 139 132 107
0.9382420529043237 4.889357037332413 0.18563922970549437 39 32 30
0.7102435286872586 6.030090954985279 -0.08524161043325826 128 125 124
1.038208244482346 5.187950148705606 0.4718723531792075 205 191 132
0.6103299349097424 6.518904147799013 -0.20599909604023342 205 201 188
0.6735264817984412 6.295211260483158 -0.12497580238881226 34 27 13
0.8496003289120726 5.7919270756111425 0.15221310714412412 32 29 26
0.8529049183738983 5.789232970861007 0.159413029231046 32 29 26
0.6916486844005286 6.323341846514071 -0.08995868853473593 203 200 187
0.5379582208139981 6.64320910596248 -0.38013945064158144 63 58 51
0.8634269154458718 5.815978019647647 0.1506887678687686 146 143 131
1.1056590819626497 -1.1551100837403372 -0.9436492603283072 118 158 85
0.8966930274554089 5.737405252539032 0.19717318761345892 114 112 115
0.6569718017002621 6.442471203743929 -0.1962255972536546 21 14 11
0.7074406395192451 6.336775907254997 -0.12395971583197536 73 70 57
0.745173746711277 6.087455581152562 -0.10916721736829234 119 117 111
1.095958872617892 4.932369762804229 0.43044375163055515 51 35 8
2.7615098023199645 -5.237607348165156 1.8892905742807045 43 74 31
1.0287203620071528 4.824498005433976 0.2357983888870008 95 91 79
0.7337226340189442 6.25805616307409 -0.1195142246482619 26 22 9
0.6622576213155903 6.486882932444913 -0.24680729510586016 116 110 103
1.0496945110834897 4.31449033854155 0.12984829459336192 45 38 28
1.0496945110834897 4.31449033854155 0.12984829459336192 45 38 28
0.7183403214204137 6.254620470639781 -0.19071421954072065 68 64 62
1.058292122068279 5.374310776028047 0.38811780052335043 199 188 163
1.0793964885067542 4.870232010172416 0.31148069808907575 161 152 130
0.740767870405796 6.368704888575184 -0.12303115612369339 159 156 143
1.1501454122040575 -1.1019814864247666 -0.9654190389353294 97 134 66
2.3601835189271894 -3.9479416635444813 1.1677844927532919 149 172 75
1.4541622284402484 -1.534250999479401 -0.39772920181875526 160 192 86
0.7597649273761709 6.207784813987719 -0.17168263783899285 29 24 20
2.416020289430454 -4.241669159972954 1.2029243257431443 41 69 10
0.7815665617738378 6.24271778279598 -0.13226625092212638 37 30 15
0.7912146970599835 6.262455450118343 -0.10296525510499084 186 178 148
1.0040738962234008 5.506969050303258 0.19729295331254929 229 224 186
1.083551374680307 4.73785720391086 0.18803943598935843 54 49 42
0.7823442532503906 6.311468427765817 -0.1440629154576749 90 83 68
1.1386791675777148 1.294074592639457 -0.5243271889301513 123 143 49
1.5523252862281234 -1.7322836369731796 -0.2815259471177198 213 236 160
1.508622206975392 -1.553949054568828 -0.37602367917078383 94 130 55
1.1997309287926325 -1.0494449827414176 -0.9855687175959843 102 139 64
0.9560643843968868 5.7396492890442214 0.08275442290604566 225 216 183
0.9931012807799418 5.704024596715575 0.1591637168878477 225 216 183
1.1069952441872448 5.391446337307256 0.33409072060067896 201 188 146
0.8035683376213135 6.330034382312862 -0.1771048460063277 159 154 142
0.792227505624629 6.207290656278988 -0.24220556154371994 49 47 41
1.1349900596287117 4.800126309776056 0.2106756188079692 109 103 85
1.1008404669599892 5.318371712128348 0.2475712963900518 77 73 71
1.0784144913293123 5.6106298588449155 0.25217206205697956 61 47 4
1.0951507310948192 5.418460319964675 0.23334703423564543 62 54 35
0.9068279616416793 5.959520566003475 -0.09839853105560366 161 155 144
0.8938110404036 5.907976733413904 -0.1544522622538563 109 103 102
1.4906236777777093 -1.4874608842971153 -0.549947539639691 67 106 52
1.1402516768589166 5.342746876073663 0.27728411911673756 21 16 17
1.6366932413613113 -2.2147131496508408 -0.39745852922671415 61 70 9
1.6356923444500358 -1.8784720545551452 -0.3440048808274639 99 131 54
1.1198402363906428 5.054946738256685 0.12309203765352608 59 55 53
1.1256401592866634 4.738177249481998 0.053561666769867754 29 24 30
1.1199399965798347 5.586476774417586 0.25297975902678516 141 129 103
0.8400229555555377 6.241116022140333 -0.26534966080066286 10 6 7
1.1486329598259684 1.6463636924802698 -0.6741711557764721 105 137 21
1.3133666839793146 -0.9946886127147324 -0.9363488799339025 76 116 21
1.6658697219705325 -1.797203485338839 -0.28344702255423576 124 156 106
1.1386461152620013 5.011260317545854 0.12043463303859706 75 72 72
1.1380765828277668 5.454251268290525 0.22212307032486908 17 12 9
0.9521194322988024 5.897586477749992 -0.14764661182380065 29 24 20
1.197594728802481 4.908667638251516 0.18760461031601258 128 123 78
0.8539190771396278 6.304141855837402 -0.2948840304823312 33 25 9
0.7939428677680789 6.496103440135391 -0.40200550554062764 161 156 150
0.9474436506551991 5.9417443670354375 -0.1708166734566445 148 145 136
0.8473145654212381 6.2638408444725755 -0.3504971846072936 35 30 29
1.6896325866381865 -1.6061098428933134 -0.26679630470591753 178 201 173
1.2642391558247663 1.1311208305364948 -0.6325547754300985 35 63 20
0.6559946221495893 6.752155774278728 -0.7183663246999422 231 226 222
1.0746824009363276 5.7173138374381605 0.05114740801179471 24 22 18
0.8977409447108863 6.2969134602284145 -0.24010832459394352 195 186 160
1.2778490838294987 1.1865131946558551 -0.6064771288177176 34 66 18
0.8250170554396723 6.454511736054176 -0.3976803333098983 26 20 15
0.9249886703994017 6.058095114246088 -0.258166895215786 33 28 25
2.4687740515657937 -3.4705229636735817 1.1202486757151608 132 163 78
2.670776069336722 -5.041369133190155 1.1950826945612183 44 64 12
1.7432682744406611 -1.9849422330402597 -0.31535565255946824 111 143 86
0.8440756340082282 6.39018395743228 -0.4167014289099582 110 103 75
2.969545908883968 -5.179408144485157 1.8574534184542988 127 163 114
0.9819348606675586 6.106352153354782 -0.2521878300384555 209 202 169
0.902427264440044 3.3653075920708546 -1.164440650151213 134 136 93
1.1474158137249626 5.655421517643931 0.029281167580344446 34 24 4
2.2437289061998444 -2.8471933662916986 0.5560805639200671 227 225 208
2.2437289061998444 -2.8471933662916986 0.5560805639200671 227 225 208
0.9914810133696595 6.0346125170681155 -0.3095259386818386 31 24 12
2.7766824863727813 -4.217813320121652 1.506413425687806 212 231 165
1.2594608997847867 5.2660735482731935 0.1551081157421213 29 22 3
1.0923353165699277 2.820129735191786 -0.8957283359103831 128 140 78
1.219922812949214 5.370819944024671 0.06515935108359686 91 85 69
0.948883038362534 6.2808814883342245 -0.3757694823125835 156 146 130
2.2828523051331606 -2.9808621620153675 0.5648326305102638 66 101 15
1.28530759452941 4.9894320057585935 0.09577677648722097 28 18 7
0.8842560994050636 6.4770288165356416 -0.5373004228941266 59 51 42
1.2759840577549673 5.228012563922431 0.10966990157387875 16 11 4
1.2579612789299586 5.386519685639578 0.10237272097908016 174 170 159
1.2809454404329457 4.909493273378563 0.024106018921864363 40 37 41
3.0233269328849524 -5.193564313696152 1.7865727306865682 56 98 26
1.1579565715233808 5.722829433448818 -0.07882694454863942 21 10 2
2.828398999984346 -4.751669283122249 1.3990847516741003 93 125 27
1.2147774672406129 2.487312174610099 -0.7802202177084568 85 120 19
1.271194804717718 5.330567989041615 0.08609705612115194 196 184 134
1.0014777908552872 3.175459745312201 -1.1482181182657147 65 69 32
1.1235956458342662 5.8380680591731275 -0.17348900542752996 49 37 8
1.2720299152516472 4.558595802920091 -0.13898202789524874 87 82 63
1.2331212787911932 5.285043630978646 -0.06691122470690254 14 12 13
1.1941445465652742 5.6642925813018765 -0.06570518272458238 32 28 21
1.4463472666814943 0.5676354792134677 -0.7616284003811946 54 81 14
1.4497508509331747 0.5703452590331023 -0.7517930820200129 54 81 14
3.1716606327920505 -5.269622055124049 2.0662992261593844 41 73 37
2.4929591852682673 -3.2891600635442297 0.8678274884585253 136 157 103
1.0927666331058687 5.935989149930258 -0.27944165819892536 137 126 86
1.337380841617296 4.94257766622575 0.07057924134111494 12 8 4
2.6678289206672128 -3.477564165256297 1.232009489092154 47 77 23
2.6681552942980815 -3.480287574376717 1.2313399242858325 47 77 23
0.9935414046029387 6.277430118638548 -0.479778583042813 33 27 22
1.1299544979215679 5.878835523092989 -0.2592638435394946 184 170 119
1.2439834413528237 5.635493732469002 -0.03955760524611524 45 41 39
0.9987722666442143 6.339936839958428 -0.4990837000792307 64 60 51
1.0435156828346346 6.074032793383833 -0.45755861655940283 42 39 38
2.772210546461013 -3.7687941442287043 1.3357288665881017 122 156 97
1.1401952023944986 5.834366861545041 -0.3085125794557059 68 61 56
1.56448293150671 -1.0036028226250393 -1.033275752717411 39 62 28
1.4888400463422693 1.463367309098962 -0.5917959821067051 132 157 45
1.2395174325941265 2.661547181860206 -0.9234175530993706 64 100 24
2.734429700805094 -3.5808474161956068 1.2479073483082388 36 62 14
1.274067579356066 4.4421767343872425 -0.38053742264360924 46 42 38
1.0165066840003019 6.350740267093675 -0.543954465434516 189 175 142
1.3359449994723802 5.346452840268508 0.004739991092345417 80 80 75
1.150679836479791 5.907797716830911 -0.32646373843743354 79 69 53
1.2690444643185528 5.566337019059037 -0.12996800317315196 131 130 112
1.3786797933522408 5.109311799646478 0.02016720387769399 48 46 50
2.0788955286628283 -1.9532147193699991 -0.057897560178997755 109 146 45
1.4905904993355927 1.7745350114404077 -0.5999636442277976 133 159 44
1.0220673927637731 6.390886469631314 -0.5900435702362168 75 64 46
2.6510154872501275 -3.3410997517015044 1.0216098063769736 124 150 97
1.0298085838464868 6.321713172957809 -0.5933206500491119 84 70 46
1.2908644797770426 5.655079214916633 -0.11337319679711379 101 88 36
2.9744410595668502 -5.016297976630337 1.3647250218375613 198 217 175
1.68256891348709 1.0070348543888128 -0.38669001017637145 133 164 46
1.0731066194209808 6.167670265233335 -0.585870819813422 175 162 120
1.0421499942980474 6.391505259282553 -0.6217414058499261 230 225 219
1.362775610993422 5.330472649148549 -0.07651535935142013 17 12 15
1.3627628283989415 5.329603387929236 -0.0778541536480728 17 12 15
1.32003306550726 5.623535181062289 -0.10763400690008733 58 41 5
3.02842897038366 -4.36088895659317 1.6428423102669594 122 145 71
2.2165775138189 -2.509939963415944 0.0011613951825130652 118 137 53
1.3597962412975906 5.51040948685666 -0.0718378509238741 82 75 53
1.4108608865755161 5.138162218461707 -0.053785868130207644 162 148 118
2.7245204243158363 -3.3299219720067392 1.07581133925664 63 96 28
1.3297610626362009 4.448480995017327 -0.4899480904256949 45 40 26
1.3963235470352011 4.718375951473399 -0.2510449467732495 32 26 18
1.3617931731117572 4.6356097395645035 -0.3628257871036328 16 14 16
3.8240459736187966 -6.119827366523659 3.1394744702292336 201 201 201
3.8240459736187966 -6.119827366523659 3.1394744702292336 201 201 201
1.0135194087048651 6.213399991091237 -0.9054714300308451 230 228 224
1.1457738988315471 3.3453464895436618 -1.3467965416331604 180 175 153
1.4119745196697246 5.4605888158125575 -0.05991616553577169 184 173 120
1.6683258669618222 -0.976380552667053 -1.1490126119209052 36 60 28
1.4242773309485042 4.755489101210027 -0.2421246754353858 173 166 146
1.6225198125308813 1.8045990848030982 -0.5263988270848834 146 169 77
1.4388308790306787 5.199614361473081 -0.08323016396015756 190 181 145
1.4101070266894142 5.423380328202904 -0.10300623507714456 197 180 119
1.3340612590274645 5.692933786676243 -0.23273246534340739 146 139 106
1.7361428296896118 1.4608412977352965 -0.35180051222139896 147 169 85
1.2513083430734795 2.914864093662685 -1.2415461275721313 127 148 96
1.3361881036553205 5.640476897593691 -0.30427292983658816 124 122 117
1.3009302497369444 5.776350205850806 -0.3697400109913734 22 11 1
1.4469807428189898 4.741124082278565 -0.268510376414307 33 25 9
2.421456685706288 -2.920272428233665 0.20272171733976047 61 88 36
1.7486982312649955 -0.443248582704764 -0.9152599558565635 22 50 11
1.325341200939783 4.9921910930700255 -0.5590642148652937 26 24 29
3.047228581969083 -5.084050234933431 1.2427045446886649 158 181 133
3.0996213144306717 -4.684075825450132 1.488728444866882 39 65 7
1.306898506290742 5.720962097703737 -0.43950058954870685 40 33 30
1.4671898116582083 5.215996533906326 -0.17130494490634565 3 1 0
1.3871637376136803 4.4578761875257005 -0.6090354914122014 168 159 140
2.8701618676174916 -3.4289231400917832 1.1633888177936846 75 109 37
1.848741434590135 0.5793556782957411 -0.4746871911303556 165 189 91
2.0802722257331667 -1.323368732736299 -0.39629286295504484 204 222 169
1.4590730426018563 4.510487965407354 -0.44597357606086624 79 75 67
1.4044953010237855 4.486935059037319 -0.6246796096975474 40 32 17
1.1492188672811992 3.1425133438635986 -1.6899358369701822 217 215 209
1.8182294916144406 0.8486265363393477 -0.5660239593465479 58 85 7
1.452277893965111 5.4639474070942065 -0.2693681892706935 44 38 33
1.4227127000650845 4.552933822833643 -0.6213957390540396 87 83 74
1.844836205780494 -0.6248053123604674 -0.9280333447780958 43 70 22
1.437895248079937 4.47012092988365 -0.6144673462849952 183 175 159
2.091544967087584 -1.3191485602530353 -0.47656329580398016 106 138 21
1.8314068939819064 0.7936893710680402 -0.5965068119601902 57 86 1
1.3188075067702267 5.844162388908978 -0.5751692374770616 21 13 3
3.2398360570828437 -4.764626746037847 1.6378640579815609 56 83 22
1.4863068594960307 4.877337306497495 -0.4075039945785817 20 15 14
1.4569121073480242 5.539127188523878 -0.30290788301030264 198 185 146
1.4443232575017757 4.529054820976712 -0.6267830257856662 3 3 1
1.5042026914170403 4.982379291136696 -0.3444688959371435 100 90 86
1.8470594137556082 -0.7816870314417942 -1.041655706413879 23 46 18
1.7599231570887328 1.7251097752913012 -0.5856675165490721 57 89 39
1.488398291998325 4.574674864642835 -0.5241770406986631 99 95 87
1.8713259756319394 0.7324005868722521 -0.55652108838322 54 86 0
1.4397707970186664 5.607302304114019 -0.3708334488419304 204 190 134
1.4490319611224827 5.597689833028289 -0.35054372247535276 204 190 134
1.9775284270776592 4.039808903611752 0.6364334889589274 189 181 161
1.5044132991013188 4.460240734739787 -0.5341382516482331 189 181 161
1.5022961781070618 4.8303739593988375 -0.43556441811118296 52 50 47
3.484832825316112 -5.4114126133230345 2.059848412784787 164 194 147
1.9176797861420767 0.24221514111399947 -0.6307972157769538 122 151 68
1.8772069266796783 0.2929597898984614 -0.7353247943955831 109 140 69
2.596430705844095 -2.9785241575930117 0.28993363989797183 79 105 54
3.0506163193840825 -3.574047430837207 1.3078358882398462 58 95 25
3.0507240971699874 -3.572808797790555 1.308481404575007 58 95 25
1.5039025529870198 4.54666735708758 -0.654574613846613 239 239 237
1.5155758313264058 5.345671436352206 -0.39168186469565025 14 11 7
1.9578911516531372 0.2310495829703688 -0.6489559549818111 37 63 9
1.8008229980099175 1.9398521481395914 -0.6041853724050926 91 127 69
1.5554200776114748 5.065317847094804 -0.37607894391947816 23 22 14
1.467854462523983 5.5291869257054245 -0.4898994278276395 21 17 11
1.8389943702065519 1.6674313986969593 -0.6051702798074378 70 109 49
1.948342813496728 0.6878357973049817 -0.5912640805102822 27 59 9
1.9431455199785426 0.9212329915856071 -0.56080849568678 85 109 68
1.9431455199785426 0.9212329915856071 -0.56080849568678 85 109 68
1.5217420465621894 4.591406810245981 -0.6801716389667352 29 29 31
1.9518727445647366 0.2168146825860148 -0.7446438845951902 77 97 59
1.9518727445647366 0.2168146825860148 -0.7446438845951902 77 97 59
1.527020408879755 5.3703619106707485 -0.4569272199749583 95 91 87
1.5365293772919877 5.319943366938887 -0.45636072963510865 17 13 5
2.5106369744843486 -2.38838033481727 0.02470688731190493 149 173 143
1.466026487442665 5.651623454588628 -0.5706942506716488 174 162 131
1.540813125377287 2.8283123568873783 -1.214619573543389 80 102 44
1.9539090866922928 1.1995652714263494 -0.5361206892294963 28 53 15
1.9835532366720885 0.934678345349537 -0.5380084557358629 31 51 19
2.543973867256793 -2.762648519882417 -0.052183626253481295 139 161 83
1.3755605500908434 5.879367710969498 -0.8213551447939231 230 228 225
2.0463486992216944 -0.5876150529634402 -0.8749380974009134 85 122 17
1.5595888345309705 5.435799320706841 -0.49487907699356126 160 150 120
1.5601132570420815 4.751951921865971 -0.7194222336575028 70 67 66
1.6638073605173793 2.6282163899945465 -1.0570301244778886 66 102 40
1.5760576560257407 4.944758474610387 -0.641414136202032 24 22 17
1.564161143062365 4.907920085334914 -0.6933730939322486 15 11 6
1.4799969219970752 3.0326907151683926 -1.4958396193665875 123 135 96
1.5623511107155235 5.285786076680105 -0.6162111132881922 87 82 82
2.177515809416208 -0.9810859952542992 -0.7377327793436761 52 92 30
1.8644194742448008 2.030922248593513 -0.7411345995651331 127 157 83
2.0230752577849467 1.1029108412505813 -0.5741250437319925 54 89 20
2.0464477109850296 1.1715572244799084 -0.49958362977364823 60 90 27
1.5717168503854289 4.934627292519757 -0.7481157520124567 136 131 121
1.5325512947454274 5.646420089528281 -0.7124535917150095 82 74 60
1.895137987308444 1.9992181609155795 -0.7659840478213654 95 129 27
4.20563149199358 -6.194927200786378 3.375443413558456 200 200 200
4.20563149199358 -6.194927200786378 3.375443413558456 200 200 200
2.1087260888266974 -0.6844278080043285 -0.9823726874390051 45 67 8
2.1359668259473037 0.18589913413141362 -0.6675504822112435 176 201 117
1.8967297586526104 2.1804672781160233 -0.7830959847221347 96 126 30
1.6519735465350633 5.083356406086919 -0.6404928677908301 50 46 38
2.7340437796815933 -5.655433710709681 -0.7445454519392496 118 149 38
3.3544113225509546 -4.013946581613061 1.506887069212523 128 149 81
3.3544113225509546 -4.013946581613061 1.506887069212523 128 149 81
2.3705528631456843 -1.082981112510474 -0.5093453724319534 65 106 38
1.5709756838510556 4.858494076623323 -1.0910408237138687 141 136 122
2.3875076703646045 -1.184248238135677 -0.6346388613510057 187 222 165
2.464011006554096 -1.3646115958259912 -0.49093910516604305 149 170 70
1.511824979117589 5.143558311991048 -1.2992577979272042 36 28 17
2.36689172698431 -1.0948661086283888 -0.7207504292715872 136 170 114
1.575303465439392 5.53878622914149 -1.0498987180092996 231 226 223
2.0609052704263573 2.051856598178807 -0.7489639184638456 237 250 186
2.281229846627581 0.4533675518069561 -0.5991230136238513 86 109 14
3.5200525239958647 -5.0799484584457675 1.3500898405692165 107 134 84
2.436832425798999 -1.1028384813571839 -0.6457620738813897 125 160 109
1.512866175731617 5.239919510231349 -1.4362510564650077 227 224 218
2.2580046512121448 -0.1416931262678567 -0.9003496009351692 75 107 18
2.443180587200716 -1.0463105111650417 -0.6435963218869886 47 81 31
2.2878855381368677 -0.008780319582838972 -0.7895764365057052 151 174 80
3.5915171415988554 -4.413302256086634 1.6342085359581684 114 149 79
2.356670613718189 0.3035506460112166 -0.6916695503827965 103 128 18
2.5200472760460353 -0.9879897704292924 -0.649405685285247 174 189 172
2.0212885998766197 2.4659603186069723 -1.0998800389810575 97 120 34
2.6596609220775465 -1.8433937239976406 -0.5754458673808045 107 142 34
2.6527558559412587 -1.845954496394991 -0.5961225627503172 107 142 34
2.7979145231064826 -2.5099191639401623 -0.3961164199005044 134 171 71
3.6606804723267357 -4.483845877062832 1.59554569137943 122 159 92
2.584750086737064 -0.9776504963090359 -0.6036689020252772 204 220 184
2.4367299724160616 -0.8769324091610887 -1.0541451228423109 148 171 78
2.4367299724160616 -0.8769324091610887 -1.0541451228423109 148 171 78
2.411716599953228 0.5656232022292446 -0.760379727505031 82 106 14
2.4128694395057657 0.6794021790065788 -0.8034894537654242 114 138 38
3.693808364377238 -4.476433441430302 1.4589935454431415 73 99 56
3.6716488311359186 -4.504133420249901 1.3816269551286764 73 99 56
2.68435951876925 -1.416463618684552 -0.6931747753814127 95 129 11
3.6982210652643506 -4.4719160654106105 1.4712521114869912 73 99 56
3.6451009052456693 -3.5308464934052233 1.5282897318933624 125 159 70
2.7727528501441565 -1.492950311488613 -0.5669263150711856 165 190 96
2.7727528501441565 -1.492950311488613 -0.5669263150711856 165 190 96
3.7861101039987157 -4.585255526679166 1.4861634511161301 131 165 111
3.594567695651829 -3.2987168997995533 1.2999370353553121 80 115 54
2.4627752050272007 1.1779869453204241 -0.8053408149172817 133 157 48
3.6313947958049426 -3.3844026877398745 1.3060064876919097 139 165 115
3.721442159678754 -3.52365810105518 1.5296764808861156 50 83 40
3.29082831954558 -2.7520857652162536 0.39544833363999665 148 177 69
3.640063333419051 -3.3333776035574942 1.3129554677595316 86 120 53
2.8664942109666915 -2.021092624074862 -0.7360050455318442 158 182 91
2.5859875012010813 0.2700101343320353 -0.8646942570258291 44 78 25
3.6686806870974205 -3.332440140693002 1.3559884474160975 86 119 43
3.7760025425853314 -3.8393096196758547 1.4794237757849307 111 145 41
2.614753648959948 0.31926491639198007 -0.9095248301776755 51 90 26
3.3389877256240106 -2.795297664914731 0.35408152114387226 77 112 24
2.251585410500983 2.413197977112682 -1.4112301305267423 140 160 116
2.6537881532607694 0.3596511337660373 -0.8649441643248073 43 79 25
3.789597024349946 -3.5183439649473875 1.4635082040238174 74 105 58
3.8220509034528036 -3.5907825268501736 1.5339333210934876 43 71 48
4.524599626832591 -6.038121807819467 2.903766986830116 198 198 198
3.880100038217637 -3.632585836348707 1.594588571412633 46 81 38
3.778599692786365 -3.2884656947240947 1.3580825426545182 180 200 122
3.8855766676475856 -3.500370034470512 1.5654552898343033 66 98 61
3.3077437910158016 -2.590154385301686 -0.06114368426584924 50 87 20
2.959363601520744 -1.6065061733031754 -0.8870261477006901 116 149 80
3.963167857079777 -4.554046301115748 1.4134797533106833 62 93 37
3.017947069225286 -1.6173519861680863 -0.9083794641645037 130 161 95
3.9339913375522544 -3.5040289504559485 1.4687432300495868 109 134 87
4.029454133539637 -4.581540841442099 1.397483165639438 93 125 72
3.0573248167019225 -0.7375844734579202 -0.8711435411041129 64 103 12
3.265310912077321 -2.4699644710519766 -0.8106889351379738 139 161 98
2.6456693038651 1.8639225227755898 -1.4685954478091525 138 162 51
3.580738847017541 -2.705197487483636 0.08964799788097744 98 118 72
3.478465651363626 -2.6750121948963743 -0.26962289702190434 36 62 26
4.021083323548514 -3.3284442111842036 1.1673211535659285 201 216 173
3.2062139979802473 -1.6986542255977881 -1.4680370391952575 146 169 75
4.815705208890518 -5.976586856455793 2.7004007104335095 208 208 208
4.815705208890518 -5.976586856455793 2.7004007104335095 208 208 208
3.302545628331698 -2.3036596870954296 -1.6556437074408439 129 138 105
3.289887222523087 -1.4713003235832682 -1.6202873168214227 53 80 31
3.111924974165635 0.4208924901865653 -1.700515663398112 135 146 108
3.2375625452430215 -1.363088475994948 -1.9553690189823167 117 141 69
3.2456659697983725 -1.3536551515866053 -2.07121396564151 135 145 99
4.3889917468056705 -4.977120941181845 0.9259823169203988 154 178 88
3.3555703931622425 -1.523009433149135 -1.8942496581860695 119 146 80
4.385064042740702 -4.575422641778232 0.9282106201053105 61 98 33
4.387343581320739 -3.5825180291711463 1.324645661561559 128 158 66
4.419589602654249 -3.9359863506188146 1.0862187043441194 130 153 77
4.620210285453729 -5.2292135309734675 1.1942311786201378 73 103 60
4.46482487330465 -4.89826419799384 0.545554112585264 91 120 35
4.468260446862265 -4.8955261611221195 0.5588033665093589 91 120 35
4.537772779940856 -4.102608749599097 0.496994433033708 173 187 154
4.594862940169077 -4.491771187314455 0.40304496993226396 97 123 81
4.533143627238229 -4.282383735544665 0.15703344051505483 80 104 31
4.71549434356723 -5.3016827270722935 0.38327768200392826 210 211 208
4.747136100480142 -5.208725624490399 0.306279853432087 210 210 208
4.899131096352261 -5.2601230871815 0.4465875822396697 216 216 213
4.961167415094765 -5.396226258191778 0.5369656931792595 170 170 170
4.961167415094765 -5.396226258191778 0.5369656931792595 170 170 170
4.938192342578396 -5.3529444360472915 0.2877150895956807 226 226 226
5.012839791568669 -5.388026129925575 0.5500585246474226 184 184 184
5.045659024109248 -5.4264272709968235 0.5991115710514101 181 181 181
5.029379376479008 -5.368451504117011 0.5089519061750188 227 227 227
5.073190300772796 -5.432928423021648 0.32537147390676346 158 158 158
5.0974188396369735 -5.36160154324548 0.49131543910978054 158 158 158
5.0837337777141824 -5.352712294026653 0.3756651713687254 165 165 165
5.05255968151471 -5.298180350406412 0.20955217934778406 174 174 174
5.05255968151471 -5.298180350406412 0.20955217934778406 174 174 174
5.183877263983252 -5.435174944771187 0.6642961080350925 224 224 224
5.117004022461653 -5.311123215376601 0.3468516260791393 162 162 162
5.208960001814327 -5.4463010942805905 0.6952532788289968 172 172 172
5.238253566156438 -5.446655802665703 0.7842401790593304 185 185 185
5.19771785650122 -5.4035515999169785 0.5523307786143733 190 190 190
5.180780111470207 -5.37676929774917 0.4720311149484577 170 170 170
5.180780111470207 -5.37676929774917 0.4720311149484577 170 170 170
5.172466759240397 -5.294799093515569 0.33776778355843645 176 176 176
5.169080900814196 -5.305555023595694 0.3147466724853995 176 176 176
5.201954584201568 -5.367004545490025 0.3489699350889559 176 176 176
5.213091598420925 -5.334286873892174 0.3098531010848443 236 236 236
5.003070422541479 -4.873424175997978 -0.7543425906002509 159 159 155
5.119785993493237 -4.885007423798354 -0.938928073566043 181 181 181
5.119785993493237 -4.885007423798354 -0.938928073566043 181 181 181
-5.617510543251393 -5.258471847488804 -0.8873716433245019 196 196 196
-3.940046103232217 -5.581224965541179 0.5662075047366166 151 175 78
-3.940046103232217 -5.581224965541179 0.5662075047366166 151 175 78
-2.7983119312482496 -5.376004945639347 1.5675503263486117 77 118 66
-2.473715536559822 -5.555577225197914 1.753709342566605 113 140 107
-3.233692708185241 -4.000435135480477 0.9882676543332404 64 101 37
0.1214316078042238 -6.374367269548797 3.7877404407995763 191 191 191
0.22492714350954413 -6.406664779142795 3.8893512866274946 206 206 206
-2.6575020844403836 -3.5097910323008876 1.1754624444615231 111 133 64
-2.6958580639941343 -3.5614483260027643 1.1213437814151945 163 185 112
-2.9591047885622985 -3.5472014902055746 0.8428604402776367 155 172 111
-2.7046143631329818 -3.2709965922812136 1.1359356441654085 164 188 94
-2.6794998653312616 -3.3845111122519382 1.0826532777910063 169 189 133
-2.4386285645126 -3.5265212349874506 1.299977374560129 187 205 139
-2.6467424663808883 -3.1590525146652824 1.0348713618102083 127 146 84
-2.3081475022536218 -4.985266620901476 1.133165619818351 146 174 107
-2.5330901443638685 -5.060827130892881 0.8383289662785282 62 95 22
0.6521140707678528 -6.437921120728098 4.06077824272957 196 196 196
0.6401772734255458 -6.413702544831158 4.013998919975157 192 192 192
0.6434355121573844 -6.411610258275139 4.01778500162556 192 192 192
-2.340494798590096 -3.4731892668502438 1.1554076856969173 52 92 18
0.5418101465546361 -6.328339577372024 3.7245615384537922 177 177 177
-1.924994401003247 -5.174437414588579 1.0427941709504682 91 110 68
-1.222771288554302 -5.834041427044889 1.693773332130937 199 201 202
-1.9779427620565455 -4.088366968983265 0.7638838099042594 167 187 112
1.2211518756700037 -6.43062047411744 4.095627271588993 174 174 174
1.1818572236005989 -6.402755760438682 3.9917913688926876 168 168 168
1.1818572236005989 -6.402755760438682 3.9917913688926876 168 168 168
-0.891333493255586 -4.812330959744617 1.7753117929712794 106 147 83
-0.22886580073876775 -5.968752459195704 2.3617067147734656 183 183 185
-0.22886580073876775 -5.968752459195704 2.3617067147734656 183 183 185
-1.8485529785828707 -3.252527637527337 0.7495712859995672 53 94 8
-1.2548931503940495 -4.583211886938517 1.1617331643034579 168 187 153
-0.3124057505090934 -5.90117214181187 2.071614410232506 175 176 177
-1.7566417552089717 -3.2799641926851453 0.7369207556045619 63 107 16
-1.155022323244912 -4.833874121646317 1.2091520405866374 142 168 112
-1.8263072642944596 -3.553711075814221 0.44994362067901716 204 222 137
-1.5890167445861714 -3.3974253259283103 0.7166348765608512 135 168 90
-1.8548807420091016 0.5125940655661596 0.9732393672326763 121 75 65
-0.7931684853117504 -4.874030246020422 1.3874050329834011 210 230 183
-0.7931684853117504 -4.874030246020422 1.3874050329834011 210 230 183
0.8339459923411113 -6.192159011791825 3.1331351726339753 189 189 190
-0.7123786477108454 -5.578019417542038 1.2626621361253836 161 163 160
-1.9595666835659125 -2.884916253857732 0.09416723782359772 136 164 96
-0.7023757240694246 -5.0736123875881844 1.3072243967843713 72 109 53
-0.8710438774340545 -5.69877611906383 0.985557072126663 153 157 153
-0.49939165271943203 -5.143415898529331 1.5265601200470702 189 218 167
0.8904274542669484 -6.155644414495122 3.0754106964479555 235 235 237
-1.3254479825410732 -4.157509548019258 0.611310207216859 60 84 26
-1.7267318155524358 0.6688749533263735 0.8991963464005149 197 187 170
-1.824358752023407 0.5851551967852575 0.7144140366826414 212 201 181
-1.240476248845981 -3.650908551252106 0.7224886744513626 152 171 110
-2.279129699558689 -0.8392973165034969 -0.1593631817515446 75 102 22
-0.41604289741325406 -5.285709995772449 1.4622805440198225 63 94 36
-1.3138957464791996 -3.4721241960108897 0.6218689788563393 155 182 104
-1.1578486533033452 -4.168454174750306 0.639717537678075 142 160 104
-1.6302988075880025 -0.3764249638412241 0.6730357194647217 190 179 162
-0.9382798487289091 -4.287975300353124 0.8780463134081722 109 139 44
-2.5824537353902555 -1.691526473347673 -0.818882792672612 82 101 44
0.6317003121645938 -5.999649283883766 2.57890402282344 184 184 187
0.6317003121645938 -5.999649283883766 2.57890402282344 184 184 187
-2.4565005050918622 -2.475291217321079 -0.8116709239067845 63 88 48
-1.623820884586577 -2.898425209252711 0.18390174506173712 98 129 74
-2.4451786829917905 -1.5975591611071878 -0.7537005583200124 40 72 17
-1.5499131542253324 0.6715991771876325 0.792110165371776 108 41 34
-0.6353875115696124 -4.808564461159784 1.0359290473832632 140 166 74
-1.3820613318843795 0.3932938398178583 0.89484428408072 245 242 237
-2.102888059985314 -0.9510590483608816 -0.29587879268749845 50 68 12
0.4547809954677025 -5.890040553848734 2.180112897059873 180 180 182
-1.4765935537205612 0.8277757378719813 0.6917068864324435 168 162 146
-0.2884418709724275 -5.708230342063412 1.1140049282457065 197 198 196
-2.16998012878743 -2.3722985363044446 -0.8307821921628699 51 77 30
0.4881779568051612 -5.865556415324825 2.034563880253054 170 170 170
0.4881779568051612 -5.865556415324825 2.034563880253054 170 170 170
-1.0411048983471685 0.6689232461147395 1.1364412507328494 154 109 97
0.7453843352501103 -5.943297579258296 2.3531650169971114 192 192 194
0.7453843352501103 -5.943297579258296 2.3531650169971114 192 192 194
-1.0247595873189417 0.5100049548312835 1.001509930460898 150 78 52
0.23558041259137405 -5.739987689837061 1.584832069508722 173 173 174
-0.7178516775401037 -4.066433698162313 0.5481078788409551 141 169 103
-1.1554456947802105 0.6823839345494256 0.7454283105024593 164 156 116
-2.0192126515323197 -1.3918225266902158 -0.8084616197892303 88 117 58
-2.095747287547079 -1.2304863738477947 -0.9093327276974412 105 129 77
-2.072908486234959 -1.3353128486076238 -0.8981137334954641 99 128 66
-0.5462244921135786 -3.647063883892788 0.7438498668855786 121 147 71
-1.295767350797073 -3.00783982166099 -0.17794259063476045 43 76 22
-0.5703923466995054 -3.6133759971963464 0.70068079654714 245 251 240
1.1791199625328947 -6.010547920373515 2.614375854888418 189 189 192
-0.6210121685928148 -4.084713675294397 0.47264032336085104 146 168 101
-0.04277258154803516 -5.733718750834196 0.9653011489556673 222 224 225
-0.34098668192521275 -4.4036715363447 0.7738629699024417 124 150 79
-0.05050420420135227 -5.5864701464176525 0.8971978486311294 171 174 172
1.2416129243912046 -6.023215129699559 2.614779663786336 169 169 171
1.5813992959692604 -6.123183451444975 3.017497013717187 202 202 202
-0.15151677716591172 -4.657961603823548 0.8348123960841995 164 184 98
-2.2887346798192993 0.6661652516702727 -1.2002546596750006 131 144 93
-1.652738826055916 -1.408460900967898 -0.7498088259042439 33 62 3
-1.652738826055916 -1.408460900967898 -0.7498088259042439 33 62 3
-1.6908701743743657 -0.03301460640500972 -0.5516194675127888 69 104 52
-1.6810538224261566 -2.354434328035886 -0.9821196148251886 118 145 64
-0.03548058021666343 -4.5157266819794355 0.8860612893625452 138 167 80
-2.138635859196386 0.636879822775462 -1.1750157624928599 92 119 43
-1.2129570010103388 -2.801165097406669 -0.5186217888884659 139 165 57
1.1164241073192083 -5.881245856131561 2.2092158555196013 193 193 195
-0.7303586621187257 -3.415011715020109 0.04005624728741239 64 106 32
1.3818529039058032 -6.0181325722628385 2.4792971939906003 179 179 181
1.3818529039058032 -6.0181325722628385 2.4792971939906003 179 179 181
-1.4782745254931868 -0.07945433542478658 -0.5501072688906402 116 148 74
-1.4488477483797026 -0.35313486918548403 -0.5727151664936092 55 81 19
-1.8014521822637573 0.5269959254972452 -0.9359746220849458 61 91 31
-1.837986262976449 0.4868021818219985 -1.0210722292086847 68 97 30
-1.447488013828013 -0.3152596812746351 -0.618981901391524 170 190 136
-1.3951696223101546 -0.6739409332244523 -0.6206592622715514 77 100 21
-1.381549952189474 -0.6164562406268702 -0.5981872639140734 76 103 20
-1.3417244649079463 -0.3951282756951605 -0.5831973593650801 105 138 49
-1.3653709754953571 -0.2017133308550048 -0.584435921432853 120 148 76
-0.9681370038375413 -1.9623833568552513 -0.3910714562090483 38 55 11
-1.8898021460537255 1.851491537383297 -1.0382164121304356 123 141 65
-1.5290673858108512 0.12678587721474707 -0.8647250273579364 76 108 33
-1.7775630017416115 1.4246919297675573 -1.0109337487974832 74 100 33
-1.6909894898706206 1.0265931727720312 -0.9959146140808811 114 138 83
-1.6410169073757417 1.020893312958856 -0.9242759327902129 114 138 83
-1.6799785442182509 1.111507306453832 -0.9677888675466313 124 148 90
-0.11517757427530757 -3.730047478482127 0.39957112996561855 137 167 79
-1.7644499921492132 1.7382173724353656 -1.0335375133286726 56 78 22
-1.7947332530571904 1.746770709106727 -1.0748127460306738 56 78 22
-1.2739063982826022 -0.25567779886110364 -0.6966886629734366 28 54 11
0.45164325960930096 -5.2190666093997 0.8665847330289697 39 54 39
-1.535202846629205 0.935293044614352 -0.8875171888291399 60 88 25
0.9753161775498187 -5.687475253559115 1.5362474560634358 190 190 192
-1.4956550982204977 0.8675932615700644 -0.8655337872857785 60 88 19
-1.4956550982204977 0.8675932615700644 -0.8655337872857785 60 88 19
0.3222843358712372 -4.222095397908768 0.8273980892784905 211 227 195
0.3597932603267084 -4.202921531340363 0.8859564617544082 211 227 195
-1.4749456257005087 0.7867827966185529 -0.8757494818789816 51 79 16
-1.4749456257005087 0.7867827966185529 -0.8757494818789816 51 79 16
-1.4502228554112628 0.7276662108959966 -0.8644904350568351 52 78 20
0.22900094704076543 -4.166100607522112 0.6543884146022676 218 236 185
-0.974894534988843 -1.8320578170384914 -0.6938563016736058 95 110 37
0.21622954658693047 -3.7459291504056087 0.6926411932365185 68 107 23
-1.3625212752251887 0.33657584361855875 -0.8928223956052479 109 134 79
0.5609837222807971 -4.480897639714511 1.01115856164863 60 98 44
-1.6312212612658634 2.1418417254430557 -1.0104252005922252 76 101 53
0.18980035545204124 -3.685142458652777 0.5469588670426229 67 107 27
0.18980035545204124 -3.685142458652777 0.5469588670426229 67 107 27
0.5696280665164086 -4.328310027408827 0.9824624052308297 67 104 52
-1.6297861334060562 2.2791096673272078 -1.043697364222091 86 102 77
0.6269184138522064 -5.409150594362405 0.7956752530947699 101 110 101
-1.6172635405560727 2.261630011230424 -1.1142261466550372 71 92 48
-1.6172635405560727 2.261630011230424 -1.1142261466550372 71 92 48
-1.6069396510053857 2.1732717513739543 -1.128305784020372 152 173 114
-1.4162081748038249 2.0456882045997107 -0.8711514855801912 90 114 37
-0.35855490315141625 -1.8274803292540802 -0.03903091095628496 150 92 75
-0.06990077989825483 -3.150227499251006 0.13410380464887922 151 178 75
-1.0542260829902745 0.493068410386535 -0.683543222341598 48 81 39
-0.8948114572022324 -0.2631530934269181 -0.6034000107883519 121 150 65
-0.41477245659621254 -2.903197327038224 -0.45255794381987374 61 88 40
-1.2768903754301257 1.8073658640195311 -0.8503111355196835 54 80 38
-0.1951216836460463 -1.9382102997788462 -0.04779374450462947 147 61 53
-0.6372062218853666 -1.6811962389076862 -0.6886292648194838 86 116 18
0.42988076329631264 -3.673420939435901 0.5682920085655218 101 134 32
-0.04506678155242493 -3.0320525033249073 -0.04971144467738708 74 115 49
0.6156885481275313 -4.353407972360509 0.7015626136092192 97 133 28
-0.8974738934127136 0.44539286418134716 -0.7142858020561657 96 128 88
-0.20638645278527604 -1.879516520727297 -0.12215261917743545 235 233 220
0.5335162026257528 -3.011809447421844 0.7891882039848985 242 254 242
0.4749802484015889 -3.0889080922414642 0.6140189262454159 55 96 28
-0.5612304662365621 -1.7913606551290908 -0.7765398727603757 214 215 191
-0.026111254745451083 -2.9912514848596667 -0.25689549788935323 74 109 38
-0.4219316492045698 -1.7494935823271958 -0.6748457685147502 216 218 180
1.2377323019887603 -5.455384614270578 1.1720856380369047 50 64 52
-0.5336491515064657 -1.620762039764477 -0.8600234843363181 132 156 67
-0.5319719042471441 4.94095706498255 0.49763665710423327 14 10 9
-0.6992479552978582 5.455952768989566 0.337223463991004 227 223 219
0.5722614274853355 -3.526926635817701 0.4703407714761008 70 112 39
-0.48484058571520616 4.995287047241419 0.54740537389211 121 121 120
-0.4045251219360055 -0.8925247643913046 -0.7300489179353485 33 59 22
-0.5111477855945807 4.052094597415384 0.14543126822323862 162 154 137
-0.5195583717179643 4.609635183972982 0.2158904547137352 190 187 175
-0.15387143243751403 -0.4450835898997032 -0.29385139412966493 95 127 11
0.6651909166435146 -3.0364353361874783 0.47305220794566133 137 168 62
-0.2591678387866889 -1.8633452045674386 -0.8141227286403936 149 126 101
-0.29970828170669606 -1.5998130201101834 -0.87308633129644 161 166 88
-0.31779580512465166 -1.875567100666379 -0.9889652042238356 209 207 176
-0.27744013678682866 4.8531343958933855 0.5357951073278125 48 44 36
0.8636627313516603 -3.221254417435534 0.6132746435489119 90 133 41
0.7462190649757492 -3.08703769403126 0.4441143902637697 75 116 57
-0.23492552579047427 4.950185854062276 0.5743917962550422 13 9 8
3.1507180171981677 -6.238102694460669 3.750955523689113 194 194 194
1.034580413761321 -3.973969573027175 0.7062383528568325 49 74 19
0.8806539892260676 -3.300551437850865 0.5932733469247357 150 177 60
1.472976520731578 -5.544070739187759 1.0840772026342667 41 54 40
-0.3954721516026854 4.502939259158943 0.17553897928162127 182 180 177
0.8161166097769661 -3.0123495303892187 0.5348955459899785 74 115 50
0.8812723845271372 -3.249949533463121 0.5781940087767751 157 184 69
-0.22093355469372644 -1.80828766281945 -0.9570717709363232 117 137 54
-0.0652355907047971 0.14640549234991684 -0.3440757825695804 42 78 20
-0.12423212022520211 5.083998306996311 0.6085075036326282 20 18 20
-0.14262866734814342 5.223441419941758 0.6068110299045786 121 118 118
-0.04171849534609145 0.03445366231998868 -0.3999435005904004 133 163 67
-0.17127622327275954 -1.5490345552382698 -0.9924450111010699 129 147 76
3.138699649010822 -6.24771392793658 3.5733867724136683 203 203 203
-0.5293703822679744 2.8420414014808095 -0.6552811302043279 215 212 207
0.9267911618995988 -3.0208324796288184 0.45657716214990207 185 192 110
0.026192408854081195 0.2929954367526558 -0.37522174411634307 70 110 54
0.021206290768966282 -0.887652266456816 -0.6641595197228779 106 138 17
-0.17987338688368112 5.663185405066475 0.4632342204770621 161 156 140
0.07257747838010901 5.082373745400332 0.7645014423678375 72 68 62
-0.0737504291872738 0.4152619624441864 -0.55892122541101 108 146 87
0.4563177420918512 -2.6599892148668167 -0.3667894329302023 89 114 48
0.7723459683635803 -2.688779941990268 0.1331926106773365 140 164 74
0.052631317038321045 -1.7677922401987916 -0.9463211179005832 61 93 38
0.11365989075210257 5.197466196154987 0.7538235936550665 170 165 138
3.2388465224249283 -6.204546317889235 3.5031050831270787 184 184 184
-0.09915735264160197 5.760523302999686 0.4260583646892547 57 54 53
-0.4727925566079669 2.1831307813873932 -1.0577666567505306 222 219 207
2.0187314730985637 -5.226823234854771 1.533738070758757 60 94 39
0.014060179770134365 5.588385087264016 0.523073391887116 30 28 21
0.1562399117130322 5.432964230327043 0.7359033446820782 207 200 179
1.3171634823655498 -4.122314364762335 0.5523585079435558 95 127 55
0.19445332976522386 5.005309669628874 0.7013906477887374 185 183 156
1.5868596677190052 -4.626991086152077 0.8550403926113828 114 149 59
-0.32161575775607093 6.064785886936441 -0.045042619594379 67 61 55
-0.41899660071247197 6.196617070987028 -0.1878433349834743 45 39 32
1.9621586878138613 -4.65505998125978 1.4708152593627337 110 134 85
1.704870814003573 -4.866681780088116 0.9641383942729901 110 134 85
0.2188787442652469 5.236639360078669 0.6895626284886655 178 173 158
-0.4092329084612148 2.738946824005572 -1.0505619442469327 173 166 142
0.06837823974487865 5.730151342970683 0.4911577236869129 36 32 22
0.26462387850824015 4.3430547655909555 0.5051937222965592 215 209 200
1.1298324756815499 -3.462766666879236 0.19396742742718154 104 121 70
0.31041331765788066 4.939140876256993 0.7164278505114952 19 17 18
-0.08409852938503759 5.901256622980039 0.238478880157616 195 190 184
0.3604957337943271 5.110150900118249 0.8314989477695146 209 199 159
0.16744010412195595 5.599577040419105 0.588346607758823 26 23 22
0.2631357381868752 4.850908518797742 0.5638894530951145 81 72 61
0.18549207318326374 5.587561407894384 0.5676178613959705 155 152 152
0.21534005817651075 5.475720896242574 0.5924860187325977 140 139 131
-0.13723746166182693 6.026118485488187 0.08244519455786446 23 18 13
-0.13723746166182693 6.026118485488187 0.08244519455786446 23 18 13
0.08625342973017905 5.742560168935096 0.3949923483180382 66 61 54
-0.2786968889001332 6.307399445905939 -0.13243143441410873 33 29 26
0.3362087541413554 3.1796047365940328 0.2290160137417634 166 118 94
1.8419539754233458 -4.847897852360082 1.0026779294852466 46 76 9
1.8419539754233458 -4.847897852360082 1.0026779294852466 46 76 9
0.3605453667505497 4.375855756670783 0.5160249747489941 210 206 201
-0.20092760747716223 6.4286711835288335 -0.05519709931401833 229 226 223
0.19292375033142664 -0.031441554494183205 -0.8914238936165573 58 94 15
0.3844304443473712 4.788308552784595 0.5889823219978926 165 158 154
0.3408783617495982 4.431927174393028 0.40813480099689686 213 210 202
1.0704669179892088 5.36898197828641 1.949803842063144 212 206 198
-0.17282271383639938 6.3875017291097 -0.070510377926413 212 206 198
1.7106879899508516 -4.248880272475923 0.7650297220362422 72 107 40
0.0331312823566848 5.923190889559343 0.13127921449097663 191 187 176
-0.10140084518432241 6.359865251208921 -0.030951885400651667 56 45 36
0.268852148919441 5.725918447481695 0.48554201977732203 45 39 30
0.268852148919441 5.725918447481695 0.48554201977732203 45 39 30
0.2981217586990764 4.619630055333885 0.24166073112061678 246 246 246
0.3923699402479812 0.14172026005186875 -0.7037334446607857 70 105 11
0.3436409356734745 5.669993150871029 0.5540704478325642 130 124 115
0.3436409356734745 5.669993150871029 0.5540704478325642 130 124 115
0.15931171046065043 5.931044892943799 0.24703766379320125 21 15 8
0.5567009916226243 5.097545331520123 0.7717555606415331 33 25 10
0.3446707909590464 5.667113691849365 0.5040465956830374 49 46 37
0.308045880926314 5.695048809790238 0.44429720546092516 49 46 37
0.037793552158542604 6.104099558851495 0.03973877841965569 150 146 144
1.1016225518264202 -2.5727470181048964 -0.11931281455482895 207 214 154
0.25530380211928017 5.81630260691926 0.34083210848823425 59 52 49
0.9924289015215902 -2.369987922388797 -0.3137057431602018 178 184 123
1.601591385064507 -3.4852933851041357 0.5155917141022108 154 170 83
1.9910991255745865 -4.249518411014728 1.0512486004960278 95 130 68
2.003448255370235 -4.24032179991724 1.0759995987407824 95 130 68
0.5655553748255122 5.170471559099265 0.7099388466137742 52 46 35
0.1815834697656625 6.002564765657863 0.179360982650173 19 16 7
0.21051572981429495 5.934782498888412 0.20907802185903582 198 190 151
0.05184680193528459 6.35627527053122 -0.022466196516187815 38 34 29
0.05225604080020857 6.356803935553031 -0.020557317462318116 38 34 29
0.4334046233346462 5.611735718772918 0.49571165097169806 112 109 108
0.7089300340342719 5.153089305155892 0.8988554374095407 200 194 161
1.0833256853578517 -2.433032027951382 -0.28455060585417347 202 208 168
0.48672411572999796 5.473187459652029 0.5275722418292915 139 136 130
3.661411767020816 -6.255918828504428 3.5785067968630173 190 190 190
0.5850676952404112 5.321753816406016 0.6681712361610316 72 70 73
0.6751069243830516 -1.5438567625626907 -0.8884482765905584 92 129 28
0.5843285397555189 4.462947107778818 0.43719282340359833 221 219 218
0.5718588283886706 -0.17317397946801932 -0.7592521103336626 51 84 7
0.6388083238046041 -0.15405064066695826 -0.7470683397188362 133 159 38
0.45041960829968053 5.805715748037962 0.3815192615999016 178 169 133
0.45536495437951774 5.82183736140825 0.38712769836262134 126 122 91
0.010953941515497022 2.7094227933126165 -1.2590287837916994 202 195 174
0.10103691838589765 6.49950700791091 -0.14393345298361818 32 28 25
0.615040791145048 0.4231578905212843 -0.6968985986480856 192 198 161
0.7098637688748903 4.447652045985846 0.4728385807200149 212 209 204
0.6463442782200332 0.2755355558307378 -0.7156225771707277 159 192 102
0.3201744670875736 6.1672411500519875 0.09350613417661938 19 17 18
0.7518838242726505 5.159823084490218 0.6643052945508191 174 163 131
0.1107919460245625 6.530236196072857 -0.22411512708408513 94 93 90
0.1475374581275796 6.537533637633364 -0.17001034005484092 64 62 60
0.7527907325937925 5.3295042015665 0.6798378509835085 192 182 152
0.7324544531728616 5.345328883682841 0.6457552782267761 192 182 152
1.7634087148721043 -3.1997227721613926 0.44397816800075957 49 66 6
0.7226238178156196 5.2220050008459005 0.5719755194189333 63 53 17
0.7360662851173705 5.32616360011864 0.613016489428406 28 22 5
0.8140700295822527 5.125416086566282 0.6934010817876138 65 50 4
0.30877605130068 6.277883226028525 -0.008869956676212931 20 18 16
0.41574608159332466 6.062965979640236 0.1417151707181452 144 142 139
0.8152798108345316 5.044079616557893 0.6282688117690376 32 26 18
0.8152798108345316 5.044079616557893 0.6282688117690376 32 26 18
0.7498965177744822 5.383410140580031 0.5857102125500699 46 40 31
0.17492271190244996 6.597890421375166 -0.22715590000429386 133 129 120
0.7757707538046015 0.42273883559148323 -0.6825874842460613 104 126 38
0.5330028226847132 5.825764504604799 0.2260089111030001 69 66 57
1.2561436475256207 -2.403127587044986 -0.5035998068072421 132 142 71
3.8952589344902555 -6.236168143043899 3.6675341619421435 173 173 173
0.7362381981608952 5.434265867444742 0.49486994043892096 141 137 129
1.2641410518344922 -2.370953393986504 -0.5130502184737913 163 171 98
3.876329594429823 -6.2414645272450695 3.607403439909852 213 213 213
0.4013928036857706 6.04342827913779 -0.027268780127536627 142 138 129
0.657862562808238 5.636377085698813 0.36622780608532784 110 106 100
0.3520998306199854 6.360103075191351 -0.056220031039761816 38 31 29
0.15245014693850062 6.721215052544394 -0.42201611828556274 63 58 47
0.8906317871448132 4.9494597603588515 0.5649043521165067 35 24 0
2.56638725568224 -4.2296149985111855 1.4404455295308587 54 86 31
0.8274092935206548 5.507654014443532 0.5241585099685506 76 74 75
2.043149838608076 -3.2637153011745332 0.6290960470713421 179 190 115
0.8063977086135007 5.613987222573151 0.5039264905341663 70 62 48
0.838621679882793 5.3755848863182045 0.48982905794852033 180 164 118
0.8704497162173176 5.106938134531109 0.4484181546824321 18 14 2
1.4396969309528544 -1.9224980019228795 -0.29479017748774594 148 151 109
1.4392077985750624 -1.9233336161738481 -0.2961802925597377 148 151 109
0.4977382017364958 6.267364865218993 -0.021878625541046703 44 30 6
0.9081702276091757 5.408839834399497 0.5721916057252807 213 198 128
1.4428079657225654 -2.1553045905550494 -0.36640039092617743 181 179 149
0.2251615241213671 6.841670595427965 -0.4359308044355654 106 98 85
0.22291089397825414 6.802861620705493 -0.46304194709629104 50 44 34
0.22291089397825414 6.802861620705493 -0.46304194709629104 50 44 34
0.8536572780551572 4.535322951881715 0.1968498898177877 214 208 197
1.4647418905119096 -1.985278397086655 -0.3335779375631819 142 145 98
0.582090931280411 6.141496123000489 0.05460964613165949 23 20 21
1.6330938969931184 -2.524256940833645 -0.1495331548113393 222 222 199
0.8142890671860393 5.708005517657335 0.39109478735433356 34 26 19
2.6743778262348403 -4.176648608572912 1.4953336654871352 110 134 38
0.4015418446272652 6.6009677021460265 -0.23807853999158754 37 30 25
0.9223634463369758 5.091119744454608 0.39177113732488744 75 59 17
0.9610398035055209 4.88966871443585 0.41368155627993963 31 27 26
0.26440098212629237 6.814873183262759 -0.48778575965687226 48 40 28
0.935534505437314 4.436651854370316 0.22743784472012385 59 51 40
0.935534505437314 4.436651854370316 0.22743784472012385 59 51 40
0.9330357945167984 5.340918244627836 0.4654758334815119 26 17 5
0.46512422007049337 6.527484922217425 -0.17182911058365766 136 127 121
0.1407809828847365 6.988449616932253 -0.7395227716669732 122 114 103
0.4148039409501498 6.60248235244788 -0.33252419653969584 65 60 54
0.4148039409501498 6.60248235244788 -0.33252419653969584 65 60 54
0.9888941924411362 5.199264676639512 0.45915619183412243 180 166 91
0.9888941924411362 5.199264676639512 0.45915619183412243 180 166 91
3.826720740219439 -6.130735936709972 3.186376622361196 203 203 203
1.582731711320176 -1.8675597592362299 -0.25311913545554593 123 156 61
0.5548321728401431 6.2842520702321885 -0.16018265349588046 98 96 97
0.2757071418908933 6.921976408568844 -0.5592541428294833 229 225 219
1.4133155957617882 -1.4417878585158614 -0.5321752362200626 90 127 37
2.271073446867195 -3.2022669255172986 0.7415565968856259 147 165 112
1.602652227307923 -1.8102723346159042 -0.27078199353864735 175 197 136
0.6737112908939817 2.9352395900537283 -0.9147308064853675 217 212 186
1.258774660169815 -1.3963412001360491 -0.8998771936643061 129 143 112
0.6326111643705232 6.14460643610792 -0.13669140916872485 58 56 53
0.9990179683245982 5.350709920422808 0.3574539885050505 93 86 90
1.0387994432695495 5.256672573252466 0.40842242507083926 36 32 24
0.681555104569801 6.201516231636687 -0.0806208919025414 23 20 24
0.6147167428287516 6.260666242207361 -0.19932067276151633 23 20 24
0.3833978221114781 6.776757580931859 -0.543336326500205 40 35 35
3.2093815500232683 -5.358111853508562 1.9774987207089578 54 86 50
0.6672314199742791 2.838311893716533 -1.0575799914710104 193 188 166
1.0474140939833154 5.349356704847943 0.40160583316295034 40 33 11
0.3322527792358404 6.930324808859833 -0.6558695668703111 229 224 218
1.6043092565607413 -1.674050223543411 -0.40128987592101745 50 83 38
0.7954378624694115 6.063022234728343 0.03695509618440479 129 126 123
1.7036779381315008 -1.882529820159703 -0.2806213584706759 127 157 95
0.7123733216348445 6.2956066803646795 -0.09074910645144438 187 179 159
0.45080958074249483 6.783389063479983 -0.5183020625698618 38 32 24
1.6251731942535539 -1.8207280389630704 -0.44938203581521374 62 97 48
2.3366593593013048 -3.0977106390357774 0.6766150939996711 148 169 82
1.2244964459388066 -0.2600053412474796 -0.8649752203440499 117 149 35
0.44451846273223017 6.799369276959492 -0.5443972573936405 56 47 34
0.9382703576364693 5.655605773625274 0.16027763185723407 46 38 23
0.5262417727152133 6.6976316602874775 -0.4126189810074132 128 124 118
1.096379887008056 5.156437928377789 0.3471040579168805 50 40 14
0.9157653638510672 5.777159168410728 0.13995387587645094 34 32 30
3.2640200018126615 -5.3805988344724645 1.957881985824545 79 112 81
3.265520070879271 -5.379007699513292 1.9525934941176775 79 112 81
1.1619356660480102 -1.0194573549677717 -1.2622763812943194 75 114 20
0.79338736412146 6.138859281983172 -0.0924061017589138 174 168 153
0.8171006781175355 6.042438046467178 -0.07390031850514066 34 30 25
0.9477856683005077 5.833336418007036 0.13510733390581053 107 102 89
1.8605929484984571 -2.1830018220172565 -0.1810390790447994 208 209 172
1.0797575823434191 5.446583556019039 0.2929762315128319 195 185 143
1.7801166156937243 -1.9676895841258968 -0.30450333708290184 45 81 29
1.7220288545355007 -1.7626451417129145 -0.3693669801672019 77 116 50
1.7220288545355007 -1.7626451417129145 -0.3693669801672019 77 116 50
1.7668626295201326 -2.0908434922606527 -0.38403875041035795 116 150 82
1.0959543656918813 5.337408020946436 0.27362583382284644 23 18 12
1.1330223912507258 5.182727766729317 0.3008042928759195 93 83 48
0.6902950599716609 6.534412728718695 -0.2700067098573525 165 158 136
0.9042215423035764 5.872361302245794 -0.004513223681808757 131 127 114
0.7871864705870376 6.163136565483269 -0.1899566391446617 213 207 192
2.5329643006773552 -3.2426278456476676 0.8704712958579882 68 101 37
2.5329643006773552 -3.2426278456476676 0.8704712958579882 68 101 37
1.894701621096859 -2.2126881994260352 -0.23599240229798263 204 213 160
0.7124620280813571 6.447871152355208 -0.315709367516253 29 22 20
3.3436389991004107 -5.295001880951348 1.9629436655499692 60 93 49
0.8114930805640915 6.071746592802265 -0.2517703924984838 46 42 37
2.8327186606122408 -3.6653585882840276 1.3145601678166785 44 73 26
1.2297016280479482 1.6116639262220431 -0.6206014321650724 87 117 25
1.0977369841762226 4.6606665834547885 -0.04067975343382048 24 22 16
1.1111569276359057 5.53716236445555 0.23837502324080825 81 76 70
1.1852353411288385 4.828949448831093 0.1838786767828563 179 171 147
1.16422615112681 4.9393179669985745 0.1642854751965891 165 159 142
1.16422615112681 4.9393179669985745 0.1642854751965891 165 159 142
1.1923465426144249 5.06858270522225 0.25662809552324584 142 130 104
0.39145490044522835 6.957789112145556 -0.9246440693075737 231 226 223
1.313494233012989 1.4982058063921893 -0.501244275352982 229 248 209
1.313494233012989 1.4982058063921893 -0.501244275352982 229 248 209
1.339763863055489 0.6298746601815598 -0.7051857869975945 85 116 47
1.25996751003131 4.825863045975867 0.28399781861779394 52 43 12
2.211525558158222 -2.948314139150429 0.11169109347019388 52 74 28
1.1843516571976251 4.91021210515 0.13696777526123283 204 192 151
1.3591401781191426 0.6749839735050422 -0.6976108373948163 95 124 50
1.263838563957246 1.942165334735646 -0.5521818730205358 93 126 14
1.1940317749521603 4.978307414793656 0.16376717394730864 16 14 11
1.1572937920088866 4.913045971255063 0.06204879134380723 155 142 99
0.8795189980081053 6.029554252249481 -0.2405230404718979 40 33 30
1.1740372403269386 5.4574740913243565 0.20628111640583385 18 16 17
1.1954985209177338 4.744357578620014 0.04178935057038602 13 11 9
0.7601763484236351 6.510579604554592 -0.3937779810028761 62 60 59
1.0599427915112034 5.729677140568097 0.02630869680272228 39 35 32
1.2132653964868776 4.681785203992356 0.05667020223699525 103 99 95
1.2132653964868776 4.681785203992356 0.05667020223699525 103 99 95
2.3330286041371755 -2.9219562116705013 0.28487472015895327 122 142 100
1.4641799133149487 0.42545341731313274 -0.6666934424768947 55 82 6
2.229226908948487 -2.2223202612376984 0.2319447001792992 113 138 67
1.3134594289436756 1.7952131649614747 -0.612484320525644 138 158 112
2.0433735770394277 -2.3121163778829037 -0.22212887211463894 113 138 67
1.2212690526924148 4.697214009606984 0.0028082850448396656 20 15 8
0.9578428993774794 5.992415054857498 -0.20202486655491192 151 148 139
1.3174943063908457 1.7836780343558538 -0.6432331048692427 182 209 166
0.967176581941578 2.914323701272921 -1.0857116102461462 50 56 4
1.232480088102981 5.290029023371422 0.178855130565311 96 91 86
1.4304038593198194 0.5674711112362459 -0.7956011226326877 59 86 10
2.9245246300667103 -3.4483527323101293 1.3065399060106708 166 194 146
0.9647644769403709 6.248641371919241 -0.17589064374011787 194 184 158
1.1430755008125042 5.730227497854147 0.04608239325062883 68 58 30
1.304639489014585 5.052447429447335 0.18831960415691548 47 44 34
1.6144512248066163 0.6366732738722729 -0.43091809801682224 124 152 47
1.2670939194963882 5.002949315659352 0.06090012577541596 38 30 9
2.9052593082285125 -3.4664354544829434 1.1925889650688384 74 107 43
1.362262646105043 2.1061111594947173 -0.5818536713331339 109 136 82
1.13863674740663 5.780888142064057 -0.017490938141953516 209 200 158
0.9463560954387681 6.304180350958539 -0.32968564259601324 81 69 42
1.5801777809800568 0.445461707813661 -0.649270253322347 130 159 48
1.1862516602521176 4.412013766168148 -0.3776928833991255 36 32 21
1.3100379303305663 5.0251206015387195 0.07489506350266212 148 131 99
0.989700399859028 6.094053622264696 -0.32296543726661586 180 169 136
0.9534496766788766 6.2775726881843354 -0.3666168553115346 135 126 93
1.0176638283056179 5.961896124296814 -0.32986705743066946 194 185 156
0.8562397010476024 6.526417767216324 -0.5410631724146481 85 78 69
1.754960431089331 -1.1045437666677065 -0.8048994529488287 139 163 66
1.6048092588899516 -0.28263291276669267 -0.9154146734921034 47 76 0
1.2563275598353125 2.723016662753191 -0.8249457336420795 131 164 66
1.061165470779969 5.873018458200062 -0.3358181555597731 140 126 106
3.1655797208760936 -3.874208214635259 1.4811895764792948 115 142 64
3.1655797208760936 -3.874208214635259 1.4811895764792948 115 142 64
1.0628563784747946 3.654646747659768 -0.9996680147843711 232 224 206
1.299999685082488 4.599314379130535 -0.2017879273058484 28 21 9
1.625156996322046 0.8196857039746043 -0.5986254531132444 75 103 18
1.083195507696185 5.966878617878563 -0.285530818943066 206 198 169
3.0752441123656187 -3.6149544213189664 1.3246151555706474 47 80 27
1.2685775834606174 4.453419000858783 -0.3698073752288324 24 22 18
1.3474661284832132 4.846998949423608 -0.07658060251388775 35 24 4
2.3449077736659936 -2.571843950858695 -0.04709087757443405 30 50 1
1.291322988107116 5.483755565800949 -0.02834471453783259 82 79 74
1.2044301708592262 3.349585320654604 -0.8859101149720263 210 204 189
1.3486097915697617 4.758173090940251 -0.13900642115979078 15 15 16
1.365812676373571 4.745361156823921 -0.10491530181284918 15 15 16
1.3281036726974242 4.695687914247814 -0.21677529351565833 65 60 56
1.2667174077333871 3.3282916487243503 -0.7760592997443683 210 206 192
1.346853271666714 5.408760012052535 0.034112539382814326 85 82 79
1.0929662238259616 3.2471890565826085 -1.1968194432663055 92 96 42
1.3736581912825523 4.866122851340503 -0.08296962522662947 143 127 82
1.166297339255777 2.9416450191845267 -1.126360730860647 108 128 62
1.2500067486633673 5.583456769074575 -0.16423692083606764 139 135 125
1.3603709435329472 2.674445277130811 -0.8026571854105701 66 99 29
0.8455655049018206 6.598730370641747 -0.795254911843927 228 225 222
1.230512728803715 4.058795646158065 -0.6899982534732769 210 201 176
2.650701796084578 -2.9063644213073294 0.4267833294061747 127 140 104
3.574336643319904 -5.094253846061436 1.862671873519388 116 149 63
1.3893383012855063 4.830238263792886 -0.1202739061467074 96 88 66
1.376265393233314 5.061270855892547 -0.08870906057653533 12 9 15
1.376265393233314 5.061270855892547 -0.08870906057653533 12 9 15
1.3914394891156945 5.124582813179044 -0.04028634498068307 19 13 0
3.3310949515869046 -4.298156964688406 1.5312712669990367 140 171 116
1.7631888535370184 0.002412736603037667 -0.7674392937478679 75 104 10
1.7264914050012732 1.1190182184761612 -0.5158819032780281 94 123 20
1.3126999923897034 4.6202903246329425 -0.4069491034485984 16 11 15
1.3085315870968117 5.701468278863318 -0.15056182476707183 221 213 152
3.342711086068249 -4.221953709676642 1.4898978996092311 86 113 77
1.230897670136339 2.9077003883633497 -1.1920421744623788 64 92 29
1.3552132032995738 5.275738977659108 -0.1878270935013762 81 76 59
1.1421150572383958 5.9424627947356985 -0.48083852794294335 64 58 44
1.4236674087052568 5.254748355031388 -0.0672417151556129 100 96 89
1.7818079545352798 -0.98456329230603 -1.1485785513447078 118 149 71
1.0010128339591025 3.3495972277434336 -1.6428660259349293 217 216 205
2.0019402128166277 -1.1429496312539726 -0.7273317093107822 148 177 102
3.320147089774622 -4.4457869699775 1.3059479563047454 105 139 79
1.4553553976042726 4.968351821157719 -0.12951485738474092 97 95 92
1.2494716195206854 4.136852982548503 -0.8642203504315419 120 105 70
1.1311330173034815 3.013688738232136 -1.4923868516614138 87 109 44
1.2139609328178749 2.988858299200199 -1.3241521292148062 79 101 34
3.3875715284898282 -5.135345723201962 1.2146661572465518 91 116 63
1.4246943967213919 4.7900702859349815 -0.29448481697421447 59 53 38
1.4488536428232823 4.772408065479574 -0.2445040069658172 59 53 38
1.4246943967213919 4.7900702859349815 -0.29448481697421447 59 53 38
1.4059639161639617 5.307567445447799 -0.18300395290813348 24 19 14
1.0362492742367617 6.3694198167013285 -0.7183809091116582 232 227 224
3.44570304452337 -4.185510960400848 1.6206588743558956 37 67 20
1.2829707463394686 5.650351639787025 -0.40211323451390046 99 92 69
1.321840610213817 5.757579350185876 -0.2848804263340748 46 40 21
1.321840610213817 5.757579350185876 -0.2848804263340748 46 40 21
1.4413733740470573 5.483609807218508 -0.12345564911582435 152 141 112
1.8141430869939676 1.5308878119316844 -0.5147916228740063 102 135 66
1.6331294248702626 2.2522880726080663 -0.7259774456070197 82 114 27
1.9243605849624386 0.38334893889896826 -0.6240200083954398 94 122 54
1.6517799909258388 2.1825062103831674 -0.7310074111086325 113 145 73
1.4750262954865678 4.895542453211011 -0.32770313162385567 8 8 5
1.9270290096693878 0.7859469898553141 -0.5692491180473094 25 55 9
1.4797139503434535 4.818241105234913 -0.39333208356860816 14 9 10
1.4738807759875585 4.61170428247328 -0.4943601741902337 21 18 19
1.9222056063430064 0.890007591237745 -0.6185988301002506 72 100 65
1.9288249147069199 0.964833091237857 -0.5886255581312125 137 162 117
1.9288249147069199 0.964833091237857 -0.5886255581312125 137 162 117
1.5051152205135712 5.047773375755213 -0.31152691334975624 40 35 20
1.905906164191139 1.0688925789817287 -0.6121490161575097 85 111 72
1.0422391183519775 3.3260088682506415 -1.956441049177709 216 214 210
1.5383877199061649 5.366700389052616 -0.15517740920829723 22 16 15
1.7998565238873039 1.7410459291985936 -0.7024734471205559 66 102 44
1.4096060756285649 3.995704528628616 -0.9346349806825662 171 160 134
1.3202341047443664 5.87040473888112 -0.5561094010688521 154 146 130
2.080647918384752 -0.5837593518350999 -0.7900052005718466 85 122 27
2.334481764281652 -1.2882409931553398 -0.41851345145683744 151 173 68
1.7601418595015317 2.20229988723415 -0.6895912516586367 68 102 45
1.7601418595015317 2.20229988723415 -0.6895912516586367 68 102 45
1.4442537172494188 5.4587578498036295 -0.42101268832382427 24 20 18
2.5937626307130155 -2.5392241010588488 -0.2356667644218477 102 140 83
1.529973420549397 5.076812897199929 -0.38522478022683493 11 9 6
1.8968643316030753 1.5919907953739567 -0.6164565987613637 56 83 46
1.8968643316030753 1.5919907953739567 -0.6164565987613637 56 83 46
1.89515100137281 1.5929530219491546 -0.6198436661308928 56 83 46
2.5388257473215914 -2.2921276073167807 -0.317540458159978 133 168 84
1.4507630175164647 4.629997248135804 -0.7294096021521332 69 67 66
1.3559062803134752 5.76191637372165 -0.6008730587243483 32 26 18
2.003361449664231 0.9934470146912143 -0.5627092672252069 78 98 66
2.1496918179629616 4.569440978292765 0.9182450079436504 22 20 19
3.6485125006664463 -5.304109296932202 1.372548982186914 122 151 68
1.532156403243905 5.0834803750023685 -0.4203928148942432 22 20 19
1.9736558749517457 1.2088325876061716 -0.5945811391476666 107 130 92
2.044878196985274 0.9347560995708751 -0.5148735491905133 46 71 28
1.9939416092146018 1.3161670992213164 -0.5880214758705449 68 100 29
2.0217484673048127 1.2466013004156191 -0.5440681985580265 56 85 30
1.5277681832617283 2.830986881161216 -1.2443362334473722 61 86 24
1.5363982815607342 5.447472371766217 -0.4221805158268336 164 159 145
1.5363982815607342 5.447472371766217 -0.4221805158268336 164 159 145
1.485252894724819 5.561138116120729 -0.5129440801304724 31 26 20
1.541897076991533 5.238078315545474 -0.4756387867793643 88 85 74
1.9811304150210671 1.5930914944517993 -0.590168856349408 88 120 39
2.957346123626723 -2.908764234833596 0.33280244210952914 148 165 122
1.4948810133004093 4.75376793426217 -0.7599341618580882 22 20 19
1.970094340297334 1.6713903561001249 -0.6060042675716167 86 118 35
1.5447869553019764 5.199501525945309 -0.5027903057218002 174 163 130
2.136462524132539 0.747405232179693 -0.5143701747450413 124 159 57
2.1134823393696203 0.8110665033762963 -0.5550729932854234 125 159 49
2.0791857640642992 0.8785317777577737 -0.6257254502840499 144 176 73
1.5138101596957547 4.779328472236632 -0.7449351151524164 69 68 66
1.528653878870677 5.540821671950573 -0.4768821035448643 16 7 0
2.120776777999563 0.9371460185287693 -0.5236986641423896 136 171 55
2.2129754165613704 5.066773459897091 1.0202986162596486 230 225 222
1.3962527152419986 3.0269355045195363 -1.6373968389709184 126 147 90
1.5493182358845052 5.265347556489479 -0.5387684926010611 17 14 9
1.5834670030587006 5.160909662248354 -0.5027617841082845 120 112 89
1.4742014982720528 5.773575457038185 -0.5683188814628278 230 225 222
1.619874536897197 4.931987440512683 -0.5140614731084291 74 71 72
1.5843052344919493 5.415743419140337 -0.4451824074663599 174 164 128
3.6932662751126024 -4.505466094529974 1.4735461271675427 45 71 31
3.6988450261456958 -4.476979223007793 1.4607843312040654 76 104 61
3.6988450261456958 -4.476979223007793 1.4607843312040654 76 104 61
1.5474308027769244 5.322784076514253 -0.7278329167587455 21 18 20
1.3675316281282828 5.921758054647434 -1.0001499595257726 229 226 223
1.5616186532951402 5.0790206613792455 -0.8001624876431024 66 62 59
2.264380609577298 -0.24974337762835885 -0.8253790035988072 68 96 9
2.264380609577298 -0.24974337762835885 -0.8253790035988072 68 96 9
2.1684579637821617 1.2110476945771431 -0.5918155681219652 168 188 129
1.5685760509459334 4.8368900529540895 -0.8933797762741041 24 17 15
1.6323338711842592 5.147444768971236 -0.6495302640454622 31 25 15
1.6323338711842592 5.147444768971236 -0.6495302640454622 31 25 15
1.6233968562792143 5.210042403314616 -0.6614787135532137 154 147 120
1.6433687915749164 5.193446897323809 -0.6177752503794219 154 147 120
1.5954304338579535 5.3953268841802355 -0.6775498241177764 24 16 4
2.4216490554794254 -1.1157960109325935 -0.7737711553095731 45 82 28
3.639157648057237 -3.4161533593826086 1.5040061309587975 80 119 69
1.5000318965502746 2.9881198308098513 -1.732172956968238 212 214 204
1.583339611946564 5.488141052241445 -0.747947937837816 195 188 162
3.676380166879735 -3.515731182078117 1.5118874169082634 65 98 40
1.5764360818925425 4.569862185722856 -1.0867812883282362 60 55 48
1.4038228186549482 4.670994241581325 -1.5275335745308343 221 218 215
1.5970492186806142 2.904971868041093 -1.630365591793433 146 156 120
1.5982227403331462 5.278047040599202 -0.8431246194794026 46 41 36
2.276391624890863 0.5847604692188055 -0.7564077610288363 137 161 58
2.9187291228934895 -2.597784917194997 -0.22771475519909595 48 81 10
2.9187291228934895 -2.597784917194997 -0.22771475519909595 48 81 10
2.541669751793658 -0.9291457448192693 -0.6740380578003752 134 160 62
1.6028374003945238 5.1348022591013835 -1.0205289973692027 158 144 111
1.6341381332545657 2.935629652777332 -1.6945618940791336 209 210 194
1.6341381332545657 2.935629652777332 -1.6945618940791336 209 210 194
1.3302259952207751 4.988454434049548 -1.788421077602771 223 221 217
3.791044874166117 -3.556797025186671 1.5988661504687656 44 78 36
1.6149812389490519 5.109516398999166 -1.0488645137239172 47 35 18
2.394071014114507 0.47543427039456293 -0.6381783212903367 145 170 54
2.445616370769246 -1.1594362643913727 -1.0739742953942786 38 79 16
3.7720219294969404 -3.545871806128003 1.498242589057442 175 200 166
3.775762698069627 -3.6233387023316723 1.476434349062229 169 194 162
1.6753003521102254 2.9149506194976667 -1.7016291921759419 154 160 124
2.632660578919274 -1.0558884530284818 -0.6170053527108383 40 80 11
2.615401748557002 -1.0195265310752923 -0.662779009268989 206 228 169
1.4766701758323248 5.4538552718954865 -1.3997755107514387 227 224 220
2.6427813230443173 -1.5412571848207606 -0.8026773804678156 136 162 76
2.434431380893832 -0.6619447336918287 -1.0597570876882927 54 84 19
3.9713420639486645 -5.235310861141797 1.3333185812069595 117 152 58
2.7858552757343102 -2.462003637895637 -0.8017973628271284 142 167 67
2.284609040177029 1.2760093432663404 -0.8225450887244745 75 100 44
3.9396471366866614 -4.589037049035388 1.426451170975979 41 70 24
2.327315346951788 1.2572687007735448 -0.7789524089139079 83 107 67
2.550596914566113 -0.8007188121150757 -0.9272207632708267 237 246 228
2.444102806192559 0.5064956528819189 -0.8196429840721132 97 121 51
2.429749878929601 0.6395692334597971 -0.8199185500672616 99 123 40
3.338261976146697 -2.769435370895202 0.3276997443045456 163 187 102
3.9813785560489308 -4.631671113183207 1.3263731227385815 36 67 18
2.322863665660825 1.6162426592668715 -0.9608489564115309 240 254 235
3.8781310203751373 -3.5082809462316797 1.2767572777637628 185 200 177
2.2461250221381923 2.055852141702507 -1.2306655566146552 80 120 55
2.588808933122613 0.4568545312690937 -0.9254479324838873 74 103 20
4.111100858482481 -4.7221012261271635 1.3272509353561535 71 106 39
2.824546336877166 -0.7095496101455543 -0.728026441049957 150 171 122
2.4536628974828543 2.532011549969694 -0.6493002486736469 196 195 185
1.9793941928757792 2.7712426052340184 -1.8917981125778967 196 195 185
4.13460487530733 -4.697148228329922 1.3088756931495815 73 106 47
4.298161431962043 -5.218117156261965 1.5322577711381895 76 112 59
2.1352591560369323 2.5193865980237886 -1.6173028867008892 140 158 107
4.9067914856263375 -5.992280011650859 2.896800660237162 198 192 186
2.3907308102616653 1.9867545421805757 -1.1988704185614385 89 124 42
2.415424834943997 2.0026675418928246 -1.131516732312718 83 119 41
4.226699749876325 -4.758184561411521 1.3798427612857722 125 152 54
2.2807994964577882 2.3867880527094285 -1.4711990639282893 69 106 42
2.698732593900588 0.01660447183621579 -1.2325262321974628 56 89 17
4.160362369956503 -3.699405016412144 1.4872159375452672 144 176 123
3.9652095006425734 -4.659331097627923 0.5824453690766397 137 159 58
3.578835555613706 -2.547470850469233 0.27903496183499354 30 56 12
3.5342532997583804 -2.5737085081019972 0.14828810334336376 30 56 12
2.7149264387438183 0.620283523826092 -1.0415501168579357 52 85 31
2.868595215342681 -0.7329422513108939 -1.117552318101121 58 95 17
3.5443211691233087 -2.689971920448517 -0.005847184655367493 143 157 125
2.8753746014945905 -0.27344453074910624 -1.1798892022622864 240 251 219
2.8753746014945905 -0.27344453074910624 -1.1798892022622864 240 251 219
2.8693465436631937 0.4532377976965202 -1.019946561866954 147 172 66
2.8604115031098427 0.454215855775107 -1.0446745545276674 147 172 66
3.1637223026969394 -1.5611779732607687 -1.0023147311763672 46 79 17
4.144712624881652 -3.582684813884716 1.031521127465544 144 166 67
3.1378203374439315 -1.4199365142566067 -1.2449494050821492 38 70 4
3.166611850014355 -0.9033598653768917 -1.0447724297230414 52 92 17
2.943760473258578 0.8102634757350939 -1.1184028365551761 135 161 60
4.478071677648248 -4.881413649192986 1.2199550663487353 84 113 23
3.22843899714242 -2.135992860158058 -1.4905390927547977 90 126 32
3.212565418491422 -1.542861337709453 -1.566469463521136 57 86 32
4.6439434223730025 -5.457635719501406 0.7723399875080779 69 85 61
4.690475206216587 -5.172528924866736 1.0213154846097756 71 100 58
2.951509807327347 1.1812567080441612 -1.8607524101222717 197 196 186
4.1083867256930535 -3.1167159013752475 -0.09138627132084565 117 133 99
4.113843377802886 -3.183598506760844 -0.17231706179948342 125 140 104
4.718860076637252 -5.304101136335217 0.8584338751510117 90 110 82
4.5117450121986336 -4.7197258305562455 0.3150344836285672 128 151 85
4.5117450121986336 -4.7197258305562455 0.3150344836285672 128 151 85
4.667339274703501 -5.160544942219037 0.5369003419415251 74 105 51
4.7096087706294725 -5.036324078904808 0.5422890224377958 50 76 36
4.730281514640002 -4.9996837556069265 0.627893041972725 50 76 36
4.497969117633656 -4.315494329043838 0.0581586907683586 65 95 18
4.745273171456236 -4.960873039009455 0.3575363124411374 69 91 53
4.500336212219812 -4.999384274954658 -0.9565450758479092 146 146 141
4.655155446215755 -3.9982686436592636 0.02500532165241328 211 211 209
4.5123040500049845 -5.037627450122728 -1.2185844254465892 150 150 145
4.519553755353219 -5.023766068293144 -1.186026162175002 150 150 145
5.00688603751991 -5.511308924519039 0.22380463554037988 225 225 225
5.1061929384466325 -5.406229378905816 0.6273852551445747 189 189 189
4.401818294349063 -4.847575695556998 -1.71962295488379 181 181 181
5.068160340261087 -5.396356538085464 0.4745227148732469 225 225 225
5.0445640124141535 -5.381761528170652 0.34250789401517645 229 229 229
5.155707346033133 -5.396205557419593 0.5034343673101164 236 236 236
5.1982581402819825 -5.430589487732811 0.6169586211662871 174 174 174
5.230884408152856 -5.453508600854865 0.7026648208904525 237 237 237
5.216324681117997 -5.442936308785339 0.6107673295247636 235 235 235
5.097161497376899 -5.330354067966032 0.17562068075379192 225 225 225
5.202914312384892 -5.361477428802043 0.47024069602578283 237 237 237
5.256629736719518 -5.346023473317896 0.3637409147138653 187 187 187
5.316153842000902 -5.373072092064687 0.4876401700791923 168 168 168
5.004826059166829 -4.98323661558911 -0.8200909472718899 228 228 225
5.315645819205542 -5.347596533531093 0.2487649347127386 181 181 181
5.665970107012666 -5.592813323392284 1.1748009655367502 186 186 186
5.6612679381446664 -5.259574564441119 -0.052088988226986446 233 233 233
5.662800165144068 -5.2117835244839705 -0.12495314363632308 236 236 236
5.630843483175493 -5.174289750068996 -0.27869637011096 236 236 236
5.802533837758382 -5.378867788339894 0.38492758490816936 236 236 236
5.875214764349087 -5.451410452155639 0.6682382254725275 237 237 237
5.931742926884575 -5.510026448597266 0.8789655447602481 173 171 170
5.8046730575014385 -5.344959758703143 0.33233100198443344 225 225 225
5.894034479151075 -5.424449991579516 0.6626224542425957 167 167 167
5.709878670003845 -5.231304194701982 -0.11987841686078116 169 169 167
5.944296663653962 -5.487039811536527 0.8204739958035818 224 222 220
5.6170438322557565 -5.107361370253764 -0.5484841882673568 171 171 171
5.780109082124183 -5.290185954203764 0.1251819948214769 172 172 172
5.79135527898922 -5.255237286625293 0.07946105164916005 234 234 234
5.929583372033937 -5.447379074806574 0.6289192418935049 167 165 166
5.97159980060846 -5.47102215610831 0.8177060167084373 170 165 160
5.926593358564971 -5.417409543376058 0.5850219453897709 165 165 165
5.899784655729407 -5.355757672497783 0.4068368811660931 235 235 235
-1.996751999021502 -5.226509090639069 2.413206099339362 61 85 57
-2.8460853754407704 -5.500286168986013 1.5912513748257633 73 106 42
-6.242476159807756 -5.501292493096549 -1.484406592689491 193 193 193
-6.205148071161066 -5.173060051611704 -1.6103421944116925 183 183 183
-6.205148071161066 -5.173060051611704 -1.6103421944116925 183 183 183
-2.63549721810049 -3.7481979129927696 1.888174030494784 236 236 235
-3.8293730419062415 -4.166918726957407 0.7173262990218129 236 236 235
-2.69397109577894 -5.368327926875827 1.5250733527068316 75 117 62
-4.303839125910099 -4.5539951191124475 0.15811550814015327 230 232 231
-3.8984947109060624 -4.739998162476715 0.3945839510385424 135 150 105
-3.4392383979550627 -4.480743441948492 0.8201913378881797 100 121 58
0.22949682813979047 -6.4232134162944865 3.929299309669657 199 199 199
-2.8938243352714066 -4.656570465544113 0.8601659537436742 132 161 82
-2.9746909223427496 -4.841581814198199 0.7196840984633301 143 170 93
-2.796765563902862 -3.4028024022843173 1.116048776313154 128 148 75
-3.356193548333394 -5.37404515021458 0.22240181590463332 78 110 32
-2.7175726234844175 -4.884675970599414 0.9096237301767174 147 169 94
-2.80885088970107 -5.193402642653916 0.7297189647678483 78 110 39
-3.061443402390034 -3.586697501252867 0.7371164370457923 146 166 110
-2.5406511142707675 -5.282310840187709 0.9537225631730172 147 173 120
-2.6805715666981516 -5.0403299206731615 0.853465358250669 117 145 53
-2.6738470330377155 -4.718655036281619 0.8849419880420144 62 91 40
0.5217672373804912 -6.39631871206004 3.7475981797216416 189 189 189
-2.736827244985135 -5.430444945149844 0.6572323217951422 135 154 112
-2.5918804808732556 -4.131029154309139 0.958838658622176 109 142 80
-2.8171429530989425 -3.4329928603251023 0.790931800087146 193 209 185
-2.467158508161307 -3.3951037184698336 1.1257401627357002 75 112 41
-2.567530484174086 -4.2715686187819175 0.8635363600967354 104 136 77
-2.4558350190293763 -5.218235549188288 0.7814666730429487 132 155 116
-2.4558350190293763 -5.218235549188288 0.7814666730429487 132 155 116
-2.5187709715321844 -3.3799094586328673 0.9773444190916034 105 140 73
-2.6565262437182695 -3.580813693183125 0.7861139493140342 56 97 18
-2.5944249993524227 -3.725454195029506 0.821634443113254 167 190 113
-2.8625176985967995 -3.234245769956451 0.6215353947986748 198 214 171
-2.239665605622242 -5.185688019949409 0.8462519693201107 64 92 50
-2.233830987844319 -5.225947764150216 0.8390276989845169 127 147 107
-2.1198592773270715 -4.389530034283281 1.0923391285623767 203 226 193
1.2515626347104658 -6.442350771200812 4.17765875533769 169 169 169
1.2515626347104658 -6.442350771200812 4.17765875533769 169 169 169
-1.5866136859889584 -5.267120815543127 1.4260767412830986 81 117 64
-2.411918994463588 -3.3949188312588507 0.8899082089435085 228 239 208
-2.249837554647245 -3.720179286260635 0.9925997650622099 145 176 100
-2.462069388593387 -3.401151276066171 0.7808085779243453 131 153 76
-1.3141402751149895 -5.075080054659039 1.6727103161844028 62 101 43
-2.5303962523645125 -3.0319487258682156 0.7115235910781341 153 170 109
-2.2270955722242936 -4.84702730178771 0.6807008941667549 143 166 80
-2.2270955722242936 -4.84702730178771 0.6807008941667549 143 166 80
-2.3426148890106937 -4.0100129519347005 0.6109796694202528 153 179 92
-1.9185148366757563 -4.651766379526 0.9355090965537228 149 176 120
-2.031221954262328 -3.9540019448901256 0.9005609425892295 168 192 101
1.2111620111520682 -6.426101559762109 3.8898365577370577 194 194 194
-2.237654368327407 -3.111026291609894 0.8271887334147242 197 219 136
1.084749199735464 -6.367824075043195 3.7636334164612784 181 181 181
-2.1650302898553777 -4.829823246345013 0.5843006083408293 136 157 104
-1.8500783618422005 -4.895154000122021 0.8798600170480161 222 238 176
1.0962873642922677 -6.3264508126217835 3.7421725407332684 165 165 165
-1.221160814434988 -5.2600927789004635 1.4581549799201396 104 141 47
-1.1602238212707419 -5.340600721341224 1.4900445025442666 79 118 46
-2.177127018595674 -3.5268417257093487 0.710694117100596 186 209 121
-2.4546761453880275 -3.0867547165153897 0.48924833505286813 147 169 88
0.9310068711132269 -6.4263641720353055 3.500400219329535 178 178 178
0.9310068711132269 -6.4263641720353055 3.500400219329535 178 178 178
-1.8087982273578418 -4.944671888737321 0.8248060352216064 229 247 197
-1.9412651574570452 -3.5235948012304386 0.8458849679036817 175 198 105
-1.756607950429762 -5.008664804248741 0.7709225046481044 181 202 136
-0.9123337834874946 -4.949942234309264 1.6613036413412077 65 97 61
-1.052800079639942 -5.029174705019828 1.452783885294847 148 182 137
-2.0894423930067436 -3.258267820962548 0.6237453846098985 64 108 27
-1.0399298428349266 -5.005951828010608 1.401407678012614 59 99 52
-0.6442606693760594 -6.0663025727739015 1.6096789339254456 175 175 177
-0.6442606693760594 -6.0663025727739015 1.6096789339254456 175 175 177
-1.8987776329020207 -3.253906698111024 0.751287445439024 65 107 32
-1.6728002377809303 -4.871697387836121 0.6975518143804896 56 97 32
-1.6728002377809303 -4.871697387836121 0.6975518143804896 56 97 32
-0.7767943827301248 -5.043540339408307 1.6171725412119282 91 126 73
-1.0684857238849135 -5.157565454896772 1.2712216973565686 45 84 32
-1.732435331581044 -5.05362729701475 0.5291662793558154 132 159 100
-1.2283071048646943 -4.936859479397756 1.099400590541246 196 219 186
0.9175684311209821 -6.166957602029074 3.2240108585118845 234 234 234
2.2206597470741394 -6.435197060057987 4.615756742095747 185 185 185
-1.4209974883487868 -4.939981569195831 0.8118892076645284 152 172 127
0.9109088029402653 -6.180349436718044 3.117899344633899 235 235 237
-0.7382284116255082 -5.144488786729567 1.4008646240594127 181 212 168
-0.5883815577887366 -5.112418137042437 1.5525363465815745 71 108 47
2.3239397393932326 -6.4263062428020366 4.590151021545376 196 196 196
-2.5041536176751165 -2.85173294573672 -0.20226580521692963 70 104 22
-0.3949931186310586 -5.3790177627923415 1.6494552487765457 162 165 164
2.3559953120090777 -6.45999497396428 4.525101684039153 197 196 196
-2.069487342919732 0.8784762376054819 0.8329304630379031 226 222 207
-1.8814658779234024 -2.9015372871413043 0.24787726554650066 95 138 46
-1.1269926172657856 -4.77530305713182 0.7313495359843182 144 164 88
-1.1269926172657856 -4.77530305713182 0.7313495359843182 144 164 88
0.513851387643062 -5.932489560015553 2.375714669266093 237 237 239
-2.0578122067647664 -2.8397375235188154 -0.008984981588951686 60 99 4
-1.4628682555295633 -3.477737393595332 0.553801060905968 141 169 84
2.3740211391026773 -6.50573699217215 4.405912752263174 192 192 192
-2.836159648517553 -2.429257291582991 -0.8618877391611126 53 72 38
0.38058251132102905 -6.050294227051665 2.1412754884195064 167 167 170
0.38058251132102905 -6.050294227051665 2.1412754884195064 167 167 170
-1.0422971434248978 -4.338140628164403 0.7482349988218235 108 141 40
-1.8763472643398005 0.6348547530012183 0.7377009488470849 206 179 165
-0.41351709940565023 -5.118995392413575 1.2930130726667455 66 100 60
-0.038311230891639424 -5.599595599119626 1.6347679242235702 225 228 227
2.478736110521633 -6.454131821927691 4.42986922754382 188 188 188
-0.21510140482375537 -5.10353095350268 1.5158381267771328 40 76 28
-2.3020304309287067 -0.7586644562028538 -0.09513398803822419 78 87 48
-0.4252393021020432 -5.067011799730206 1.2028811658657763 105 140 73
-1.613610064553267 -0.1710643559595078 0.7315736788331778 212 194 182
-0.40805191118039746 -4.926420162413771 1.2091588554504098 124 144 101
-1.0719786299311473 -4.180741290838025 0.5296407308344742 141 162 108
-1.761115131251593 -2.982824084378596 -0.08454404765812978 122 151 99
-0.21678831893849732 -5.100133843849158 1.3421798913439562 45 83 28
0.01596004766143232 0.11215869472557564 2.6587147436571663 194 169 153
-1.2194279999949076 -3.5202123843852036 0.44505253101440284 156 176 104
-0.21090072963211082 -4.804273054303193 1.3759911210517861 142 160 121
0.28476547035186967 -5.867471620613161 1.7409734473282543 177 177 179
-0.7300514576707435 -4.58767371429168 0.7700947416806747 67 94 36
-0.8057779889291945 -4.2814038136320605 0.7363656165559803 117 144 57
-2.5185887020043958 -1.517649627024695 -0.7783387571797906 43 71 19
-1.0979672983116109 -3.777589897009878 0.4679796728620036 140 162 91
0.6897675106867978 -5.925488497576053 2.184715882337364 198 198 200
0.18097802787154743 -5.79172704972735 1.5735377979368133 233 233 236
-0.3351301848490336 -5.2321615118465274 1.0596885903511348 61 98 42
-1.6440140949954924 0.775328771691114 0.6807658124742753 201 194 173
-1.6440140949954924 0.775328771691114 0.6807658124742753 201 194 173
-2.3439492314000043 -1.2390671691329957 -0.5794202923889227 116 137 67
-0.7024093309716828 -4.217821091312909 0.8078052267964909 188 202 160
0.21170246876480506 -5.860054937220854 1.5772899984786521 162 162 162
-1.609696291153451 0.8698436855812017 0.7209943752174471 133 64 48
1.145526230188632 -6.0040145569865855 2.6656703824429036 205 205 208
0.777246546827786 -5.943404003396727 2.221957027832912 174 174 176
-0.36213382130507116 -4.948211194404709 1.0135761431392574 130 152 86
-1.535503902095482 -2.8161928937651326 -0.02250899426076795 161 186 72
-1.2541544884924098 0.11201806011729 0.9061154602210316 128 86 76
-1.2541544884924098 0.11201806011729 0.9061154602210316 128 86 76
-1.3229750531672289 0.07325321706451417 0.8098113623128471 209 196 177
0.27497841590850575 -4.377206449026009 1.849218518000208 147 173 65
1.1887674096671934 -6.001453142429841 2.627639681249496 189 189 191
-0.09261362337789414 -4.767064518573887 1.2950242154959823 111 139 64
-0.04208295707065238 -4.703706700419519 1.3471667004672743 199 220 160
-0.537715791588426 -4.027826126745351 0.8615870582029695 146 165 99
-0.8544852589017414 -3.743892488680575 0.4645282264384451 124 150 64
-0.5325097662152958 -4.188359614230581 0.7698533129980836 122 148 73
-0.5035146522290214 -3.5180902148384883 0.9392525166645104 183 202 128
0.9447431628158911 -5.911006378010543 2.236567919588328 197 197 199
-0.8744213712696781 -4.320509097231866 0.2838379181802229 136 156 78
-0.5524174508949289 -4.18712692943387 0.6626216101642124 217 235 179
-0.004055393727594831 -4.689889091202235 1.2148443072999464 110 142 38
-0.004055393727594831 -4.689889091202235 1.2148443072999464 110 142 38
0.16710553953687254 -5.003359803322609 1.3262515027079906 122 154 111
-0.009395655818238717 -4.671175821234793 1.1659782989164573 198 220 141
-0.009395655818238717 -4.671175821234793 1.1659782989164573 198 220 141
-0.11152549955479191 -5.559738511288751 0.7841706295141068 70 93 55
0.20490557457968062 -5.021099826043967 1.2450250067849993 48 84 39
0.20490557457968062 -5.021099826043967 1.2450250067849993 48 84 39
1.436353557120296 -5.92369713267622 2.617062744040574 173 173 175
-2.165491236893061 -1.3471474149915212 -1.0189816405677596 115 143 80
0.30174088632591123 -5.720887541412254 1.1667517454637644 229 230 231
0.10253732985540237 -5.269672230455294 0.9590236937892411 120 146 112
-1.2939701587792476 -0.04744898335965146 0.25382919488101136 69 98 45
-1.3158969420849862 -0.1537651700074059 0.1994083817879398 205 210 173
0.0411085751817747 -5.4225100622694296 0.8132028404546062 113 141 106
-1.9373899018038245 1.1031587814304373 -0.37360452624428797 222 219 216
-0.012553734405315549 -5.27248667710896 0.7350002090111922 65 94 49
-0.31318873611672116 -4.583874089884225 0.4933498129524559 58 92 33
0.43539218230586135 -5.594613108753315 1.191130852753739 199 201 202
-2.222508294373536 -1.6167377906961697 -1.4050861552272889 45 76 10
1.479376286666271 -5.971074327172123 2.448124430222522 180 180 182
0.07470687458659013 -4.501674172479307 0.9207345774036481 122 146 61
-2.352910609990536 0.09470287142709262 -1.2435049312291877 150 165 120
-0.02337193288459832 -5.361330831061691 0.6022281608110085 119 146 111
-0.33141058021052855 -3.5576978405231907 0.566584249384319 231 247 205
-0.5038673365632044 -3.5646854369330043 0.32246811952665344 176 200 104
-2.0989931180866357 0.2433300177879931 -0.9405957617391716 85 106 60
-2.1679707506014165 0.06645165681255315 -1.075611152475561 79 101 41
-2.220081247660813 0.4935079049372843 -1.0563770530190588 121 130 99
-1.4973745579540083 -0.5332708625781718 -0.3401478114595632 185 180 142
-1.4973745579540083 -0.5332708625781718 -0.3401478114595632 185 180 142
-1.4973745579540083 -0.5332708625781718 -0.3401478114595632 185 180 142
-1.9997127749859398 0.5928551946237037 -0.7660490379366834 219 220 209
-0.27040588662443876 -3.6148205337397865 0.5711058285820771 75 120 22
-2.3888141665235127 0.5198868943842251 -1.310327081097676 145 159 106
-1.9051365958115 -1.488040297840875 -1.1105384611405402 112 139 84
-0.8143383782504222 -3.744400047466761 -0.2350475079589397 209 227 187
0.038337431500968244 -4.105106737496175 0.7852835856114269 144 170 57
-2.0884665295704123 0.6701552468012636 -0.9984187868210838 238 247 213
0.23645602972661373 -4.390179467136303 0.9387189955924222 196 220 143
-0.6079208491723118 -3.352088958009503 0.0365380751648153 69 106 48
-2.451576374321216 0.856992973463216 -1.5896703394245202 95 123 53
-2.2286281212405807 1.262192396247139 -1.249363846447032 111 126 63
-0.4933801112720306 -3.306926436898909 0.039570845133965374 75 113 60
-1.8202754686651244 -0.8470422589591662 -1.2038962852117858 45 72 20
0.3886670366397539 -4.181829887432752 1.013783019715319 124 150 58
-1.4632614629812464 -0.182328647891933 -0.6112360452711941 80 112 35
-1.5069171094596352 -0.557517275754054 -0.7508733669078754 65 93 5
-1.1939343185013862 1.0660279360533746 0.02994053754433092 73 97 28
-1.884879398497467 1.138685663292764 -0.8894800083042891 73 97 28
-0.4611732096039399 -3.233450398736103 0.03837476500426129 242 254 225
-0.4611732096039399 -3.233450398736103 0.03837476500426129 242 254 225
-1.8405573675592892 1.0986436595500195 -0.8914716234551819 153 174 95
-1.58350214028428 -0.09809713672004915 -0.8401534691171452 78 109 39
0.441141527533132 -4.996588168264193 0.8034040008263325 53 73 38
-2.23684843586349 1.5232894038363927 -1.372564189332463 140 156 83
-0.08136727698438781 -3.6076086383259405 0.2947750360330637 61 96 18
-0.2908323911493213 -3.2320623605524035 0.08231696522591038 75 110 47
0.36540739192234883 -4.100049383561027 0.7844920494401735 120 152 38
-1.061989124949889 -2.123773771558762 -0.7272425490590183 61 76 28
-0.07231738097036695 -3.1042940810709996 0.40561849271906725 234 249 227
0.5783939002632655 -5.372228337636692 0.7572397379747974 77 91 79
-1.8427226175429128 1.014146284539326 -1.12677825144045 50 76 8
0.4851702019561987 -4.767615023733607 0.7289948589280755 56 84 12
-1.4739999457307427 0.7370092390739758 -0.7260137277497736 53 75 13
0.5645746026309386 -4.380418556023688 0.9207772485913114 197 219 193
-1.3333625149844475 1.358026099460046 -0.41686199608151403 72 101 26
-1.8481714215076073 1.3562200261693882 -1.1669748057117704 133 158 99
-0.9224655824147033 -1.8252695950818678 -0.6206930989931959 81 101 24
-0.0033070147466473677 -3.545482779525504 0.13603796538076754 132 157 90
0.6548236595284161 -3.0235934276526173 1.1686749703111459 191 212 177
-1.4187008941559034 1.7758585934811169 -0.6566832780331495 130 150 97
0.11870172982216563 -3.258685962448171 0.30614631272069087 66 112 34
0.7477655024569777 -4.646435907070733 0.8640317302122817 79 116 39
0.7477655024569777 -4.646435907070733 0.8640317302122817 79 116 39
0.31693506861381165 -3.14701866879493 0.6002441326105322 215 242 187
0.6338682965744404 -4.14273554379752 0.7722543230774513 63 99 43
0.6338682965744404 -4.14273554379752 0.7722543230774513 63 99 43
-1.2074847512512135 0.9180375069027589 -0.6622218834586887 61 96 36
0.7377080132476275 -4.862122942180905 0.7289309539424077 84 110 35
-1.0921122672878636 0.9029488754624214 -0.5500549376303788 53 86 34
-0.03516229041570992 -3.0684255995106757 0.011739348849514426 233 252 209
-1.2150387004987846 0.6452522092610541 -0.8028067149457438 46 76 32
0.5975922122082111 -3.439940147187284 0.7732284552275535 125 156 41
0.5975922122082111 -3.439940147187284 0.7732284552275535 125 156 41
-1.231181730105977 0.9403205169522038 -0.8150101352908129 49 77 40
3.1856233761721713 -6.1929069001161965 3.8114526223860565 186 186 186
-0.7861063469197118 -1.7330459762537536 -0.8364337804410514 74 102 12
1.9634033111922218 -5.95730640423711 2.0829416916269397 200 200 200
1.9634033111922218 -5.95730640423711 2.0829416916269397 200 200 200
-1.1105689000245975 -1.5208614288386078 -1.29749298265487 97 117 70
1.3799714742060654 -5.37561002302713 1.3332495510905942 78 94 78
0.8865245762421353 -4.961248971693245 0.6807208334495259 84 120 56
0.8865245762421353 -4.961248971693245 0.6807208334495259 84 120 56
-1.8132039918592513 1.794501191754409 -1.6845332838132607 67 97 50
0.3120291221378483 -3.0917968600818306 0.19725851246707074 124 159 106
-0.7437909591946447 0.2596255345288845 -0.583959036199528 72 100 60
3.2390796615260737 -6.214385498090219 3.6785960639089343 191 191 191
-1.2872860609279293 2.445246696472939 -0.8987568399870276 71 93 59
-0.6799292780743333 -0.20155961315038523 -0.6439643133403633 114 134 94
-0.4132216892447102 -1.916563717032841 -0.6703381126933308 153 136 121
-0.5145193311745763 -0.2017253362623991 -0.40603459144765686 108 130 90
-0.5145193311745763 -0.2017253362623991 -0.40603459144765686 108 130 90
-0.4767603583695434 -0.2789182338299415 -0.3790584489747517 34 66 14
0.6816686635403014 -3.1809189338433645 0.6264481485069096 124 157 51
-0.5827447075417541 -1.8220717140522256 -0.9425467577095692 159 143 121
0.6928734176869125 -3.242676684126663 0.5725003879336591 96 133 65
-1.1368506874436903 5.030518517321887 -0.1368861026315015 226 224 221
0.8774773706747924 -3.589331621132105 0.7413222802903882 108 151 42
0.8774773706747924 -3.589331621132105 0.7413222802903882 108 151 42
0.7307666059246808 -3.3360993481113326 0.5662562227750286 66 108 42
0.40363649311172317 -2.381328682025446 0.2749749040848539 160 162 119
-0.5319996629984788 -2.117380231515846 -1.0641336440753852 236 234 220
-0.5319996629984788 -2.117380231515846 -1.0641336440753852 236 234 220
-0.3029598017962374 -2.6968408424287857 -0.8826544606522225 32 51 20
-0.8530591343767526 4.9905188070173745 0.16815924724651454 38 34 33
0.6564735465486139 -3.273389998015657 0.3847801925093867 63 102 46
-0.8585637997020513 4.7523246979759675 0.06290433974934252 222 220 220
-0.944145924498979 4.663337408493656 -0.10333395074622298 226 223 222
0.7772911693862835 -3.3389205857416964 0.509014818256736 93 136 38
-0.5284189397331606 4.922045917421106 0.5688470724812427 89 87 86
3.23784189602355 -6.181530335802966 3.488127115981768 232 232 232
0.7920310671983376 -3.283094120590791 0.5021186335179921 101 141 45
-0.2237081757842403 -2.9233600033963225 -0.9480874546924564 48 67 35
-0.5527285737748239 4.97877905769808 0.5033832504403658 121 119 118
-0.7967759485634422 4.665450968409578 0.044351258234682354 28 25 24
3.1953781405213624 -6.218754630249516 3.3724365509681755 169 169 169
3.2485401761686346 -6.196022927915699 3.4331594562114263 208 208 208
-1.006890783203984 1.7290524620129952 -1.0359256041698963 205 203 169
-0.10085157266790983 -1.7957636709078215 -0.5475702173666912 216 205 178
-0.5490245799847439 5.031471309887156 0.4586721642834958 126 124 123
-0.35951424339032584 -1.74623701352544 -0.9443587254581889 106 121 29
-0.6949623969318798 1.8275497401373775 -0.5852688750600293 195 196 146
-0.4281688318461666 1.0966759642447084 -0.3769040085112428 124 132 50
-0.5561142893895477 5.234044190119029 0.45983160633962006 106 101 95
-0.8089767938073593 4.10608986713596 -0.2778356770299775 224 222 217
0.9817658993314551 3.50614298173628 2.3060095951009507 160 152 131
-0.7401545614438206 4.337004030930006 -0.1161474614440083 160 152 131
1.7335974299931782 -4.333688353456631 1.480533370262892 52 87 15
-0.5350524380895831 0.7537661317467605 -0.7258609355534105 138 144 81
1.8549334457298348 -5.090348212986813 1.4595085033261517 52 83 40
1.5704232444045707 -4.45215065849192 1.1847303705880863 52 87 15
-0.5570662923748809 5.415715138607508 0.3929887421678794 28 22 23
-0.3862539102279279 4.86816440412395 0.49762949172173276 32 27 23
-0.39293999560908305 5.25149828043941 0.5823326645769211 154 149 145
2.0393980194598296 -5.283856993382224 1.6572740847063203 56 88 38
-0.5398347432604236 0.6815134877170294 -0.8048677958503199 137 148 74
-0.21407513981618792 -0.6813218506821843 -0.6967057291001552 35 64 12
-0.5290062051864745 3.9328697205558254 -0.05167648185289077 154 145 122
3.3887664010040566 -6.119239408782484 3.4642225790984655 204 204 204
2.0543823828056524 -5.403354164168314 1.5186521352530242 82 110 78
-0.1895956631993019 4.995309259997412 0.6392494863090481 27 24 23
1.0707679206661473 -3.496037746894368 0.3689775031284812 44 58 29
-0.3590634213540073 4.776231506726926 0.2405291695260719 197 192 178
-0.04840403723980273 4.990429823192095 0.7771909314372542 18 14 5
-0.44570294649311776 0.43266864157023116 -1.054374420393955 68 110 43
0.7829974504507844 -2.58491732071582 0.08269175574378827 66 96 36
-0.09844911553021614 3.9204487679752376 0.33682793946375494 194 190 178
1.692950820702026 -4.928758439056368 0.8775217482767244 113 135 90
-0.35455358112974056 5.605368573753557 0.3572479400219581 56 53 41
0.10289490054051553 5.059962497323766 0.9057350742946352 18 13 16
-0.0966179998916517 4.458472091708574 0.4130943577817035 210 204 196
0.01820757625410781 3.266494824267664 0.2743448960061635 175 146 123
-0.18756077915177463 5.689139413948659 0.5702269254543677 228 225 222
0.011889744904456602 5.322155998527664 0.774603425772405 192 188 179
0.04774054158919772 0.41443778656765934 -0.45027084894859787 90 133 59
-0.26239784590662807 5.714738636185356 0.4298341397813392 225 220 217
-0.05773641257860636 4.165563707907338 0.3310677042339771 145 139 117
-0.23145433884180416 4.556570680190051 0.15702211476069355 221 198 185
0.7978503400506579 5.180085425541241 1.963451043195405 229 226 223
0.011851000381956316 5.20243300057116 0.7101062285555774 173 164 136
-0.24638795370397387 5.720815198121404 0.39841359735062865 84 76 61
0.09196654430153962 3.454386914514783 0.33274107863978664 146 133 94
-0.5244669766821689 6.114565916872419 0.03891470424311282 229 226 223
0.5966567212817745 -2.5722057101447073 -0.49443926137589195 47 75 2
-0.03814513926897217 5.129638250472998 0.5056560001268837 19 15 20
1.6031323656897618 -4.141753394377479 0.7045736262370564 129 149 97
0.030482866307714986 5.434703809316038 0.6878418148812798 153 150 144
0.2158998138037431 4.313581211991067 0.6739470754528986 150 91 38
0.2158998138037431 4.313581211991067 0.6739470754528986 150 91 38
2.071379078271813 -4.862707461117107 1.2573843723973726 125 145 91
0.28514765732380676 4.304361204276188 0.7748664332806484 221 190 83
0.0889212336472435 5.370867929008066 0.715559969041725 126 119 98
0.2233690833122882 4.451829396240374 0.6620008666613443 218 191 61
-0.0317089695591297 5.5733652331941235 0.5455003256085196 101 96 96
0.16932080628509485 4.314627289296151 0.5132531746689789 213 193 188
0.14905594796342697 3.3536170410343047 0.21746142701980706 221 198 182
0.2903582469888003 0.08269998675644566 -0.4222570749662719 64 109 34
0.2903582469888003 0.08269998675644566 -0.4222570749662719 64 109 34
-0.04440914398123815 5.686126533085411 0.5140062033615518 51 49 51
0.26510752129619497 5.055417270473803 0.8500698480668731 29 29 34
0.17596972782605125 5.181117340708663 0.7176588433607547 92 88 88
0.17596972782605125 5.181117340708663 0.7176588433607547 92 88 88
0.20823124148592934 4.996739348248691 0.721102105122091 201 197 172
0.08935159021332033 5.429738885011612 0.6337823990832242 48 41 11
0.1569407951247976 -0.22154652700573887 -0.7804498690164816 127 150 49
0.29398061586465224 3.47946982848095 0.38881870388950873 158 139 90
1.0258918546799363 -2.6064502313365256 -0.056204535366034494 229 237 192
0.9723544149798453 -2.6430535783714677 -0.17396762114085867 225 230 194
-0.12959534740523052 5.818374067469236 0.2626832840719252 163 158 140
-0.12959534740523052 5.818374067469236 0.2626832840719252 163 158 140
-0.509656470109239 6.215038517858887 -0.2725067548559421 229 225 220
0.07671001736557863 3.2895356367797683 -0.09205847165337644 207 140 118
0.4057003700585141 0.15911622939836045 -0.4128354464668026 80 122 42
-0.5169922139576141 6.319459763515375 -0.33977508822816654 61 55 48
0.2947306729109213 5.274617135573519 0.7149878546045044 28 25 22
0.02366158856205299 5.69917011372701 0.37674354363338575 28 24 23
2.1084059243565934 -4.243120109403736 1.1465556860853237 100 134 77
0.4978250461577954 4.301846279843077 0.7750233246934631 72 65 64
0.4978250461577954 4.301846279843077 0.7750233246934631 72 65 64
0.4643168389861466 -0.3875941653593319 -0.5555997292039965 30 59 10
0.9896407283978914 -2.416757617094381 -0.2920971014140008 91 120 37
0.44662610676060427 2.5830854084273835 0.14095875454874351 138 127 93
0.4434120682793803 5.012705343046733 0.7967480449329238 21 18 27
-0.07801424553251383 5.9836303971608515 0.17080890653897637 19 15 9
2.580900131837155 -5.050030983859942 1.6127476679088477 135 163 42
0.42295426349465154 5.374366027805049 0.8254182178291614 41 38 29
0.40589725173481017 3.2222581312148364 0.20838984361758445 246 228 213
2.168952909575478 -3.997420121179435 1.1862499588971396 54 88 29
-0.27201479724317995 6.302753652881086 -0.12137640684174485 38 32 36
-0.06733319922384537 5.965127739344312 0.11916832121234604 160 154 137
0.4994972352994478 0.41148799843879874 -0.4553610405765495 127 150 41
-0.08264162076918284 2.7554703457810374 -0.8035371183543135 122 110 78
0.01919096382776969 5.859380553358343 0.22448207121157002 62 57 45
0.3815240629884283 5.003071810268579 0.5877332908628055 158 156 155
0.38771295925292626 5.247966518465592 0.6635906123546903 87 85 89
0.34399214901290076 4.505821606895436 0.3647485149784936 80 78 81
0.34399214901290076 4.505821606895436 0.3647485149784936 80 78 81
2.306930119342831 -4.841904386800365 1.1166803167420696 40 72 3
0.41899109303467247 5.133542586757044 0.6410720281526217 52 52 52
0.19409724359843705 5.824299755525746 0.43083673518323445 192 189 173
2.357132799059516 -4.245317591283537 1.3305363502894547 106 140 76
0.3250348286971188 3.796902365394758 0.09194615896855729 235 235 235
0.4310411023311792 5.434218350176887 0.7204567135164118 181 175 147
0.4264282688851864 3.9755331526055047 0.2976629648735972 45 37 24
0.08290420434913728 4.754183392870605 -0.08845998461085496 243 243 243
0.5667025605659612 -0.3541802904283498 -0.6844358426714168 113 147 35
0.5779667096210946 3.7204501810402886 0.4497622863051917 245 242 239
0.6613207227772514 -1.7488607063985009 -0.9458870083104406 121 150 82
2.7701809039088903 -5.229696040112094 1.6978320127212352 81 112 75
2.7701809039088903 -5.229696040112094 1.6978320127212352 81 112 75
2.767430730052863 -5.263783974786646 1.6763998770111699 174 206 165
2.353585808231602 -3.950916153168475 1.3218493328227348 140 167 46
0.3618717657726692 4.55692748795208 0.27153761673200283 154 156 160
0.1476741156014488 5.989849158046679 0.2843926013689688 14 13 3
-0.02939265508269981 6.374603996834282 0.08240181515031868 230 227 222
0.570272045227313 5.2473556460693995 0.785916818893989 39 37 40
0.46756170362345684 5.023920524833413 0.5438580602482991 77 77 77
0.5913265969581682 5.209200594961018 0.8080024098819641 171 166 157
0.2213658761437509 5.840343710662134 0.3436025038182853 142 138 134
2.9226709294735507 -5.163581553019177 1.919972640285946 47 86 34
0.4568392977027705 5.39811258251754 0.6075600939312252 27 22 15
0.4545361862767696 -0.13742589031228533 -0.9503322143069921 51 86 19
0.2269036405730992 5.806328586361578 0.2937103959150274 109 105 106
2.8550413868396523 -5.184049561751391 1.7509634472561706 71 111 46
0.5774277048626607 4.9405840366837905 0.6424785821538458 23 21 22
0.4762131668069284 5.0689854358707915 0.49955860782719497 63 63 63
0.5783048902611555 5.1405047958335475 0.6960996127627498 188 179 152
-0.21297132181764644 6.602558292670514 -0.273596453991428 227 223 216
2.4472031975982396 -4.35654704164139 1.2511481948428929 50 84 25
0.604699247439494 3.7581183995633896 0.319566494376418 232 230 228
0.47298420644866124 3.9001082096045776 0.08551911898887284 170 161 140
0.6155002063310673 5.208475976959183 0.677258089565519 43 37 32
1.493960660679751 -2.8394128747859444 -0.06849749904431564 232 231 217
-0.1937408768817394 6.620298553908491 -0.3407139557834893 75 70 64
-0.1937408768817394 6.620298553908491 -0.3407139557834893 75 70 64
0.03270575019994663 6.23671210120561 -0.06081711435724556 125 124 123
0.03270575019994663 6.23671210120561 -0.06081711435724556 125 124 123
0.5180087253568812 4.131986461250183 0.1736990829099881 248 246 237
0.8324497478704874 -1.6196166753051136 -0.9065119469520178 26 53 7
0.6272236035790534 3.7105140051354804 0.24286408007529053 240 235 226
0.5117438001966524 4.20645924455101 0.1650851289904201 247 243 236
2.9675982765776645 -5.264467089543633 1.7726346846114613 42 74 33
0.6291144423466828 0.36714001655387346 -0.7371971089169667 104 127 42
0.5709248901195179 4.835895594430082 0.43004058510113197 190 187 179
2.5861963313789844 -4.336163835794394 1.3558038487264525 45 78 19
0.014351316754622694 6.233420820243171 -0.1936080876331753 26 22 27
-0.06769677023043616 6.5229274920559694 -0.2616871430342347 72 69 57
2.996620660036549 -5.256256485564341 1.7727652026221414 102 134 101
-0.04509857599472645 6.54755666480129 -0.21985446902251304 69 64 58
3.077978019469827 -5.260675651059569 1.9058446233835444 42 77 40
0.42707224398086224 5.840244490955271 0.37462522488872574 181 176 148
3.144175539005307 -5.325818946302442 1.9750109129189126 57 89 49
0.19202397159129622 6.181837741330174 0.047031036126695486 22 20 24
0.2818941510256674 5.988139556966636 0.14760535491612944 31 26 18
2.7581248451542884 -4.957293751663186 1.3804725214303548 46 66 12
0.060609646101012056 6.431609767840998 -0.1323890170808761 206 196 168
0.7490547930816971 5.006728346793265 0.6769063526255805 134 126 102
2.985776145650736 -5.457584998806732 1.6326468594618389 45 72 43
0.33695232192553676 5.521844282918156 0.07922848088025804 54 50 45
2.736746661535002 -4.145920077316225 1.5615533804781043 177 198 114
1.3905522143061235 -1.9184220983892062 -0.21510134543122267 240 241 231
3.190089017903859 -5.321779593244122 1.9884833249723433 38 69 33
1.1434802380380968 -1.5215232667474528 -0.5881616492281165 136 165 104
0.7947123856343927 4.968203646331842 0.6432676059117868 109 103 98
0.5960916881309889 5.569732219010007 0.4527673908055035 21 17 17
1.2121304406261522 -2.411038277334273 -0.7654486053642109 133 148 72
0.22295792862371192 4.7503047194457455 -0.47131559756853025 231 228 220
0.7077301912064652 5.612003480241356 0.6318761933176185 140 134 128
3.176085316503915 -5.309065891103118 1.8735802541590847 148 179 143
0.7370487789223097 3.7279674156688594 0.09758320400248917 240 237 224
0.7278324211478615 5.530674324346026 0.5626636889644946 50 46 47
3.2295466686004914 -5.362948461418542 1.901684937199661 213 230 210
0.32899104876939333 6.275881464894359 0.05629122037369991 111 110 102
0.5962041813791312 5.702138361474787 0.36916036510050276 147 143 136
0.36314704628224653 6.056206530549959 0.04761437752832178 39 34 33
3.2284521316356303 -5.415235186415926 1.8758986432102238 83 111 83
0.8511822986238825 4.46670556698854 0.4519519586772723 58 55 55
0.21478964791018285 6.488470368466204 -0.11488275930152458 114 112 112
0.8172608669650735 5.21536931723303 0.599385667402612 161 151 98
0.15437809578650788 6.615050132565434 -0.19957037806440606 55 50 41
3.2209395743189724 -5.295599153652528 1.8616152257505132 56 91 39
1.5111336639726443 -1.8029407644323825 -0.21712743660809553 204 231 175
0.8610502122683331 5.2897874372735885 0.6830896591397323 50 48 51
0.3002544799610842 6.320347054217116 -0.04789799990422542 54 51 46
0.2912921994268419 6.4768065496344 -0.05507638782810737 35 30 28
0.29225287710051395 6.368416330375863 -0.09349707427908077 129 124 122
0.32036680373809795 6.136292510628549 -0.1316591216516257 27 23 24
0.32036680373809795 6.136292510628549 -0.1316591216516257 27 23 24
0.6083377811405868 5.83195685919292 0.29035930087878115 67 60 45
0.028800165933993423 6.8051102621944874 -0.48732757631718676 69 65 54
0.834228475907857 5.282611860827464 0.5269402681630613 30 23 13
0.763243621938006 5.441344413810891 0.4389049023103988 48 38 17
0.9976606426167443 4.4411293837863 0.5644140015032437 246 244 243
2.6679631282022034 -3.6458604655560483 1.2362205148464886 71 101 48
1.122427146072403 -1.437026042537768 -0.9673980038285604 120 155 59
0.4193490771584578 6.242919004187661 -0.001179305974420783 172 165 142
0.9146170178375465 5.103523384361484 0.5727167959938221 26 22 22
0.5008773604573439 6.005507420710445 0.047109631220914584 64 58 54
1.3057601367946157 1.4536152027966287 0.17974526247843323 254 254 250
0.11707154123067345 6.827946854358428 -0.42980216945544863 225 223 218
1.4974350747941094 -1.6130104017380074 -0.419455114059997 89 129 38
1.8863969083399446 -2.361204418166459 0.05488472653371959 204 205 179
2.805051937034443 -3.5385680318983344 1.3900369456634885 32 57 11
2.805051937034443 -3.5385680318983344 1.3900369456634885 32 57 11
0.7825996388404632 5.681630503766189 0.4008405716461845 196 190 146
3.4492541940643244 -5.66688230660593 1.9400648607135562 82 97 75
0.10229257267888865 6.702169973389831 -0.5901218192873011 32 28 24
0.9774931842460347 5.099056565667692 0.5537420204893507 42 32 1
0.4603209669316819 6.257241130395682 -0.06786262002003479 148 140 127
1.6525410887997367 -1.8715419522269063 -0.3056383467146269 92 123 47
0.9102901523152205 5.122735700230188 0.40870768300728055 155 139 95
0.41182963474875983 6.444676033157339 -0.12335343216246152 46 43 43
0.41182963474875983 6.444676033157339 -0.12335343216246152 46 43 43
0.019275928179607202 6.9949832592357994 -0.6898882690258279 229 224 218
1.5410859470577234 -1.5313845649797055 -0.44839284601016144 92 123 83
0.9384729756172095 5.0778127497777925 0.4151359964369143 62 46 11
0.8928817715755968 5.39271151232962 0.4147799896388158 164 156 130
0.8812982185117656 5.452376495295059 0.4032663509622241 61 52 22
1.7337278256802446 -2.100088880870697 -0.2945271150178628 174 189 127
1.2475003959333222 1.0643338069723398 -0.25937820108904636 125 146 52
1.6335538315297211 -1.7840908262713517 -0.3994249439046582 54 89 44
1.6483128705797812 -1.7140157545112085 -0.35483927452432273 56 90 51
0.9264251964556717 5.452792625647673 0.4574753976599191 199 193 170
1.6770604597915808 -1.6041078458506086 -0.29284085069237015 203 231 196
0.5202275096662163 2.7467016812088962 -1.1621935283111882 229 223 199
2.9655793432147104 -3.9646112219036134 1.399740927544028 67 95 46
0.47802620925479195 6.437887814344754 -0.14179463750619564 136 130 115
1.7578296092279866 -2.122366133672417 -0.3394842743640776 88 117 37
0.9634275462337907 4.45415515506018 0.15305202624529135 218 212 196
1.229511356004183 0.7724009682668046 -0.46435451732028077 118 161 56
1.0218206341399914 4.8752647330413375 0.36537191154263643 113 105 88
1.068864568648423 5.054633669363428 0.5002842967347518 179 166 137
0.7533293692179679 5.845968437983502 0.13357275645987918 43 41 36
0.7533293692179679 5.845968437983502 0.13357275645987918 43 41 36
1.2551203694955841 -0.9771247719639764 -1.0194665280924302 103 138 64
0.38800275109827176 6.348313549045658 -0.42973292230743043 26 23 28
1.0329715350585371 5.456210726321377 0.506777347529799 50 50 52
1.0329715350585371 5.456210726321377 0.506777347529799 50 50 52
0.4264522159731149 6.550190518960229 -0.3224203694744807 125 122 113
0.7928948346688276 5.795022613068383 0.14097844759488326 150 146 141
1.0116520338566553 5.218695358227074 0.37389970714129017 56 45 27
1.921428158295339 -2.316764531228555 -0.20857158496678133 221 222 201
1.0806245529336695 4.912438105341923 0.4070849443231285 210 198 146
1.356126518830334 -0.989104671031633 -0.8829893184145978 77 117 21
2.884907550151669 -3.5537614035450886 1.240441313740344 85 125 65
3.12142945832483 -4.103314282737344 1.5198131072113732 143 179 121
1.0757538108909317 1.3710258703853324 -0.7106303678572029 107 136 26
1.8481808122084347 -2.2041837202295436 -0.3472695483823515 103 127 48
1.7239035556251545 -1.6439629215390685 -0.41461962108001055 135 167 60
1.9114845016652862 -2.0421000617363574 -0.18888655135780433 61 100 48
2.2990256296642784 -2.691892763596461 0.3539538289735139 234 232 219
1.0150944181062835 5.413347955666138 0.37454971807718784 79 73 59
0.44856320296359836 6.4914370141840525 -0.37890344924364777 11 6 5
1.3055637964664613 -0.14590565790111362 -0.7873371074577193 115 149 39
0.9977117681405341 4.923557948138452 0.17434749645202982 176 167 145
0.3935563892651472 6.677178569121615 -0.4565467792740946 153 151 145
0.5046802409384976 6.537183065489064 -0.30483735653850547 141 138 132
1.119284756895088 5.505148952675655 0.5503352638385319 91 86 82
1.8144066453822607 -2.2011020046145315 -0.49984119353408574 125 163 82
0.8738319055876591 5.741244125526985 0.12533446152928565 44 39 34
1.0613066044321051 5.10253864337641 0.28178728371687023 35 23 8
0.686884759229779 6.135442539536056 -0.1236952609191468 144 144 139
0.7659277328389921 5.938913905174269 -0.03183849694707246 133 129 119
0.38391927418163513 6.7764645245604616 -0.5423780228888084 45 38 40
0.6103743182822424 6.314036557989161 -0.24658197611198593 120 120 118
0.9660387925562517 5.488346499730412 0.16564189627910286 59 47 8
0.9435461726035159 5.688318244472407 0.1669480336554915 205 195 152
2.37113235513822 -2.674286515398782 0.30289075516572617 60 81 15
3.1514641308127245 -4.064849582743735 1.3762751342274129 48 80 13
3.0876720447307373 -3.9063386867572563 1.3019075720562276 186 208 130
0.8544590889630876 5.9042901162994 0.025205201892737682 138 135 118
2.3018391177956627 -2.555630591452567 0.19069682502380556 225 224 212
1.2079005943086334 5.281163032952188 0.5178206818625521 42 33 10
0.8263647408159428 5.99537480737084 -0.009732400214290672 99 94 102
0.5518492748441507 6.63493904495726 -0.36041397459171526 58 51 45
1.0642897208677826 5.457766310748126 0.2669378865555628 194 184 137
2.279778101870431 -2.690791498051942 0.0742665462758862 77 102 23
3.165465558002315 -3.714547938224084 1.446943355551508 138 169 118
0.8082875651707415 6.187340742949546 -0.05428082643648837 72 68 63
1.1438732374524112 4.82266052058044 0.16752976143132173 31 23 2
2.279971053042907 -2.5656743502397577 0.061354708270330356 210 214 180
0.6447226748834064 6.533533129958659 -0.2756002616694564 42 35 17
1.1334543415400273 5.099231155979956 0.22096316094387725 183 167 114
1.1250354907919728 5.303026055986566 0.2669104120871359 47 45 40
1.9626209740491607 -1.3622326655592452 -0.20574931894609833 150 170 97
3.2628822058042255 -4.137516698437358 1.4628382980864123 42 74 26
0.7968667231182226 3.0751706074368714 -1.1044228458819383 139 132 87
0.7968667231182226 3.0751706074368714 -1.1044228458819383 139 132 87
2.3598845460338578 -2.5995144341635585 0.16642872664351982 130 144 84
1.1782400513614852 2.260227928022434 -0.647735151794556 172 195 102
0.7382908408673594 6.495106658472731 -0.18941091191312495 168 161 139
0.8093180821029108 6.216853866907812 -0.14043896772347467 46 41 35
0.8726447420519822 2.890337553301259 -1.0809961835001156 110 111 68
2.434044008513131 -2.8036838051507997 0.19431370404091372 79 97 42
1.2130299609966801 4.899042543952436 0.21405749749682904 128 120 84
1.2130299609966801 4.899042543952436 0.21405749749682904 128 120 84
1.474443765001067 1.1509102078999751 -0.4643894088968399 25 52 0
1.9567892993079257 -1.7765862175173441 -0.4475978605842494 78 114 40
0.930908307132859 5.873762425434056 -0.0514953399152567 129 122 119
1.4019559129817258 1.627455308596728 -0.4742815744119741 174 196 167
1.1652510454815603 1.6171031912152138 -0.9455753678812673 48 77 38
1.067323854661132 5.617521461041181 0.13107163632251936 22 14 3
0.6143174901330961 6.344138021433228 -0.536096694070612 57 54 46
3.7532674295677584 -5.43486116369522 1.9241952370371 144 171 93
1.0198717310618644 5.768062359518449 0.07717749182733903 59 55 51
0.7574210205561842 6.320103280174855 -0.2712818612447555 61 53 44
0.7574210205561842 6.320103280174855 -0.2712818612447555 61 53 44
1.3583635051788867 1.706378851064833 -0.553104674169955 193 216 179
3.3900485261973587 -4.180723645276425 1.593979632130041 100 126 87
3.3195467348077337 -4.00223367734076 1.5092950353109302 205 222 181
0.7902859640989158 3.153186237583993 -1.2340412611458575 154 149 107
0.2834598740032701 6.97989304874104 -1.022184764801648 112 106 96
1.5204630963876695 1.256692319167178 -0.3974193041611965 24 50 1
1.0417545320721668 5.694025344091622 0.05568144763024358 133 129 111
0.6372495551497993 6.6392690668969765 -0.4741903488045676 49 45 37
1.5454718111641552 1.4172821820917119 -0.3517464238963794 41 71 18
1.693751018377485 1.215533377206028 -0.130213567693448 134 160 55
0.7971364485666859 6.213857767576693 -0.31784718820021934 103 100 98
1.1673775452816775 5.606185960961249 0.22546502349437011 123 119 109
1.2035462748063164 4.951323925538407 0.07795453447839609 104 96 80
3.404651285233025 -3.9966615019459306 1.588000544220445 189 211 151
3.404651285233025 -3.9966615019459306 1.588000544220445 189 211 151
0.7859917001227117 6.285199956950329 -0.35910275633979 17 14 14
0.6045702008889072 6.636786718406896 -0.6193665689634619 76 71 65
2.0429484850506405 -1.5272034234759706 -0.37599692881150987 166 188 77
3.3696674248196143 -4.059979878124475 1.452962735575648 117 144 69
1.0529591810637489 5.772426290654264 -0.038816807790917465 143 137 134
3.418258746217443 -3.9613051605819507 1.5655179788810858 101 125 61
0.8445473283173582 6.275536245879995 -0.3076590948609898 98 97 91
0.517517649196274 6.804441063874662 -0.8017486096397467 89 83 73
3.3933589164653886 -3.958310871594356 1.5006931474712846 171 199 136
0.9041691690936189 6.0354389945490015 -0.2938881519708142 148 144 139
1.0520261085803368 3.0019661024909996 -0.9832172471623655 116 118 72
1.0520261085803368 3.0019661024909996 -0.9832172471623655 116 118 72
2.6202602096710588 -2.9792067842531202 0.2373866454885718 135 143 119
0.8183735318906129 6.382239327450668 -0.37333550090501244 169 161 133
2.280363557483264 -2.4439642424387436 -0.32604450277979125 116 138 106
0.6174817581285968 6.763392305868733 -0.7012885826939447 225 222 214
1.4660635083647997 2.4958868765720204 -0.3838787309653484 73 110 17
1.1961086145406328 4.772872364082904 -0.19086927534007708 180 170 132
1.2758566392810768 5.07740715667263 0.058390178115466436 146 132 75
1.7368769129902764 -0.5190793148630134 -0.8325006023802776 69 98 49
1.7368769129902764 -0.5190793148630134 -0.8325006023802776 69 98 49
1.1428158952248086 5.609579799586413 -0.05172759878824116 170 165 118
1.1428158952248086 5.609579799586413 -0.05172759878824116 170 165 118
2.343205848141128 -2.400098096312497 -0.24522340224865624 241 252 238
0.7276951183717759 6.573404411755972 -0.601038932768322 71 64 55
1.4042550777537481 4.9059267976107295 0.22691196209257944 105 99 87
0.9025101946826591 6.308270741267013 -0.346117399476768 157 145 118
1.9527851903052411 0.2508666056813012 -0.20345697943351512 86 117 16
2.5680479826018976 -2.464886690524549 0.14644876962929765 37 72 20
1.748681908916604 0.1699859949856994 -0.6891704722507525 213 230 178
1.8925948295252935 0.9060211617382413 -0.16063168122081406 152 176 75
1.25712320285496 4.466392978026098 -0.29417287914802687 10 7 10
1.34252650547807 4.774840895866602 -0.022714947397542307 20 16 10
1.268416257121723 4.398823286279401 -0.31589921991481096 83 79 76
3.254128414875426 -3.2075980035289495 1.2468863314956666 174 196 117
0.8150998155607285 6.497212245450169 -0.5978107165803682 65 57 41
0.9940825379571206 6.307858053390706 -0.2938149154128899 164 154 128
4.530059638616481 -6.022643646834602 2.9133038741001602 205 205 205
1.1621460739539091 5.740946314355823 -0.1643261220004582 135 130 126
1.6672459898027616 1.7889629510380933 -0.44266239831029686 140 162 65
1.9568169546446064 0.5293036999928297 -0.2890706761162792 148 174 69
2.3780271173042364 -2.349961010449766 -0.3872007019008674 95 136 69
1.2916272613727657 4.980899376314001 -0.20329220358629227 79 73 48
0.9655483195595957 6.15974077015681 -0.49030337324743634 43 40 38
0.7692359146449677 3.0084328308520103 -1.9580796801766878 70 102 30
1.2223528732691529 5.343116711580078 -0.2555964869881666 100 98 95
1.3717333308014206 5.1595569495733065 -0.05353728125152987 15 10 4
1.3717333308014206 5.1595569495733065 -0.05353728125152987 15 10 4
1.1446314289360286 5.830945521211932 -0.30636131046973475 61 59 49
1.8495922941696625 0.9261567386385173 -0.47751006725551653 66 93 12
1.3009668961691507 4.95033093955403 -0.2828037828123595 27 17 0
1.425615327953994 4.901728796821746 -0.04153520682441688 199 187 134
1.302456492114759 5.250414753032417 -0.18224244628134517 152 149 144
1.072803211279497 5.9044861649188 -0.4446219618590808 56 51 40
1.6747518820863998 1.7336402557427568 -0.5842579826589623 97 126 37
2.248498187384689 -1.3383939646786565 -0.4247045333558573 106 141 26
2.07248716710754 -1.211770110853587 -0.7695949415776043 174 196 119
0.9804627713851569 6.140366328806511 -0.5883836410299202 13 10 8
1.2812774629622163 5.663477489260679 -0.1304208323848419 88 78 42
1.4065946698345422 5.428371345887389 0.03517875914901552 198 190 154
1.3500997804393962 5.517479589676008 -0.07942629136857758 76 68 51
1.3981659184906337 4.824438279453003 -0.22468314383229848 93 92 90
2.2111905152624542 -1.35352212633754 -0.6134187411281642 196 216 150
1.3875589358752232 5.252811672040582 -0.12726248893685693 53 47 37
0.9639747785684761 6.2544259446439625 -0.6908974686590593 200 193 158
1.1662466934980469 5.940381133120292 -0.3723423190586213 168 163 152
1.1662466934980469 5.940381133120292 -0.3723423190586213 168 163 152
2.353425081168472 -2.2052090965083133 -0.6532322047714069 155 179 87
1.3573207810707353 5.504371500192199 -0.15668538697065726 207 194 135
1.334393748605019 5.060777754375906 -0.35291199342387414 82 80 78
1.369327894774906 5.129292510566125 -0.26688585084608096 8 7 14
3.8416993042981713 -4.519133827992573 1.6956490139205764 64 106 38
3.8416993042981713 -4.519133827992573 1.6956490139205764 64 106 38
1.066120690598745 6.354117487866568 -0.5077235830056543 88 78 68
3.4298267885928753 -3.4104591349038955 1.1838664025194052 234 247 227
1.7381167324272535 1.7316529852310787 -0.6578626209028904 68 97 47
1.4410197016560535 4.6635960366699205 -0.2966697028339076 89 86 76
1.364948350905351 5.5290837643295205 -0.1675953602821764 200 190 127
1.8350436303924487 1.5547052350058206 -0.5248196053820312 68 99 49
1.7718642550501618 1.641431869969022 -0.6328201764026037 58 92 45
1.333790623461408 4.85991182651828 -0.47382824546473884 61 51 33
1.9895858931496075 0.7458279733432259 -0.48300304702482555 21 47 4
1.9895858931496075 0.7458279733432259 -0.48300304702482555 21 47 4
2.5652354512417643 -2.5810889894792868 -0.4019823257326838 100 138 82
1.475073374315178 5.154453911912243 -0.09181321406173194 121 114 89
1.9769061769689502 0.9194050578020107 -0.4909830545580554 94 121 74
1.8087882780003417 2.3012492789067704 -0.4230030676517733 74 107 20
2.0514412552309507 0.5571241119054655 -0.5038647714116979 37 62 22
1.349303702243173 5.636072453208484 -0.28669970002103967 118 111 107
0.977040040373949 6.16888546067028 -0.9562348247354736 101 93 82
1.8556734946617641 1.3390340987654943 -0.7239377799748759 55 78 41
2.228263021735574 0.5197117076343598 -0.21283137612528574 16 39 3
3.9091554979937633 -4.5047984079006005 1.678702131407054 101 134 82
1.9598220965473987 1.3415079230709814 -0.5233643232234284 47 70 34
1.7616632211013175 2.451595210733476 -0.5686795474848516 84 114 33
1.4833281863135916 5.235304980051003 -0.2097394923806508 55 53 53
1.6912887112122028 2.113037407239947 -0.849508370942839 100 136 78
0.9122897622101902 6.294539224032476 -1.1000371334055212 229 226 221
2.0597548729190773 0.47296806466638736 -0.6296674945565087 77 105 57
1.9417854851647252 1.5223991969627055 -0.5255145541576808 40 63 26
1.401681390644774 4.586322099027736 -0.6387967976922748 28 23 17
1.0134101306953858 6.138435648563092 -0.948053728295349 65 59 50
2.103884569475319 0.35186776930552677 -0.6004697118659456 59 97 20
1.6858521782506386 2.211605001834783 -0.8652645988658899 67 102 47
1.5624412180206655 2.610276041270186 -1.0063560060575316 78 108 34
3.6341431619235376 -3.3988497113851204 1.3958453513462468 74 100 58
1.4593443919807945 2.8594133551254473 -1.1510063068737102 164 179 109
1.4593443919807945 2.8594133551254473 -1.1510063068737102 164 179 109
1.8846246374933964 1.67820010574659 -0.649727349496556 56 85 44
2.2126518774237516 -0.35962209453882404 -0.6516899996584348 94 125 15
4.459250103859231 -5.874791855543422 2.309539841445461 199 199 199
4.459250103859231 -5.874791855543422 2.309539841445461 199 199 199
1.5170618335777628 5.0392156231500875 -0.28915208637429335 35 27 10
2.201054716614407 0.025121282466155803 -0.5439955438271379 161 185 103
3.827034138458355 -4.71616306962807 1.3272362513605642 52 90 37
3.765297653731972 -3.569253464822883 1.5640598024760515 72 109 56
3.765297653731972 -3.569253464822883 1.5640598024760515 72 109 56
1.2569028178909254 5.9080630510351995 -0.6073894654554747 43 34 22
1.2355797878038015 5.975527054090738 -0.6399313462072741 227 223 219
3.6447136602520507 -3.367626542720531 1.3530095753384392 144 164 123
1.441330658246522 5.032549719419262 -0.5245104101369588 16 14 18
2.054602687016732 1.4461291368758595 -0.44343765404444957 75 106 45
3.6794523068564113 -3.297260706115503 1.4358892576165672 87 116 66
1.6837562251854843 2.325135132307566 -0.9707339455482215 73 107 55
3.825249171073722 -3.793945785341102 1.569576512938082 110 142 32
1.4490171850744704 4.586999555025136 -0.7195577365348362 55 55 53
1.2760902973184878 5.87939394679393 -0.6508619036457127 27 18 15
2.428084025752926 -1.8965786942240708 -0.8577509223490692 137 166 65
3.7063835380179215 -3.5958476897694904 1.3408925028872571 172 197 160
1.4882447015411586 4.604866487714688 -0.6579884062955242 69 64 63
2.004948533389805 1.757015322122138 -0.5281877398992971 95 126 45
3.9569368452871765 -5.250715364819344 1.2967125886044981 116 152 62
2.2214004172576933 0.2530739023908877 -0.5887940867008432 138 164 43
3.8584706375687756 -3.627342445928219 1.6331371104934673 42 76 18
1.5454876467643088 2.5791524391635425 -1.2872419672467523 69 106 47
3.8292360385028257 -3.5816687790778974 1.547991540429147 51 80 51
3.8292360385028257 -3.5816687790778974 1.547991540429147 51 80 51
1.5181593867161607 4.519023622003775 -0.6972733908002893 188 182 165
3.7979033115951637 -3.569446486828415 1.4636501077071895 167 193 158
1.4991482189034797 4.641230265543831 -0.7376846018439938 32 30 28
3.9075060757349007 -5.180777481711772 1.0918500283200152 120 148 85
1.5898802342035763 5.228601713499641 -0.3752477834001321 22 16 20
1.4267479060052028 5.000387244294551 -0.8342404659062144 28 26 18
2.3846429217868352 0.8200276232349586 -0.2294582648547423 110 135 34
1.4925247424342034 4.8932794152747965 -0.7780510710574653 33 31 34
2.655420999141787 -1.8436403807341424 -0.5894353476533646 102 136 29
4.144956167625035 -5.731469591192224 1.3480053807659267 83 97 76
1.3321130111131134 5.834331818678411 -0.8252684620246321 93 82 61
1.5477009268419029 4.738832211510295 -0.7335445731765348 83 80 84
1.5477009268419029 4.738832211510295 -0.7335445731765348 83 80 84
2.3900221989447528 2.906809362548149 0.49415645943978215 218 216 212
1.6549763775865831 5.055602210217692 -0.40084363083895935 74 69 70
3.2414000086999777 -2.8621204574032513 0.31438484105239706 137 164 86
1.5477462247618572 5.4450218215205695 -0.5146222625137555 163 152 110
1.6268660756813245 5.023113913077315 -0.49271417204963225 17 12 14
2.347717970658869 0.6668041261148938 -0.4836873021613907 116 140 44
4.04342778371504 -4.7019690359457185 1.3929872595585069 63 98 29
1.7009363661113641 5.3769239373607105 -0.2953494879887718 55 50 49
1.4091106649322833 3.0042557452107337 -1.8157512254446004 123 133 95
4.006692800112929 -3.6283773721882207 1.6660396498022538 40 76 18
3.8756764667130086 -3.4837600719888266 1.3906897164304528 184 205 154
1.5542519471039968 4.977772954190144 -0.8138468905941523 74 69 60
1.5465496456445513 4.672705327319096 -0.9575549980952185 68 65 61
1.5163450413853845 5.536406083818983 -0.7205100972673437 93 90 99
2.638238993919434 -0.9340409371209275 -0.5312963205962573 126 154 67
4.293768387263788 -4.778807231910662 1.8372853201868247 61 92 16
4.293768387263788 -4.778807231910662 1.8372853201868247 61 92 16
1.638193794766735 4.5773561680702946 -0.817116773907619 43 41 40
1.6384716070096534 5.911806973500782 -0.3414650173203541 230 228 224
3.9718125886707845 -3.4958070706016713 1.553460954283356 150 176 116
1.6759233987513835 4.90414752914603 -0.6480452823166155 101 96 87
1.0454138849914967 5.475643066592216 -1.9036701888711511 19 14 11
2.7257255270446166 -0.2842128164260388 -0.19429514784142274 88 120 19
3.9766602619075977 -3.5373495914546984 1.483100996019976 147 173 111
4.016343082588998 -4.773974300297193 1.1035608003860613 60 94 34
1.6207621654323376 5.413856230512119 -0.6984362591562515 212 203 168
1.3388586580845143 3.1185632306788458 -2.21726057369569 214 211 205
2.6244001957263468 -1.3333209936203414 -0.8935786998514731 206 239 164
2.510221650260062 -0.3225635620303907 -0.7915145914435854 104 134 33
1.6219227097250648 5.034047058381917 -0.8877862935984324 21 17 14
1.4739874182962847 4.927381811891109 -1.2838885833655036 125 117 98
1.3983374831838473 5.777228789995879 -1.1580306723880183 229 227 223
1.614688092881541 5.10839794758262 -0.9174609139025738 35 27 15
2.369732371872193 0.7072071053992693 -0.7908389452733092 75 103 3
2.369732371872193 0.7072071053992693 -0.7908389452733092 75 103 3
2.369732371872193 0.7072071053992693 -0.7908389452733092 75 103 3
4.009027482964708 -3.4360285515615114 1.4728335422933743 139 157 91
1.4919109731250317 5.632127948590584 -1.016079691123092 77 70 60
2.4502260872105834 0.5614504580320808 -0.6696049344830084 80 104 15
2.6391526389051387 -0.8272363469592803 -0.7493727482960392 142 162 83
1.5163596491254507 4.778762754406966 -1.2936491653154667 45 36 24
4.160503978269595 -5.086755039458632 1.1990400802381775 148 174 115
2.4273762408446906 0.6006859137141587 -0.7445678311492914 135 158 67
1.489407675413672 5.330195037811406 -1.1818369960455062 102 96 89
1.5417252541253434 4.86240856341597 -1.2437673467400903 51 44 39
1.6254813222670728 5.394602135818771 -0.8494539240230119 71 65 56
2.4170400677579673 0.5469256114969316 -0.8064154588782726 112 139 46
1.6757654307408814 4.884157955157485 -0.9614419915257887 89 78 70
2.2831492033068517 1.525667103145015 -0.833225677682666 65 102 40
2.903124591888566 -2.0527484155161693 -0.7318563155754202 208 226 177
2.8933621391582447 -2.0416763278492485 -0.7539331223521596 191 213 143
3.8400343650139384 -3.298419655170082 0.9881185248001555 145 169 64
4.392187913247994 -5.340178352425005 1.5142880231759799 86 116 73
3.5350787971675777 -2.768394992930388 0.458093736022693 87 118 33
1.4089277644763427 5.430841858915879 -1.4746293342011993 104 96 86
4.053207278878163 -3.82469395851822 1.268646781920171 63 100 35
4.053207278878163 -3.82469395851822 1.268646781920171 63 100 35
2.1709184215048 1.4446867969142791 -1.1835348827157786 98 127 72
3.57509242207027 -2.9051831979348517 0.4633283106835706 63 113 30
3.57509242207027 -2.9051831979348517 0.4633283106835706 63 113 30
1.3879217687762493 5.102373220149114 -1.6926202150114118 226 221 218
4.121684593799939 -3.688060755673892 1.4489378367925294 87 118 69
4.121684593799939 -3.688060755673892 1.4489378367925294 87 118 69
1.6092102518348528 5.277798998750272 -1.1511466003137454 226 223 212
2.1018162072080453 0.6666664803711813 -1.7169422852340925 217 232 202
2.3367259513102687 1.6243707338720805 -0.8375626424671347 78 107 69
2.2261634219698943 1.6873507630453155 -1.0779254382750534 71 108 60
2.2261634219698943 1.6873507630453155 -1.0779254382750534 71 108 60
4.2519929013884115 -4.70380153556476 1.3079837930601845 160 189 115
2.472088244189817 -0.585499513228154 -1.3761649345692033 48 75 20
2.2643416220598573 1.7670580527358095 -0.9937148895504184 59 99 21
2.4676714247059803 1.4819303522705494 -0.6597626312625551 70 98 61
2.2679502848258193 1.631867409590272 -1.084796847950529 225 244 220
2.2470835597618266 0.6525041607018655 -1.5079363781671982 137 158 84
2.480450323465137 0.621921993628791 -0.9665831483028835 141 164 87
2.8806937122938385 -1.4055496642628467 -0.8044637296901997 154 189 102
2.5712040648987364 0.6554737316583283 -0.7845612412169698 143 163 88
1.5696201824971485 5.348767291963554 -1.416223023806247 226 224 221
2.5636218783833202 0.3938450540594679 -0.955243050965064 58 87 36
2.617092247111174 0.35289632864420484 -0.8454597028239756 125 152 104
2.5731468278307306 0.6936884494784984 -0.8331552845568891 131 154 59
2.5731468278307306 0.6936884494784984 -0.8331552845568891 131 154 59
4.218815136948633 -3.659509795268019 1.4372485966268296 65 92 39
2.5798690140041116 0.8865639797936702 -0.7908079064413215 110 142 22
2.0119527375584614 2.726526585781406 -1.4525180154264847 140 155 90
2.6373562336887275 0.6597465785886304 -0.762622469217808 215 234 183
3.0031993086118574 -2.005016251964031 -0.9414543456391585 99 128 19
3.449987916886287 -2.691716200586053 -0.1471677074186836 110 130 98
4.280021099426393 -3.8189994709102457 1.403982420948241 130 152 78
2.919177920088964 -0.8602145421991625 -0.7717979952491 109 142 16
2.6235244967483746 0.7130097183009448 -0.9112009325008129 115 140 39
2.620274892532651 0.39255845087450053 -1.059804111571465 72 109 40
2.7093097195584694 -0.7163383908644619 -1.281100835792446 56 95 18
2.9370833142388846 -0.8200202645188746 -0.8670852147325895 116 148 76
1.7850588340600202 2.8227329914454637 -2.3012844975006654 198 197 185
4.281312192773977 -3.6190931134373914 1.3177537111385214 145 167 89
4.281312192773977 -3.6190931134373914 1.3177537111385214 145 167 89
2.6869405949636835 0.5775610029444748 -1.0084841184502618 53 85 28
4.298734227390462 -3.6140980069960555 1.2357887851048615 150 170 93
2.7902038191130507 1.2432721565361304 -0.6700667525526959 235 248 196
2.304827894806226 2.3924873668109274 -1.465182219815154 62 104 27
3.1883977520650437 -0.8881485289898077 -0.7097908512178025 77 114 18
3.1147394109261173 -1.4639275733399384 -1.1328196354726814 95 134 53
3.1147394109261173 -1.4639275733399384 -1.1328196354726814 95 134 53
3.3214628943840636 -2.5338527660227115 -1.048386930261906 80 114 35
3.3411416694607743 -2.4633402467216152 -1.0343626519156377 60 98 32
3.3411416694607743 -2.4633402467216152 -1.0343626519156377 60 98 32
2.9446557021950834 -0.258669135626953 -1.1897082090063018 244 254 227
2.897513244810343 -0.22767575629958378 -1.3819974813394271 147 170 88
3.1099175447659366 -0.4124604559748584 -0.9189953398139493 169 198 107
2.941868490336046 0.03741736891334773 -1.2472451610235407 138 158 102
4.4721652850752 -4.263247369085337 0.744062183657203 136 157 87
3.5486809396187176 -2.8576368115508606 -1.172238458833822 85 112 31
2.9046929573332227 0.32012478055933413 -1.7700409245089017 74 106 45
3.2967643152641326 -1.3630328653467643 -1.4963291325316728 63 91 25
3.2967643152641326 -1.3630328653467643 -1.4963291325316728 63 91 25
3.3507801131019277 -1.8470943283075214 -1.5861199504409356 122 146 47
4.75747575534732 -5.1007565375884125 0.8514575936797139 62 88 49
3.6218108667020426 -3.003382978795404 -1.3723974589531578 137 153 88
4.511166057857086 -4.866477869618009 0.2439296395361601 97 117 66
2.9849110348180656 0.7364489076913715 -1.5410883466725829 102 132 61
4.644335571930803 -5.328884055439272 0.24892617029867448 87 98 81
3.064239651483242 -0.0740979459243075 -1.889379932726512 124 148 55
3.248521419068287 -0.5361284605196409 -1.5951645514104649 83 109 72
4.655263977292269 -5.391332101769158 0.17940283192327758 204 204 200
4.386851588030648 -4.232444676108004 -0.26685975377357257 144 156 121
4.6085951698622845 -4.544620781372674 0.08646678850055642 80 98 61
4.3650453074270485 -4.432007840735792 -0.5631047594656016 212 214 208
4.407836600582515 -4.56470810142673 -0.5382212915382208 212 214 205
2.9981047297184724 -0.389398232942629 -2.736395376347072 197 196 186
4.528252463858017 -4.673073750432434 -0.32288696892329505 210 210 207
4.413093259344286 -4.530622946131208 -0.6002451540087347 210 210 208
4.630631769538211 -4.779462121337245 -0.11111168126117907 210 211 206
4.316169807147066 -3.64611453496803 -0.5084529731087772 56 76 39
4.301725840166006 -4.85630324963784 -1.230146145483023 152 152 147
4.165017793855517 -4.8617107699331035 -1.720185455451646 159 159 157
4.987498871026359 -5.368938635722158 0.45867673458591646 231 231 231
4.28116762244868 -4.908866704102641 -1.4966647791558494 211 211 209
4.3158321912199815 -4.975151941665166 -1.4894197309788049 151 151 147
4.758116218424724 -4.809542962047592 -0.10692004822016768 204 204 202
3.2909985968920163 -4.264917921955444 -4.299052764131362 178 178 175
5.063727362068638 -5.389253838744921 0.3579511543511889 233 233 233
4.982456119381777 -5.346480170008611 0.12339627358143376 151 151 151
4.982456119381777 -5.346480170008611 0.12339627358143376 151 151 151
5.136535329209972 -5.430945756871295 0.5110080234008713 194 194 194
5.159102906546578 -5.391616291871257 0.5160903429799972 239 239 239
5.18403566567408 -5.281419141646813 0.37103963685001884 158 158 158
5.202349853382122 -5.364574935629823 0.3491003209383708 166 166 166
4.475815480593429 -5.137342984482268 -1.8650643121944708 213 213 211
4.648090964369312 -4.964029835682597 -1.287422766900691 146 146 144
5.25524501261304 -5.3474194832578785 0.28590213280603044 182 182 182
5.2011102576094 -4.986821476652746 -0.9708830794350568 168 168 168
5.2287624254411345 -4.992867855036898 -0.8857768053111642 170 170 168
5.79668979743517 -5.7048772169501065 0.2738681469436571 236 236 236
5.922525968447534 -5.403317945489883 0.9012862695433688 236 236 236
5.750255872639839 -5.496872376916208 0.14911480983158612 238 238 238
5.954423196441786 -5.487892114374556 0.8838727863580236 235 233 231
5.928939751226665 -5.463213337417689 0.7140783735162066 173 171 170
5.989437312023312 -5.428517280176612 0.9061052046415473 164 161 156
5.784881856058857 -5.35847973261805 0.14309699953271965 165 165 165
5.838708877693982 -5.342481878442664 0.2832267428483363 236 236 236
5.957937743266429 -5.508556173257572 0.6061515782936907 237 236 234
5.930981140403652 -5.399253211790792 0.5468559621524469 238 238 238
5.591666790754221 -5.15924346145128 -0.676648270339121 173 173 173
5.617068497953347 -5.1077082295725305 -0.5489389406617193 173 173 173
5.756550041350673 -5.233422372418233 -0.09775564556563544 236 236 236
5.795263170707428 -5.105530394767072 0.014706444348476736 236 236 236
5.917558045606469 -5.353295053428178 0.2934206862192281 186 186 186
5.655477657499641 -5.146702314144766 -0.6150626796180573 237 237 237
5.764926391286228 -5.279109979504387 -0.30336375749135563 167 167 167
5.764926391286228 -5.279109979504387 -0.30336375749135563 167 167 167
5.870252563671923 -5.267397215754889 -0.404351045771605 178 178 178
5.951873128014629 -5.186960847971047 -0.2631645203538509 203 203 203
5.951873128014629 -5.186960847971047 -0.2631645203538509 203 203 203
